snapshot_date,product_id,query_version,video_id,comment_id,text,like_count,published_at
2026-10-03,P003,v1,Od6M0AXpcxQ,Ugy5fu7RZG-powZu5uV4AaABAg,Apples’ first foldable since the iPhone 6,65477,2026-09-10T07:38:43Z
2026-10-03,P003,v1,Od6M0AXpcxQ,UgwsTX7hC2ZePTj3r4J4AaABAg,I love watching videos of phones i won't buy,72139,2026-09-10T07:32:27Z
2026-10-03,P003,v1,Od6M0AXpcxQ,Ugzt2RNIPjVP6Rf9fdJ4AaABAg,"Marquees next week:

So I have been using the iPhone duo for a month now",36764,2026-09-10T07:41:26Z
2026-10-03,P003,v1,Od6M0AXpcxQ,UgwLjPjp6mAOLu1-49t4AaABAg,"Won't blame whoever buys this, as much of a bad financial idea it may be for most, but the better deal will definitely be the Pro. Personally, I'll get a black, some screen protector (idk which yet) and call it a day",221,2026-09-17T16:39:36Z
2026-10-03,P003,v1,Od6M0AXpcxQ,UgyQavy1FUaQEl_E9KZ4AaABAg,That transition between the two screens is ridiculously satisfying.,21930,2026-09-10T10:11:21Z
2026-10-03,P003,v1,Od6M0AXpcxQ,UgzZ5ADM2aVX0Aef7X14AaABAg,Marques begging to hit the subscribe button is a recession indicator,14724,2026-09-10T08:41:08Z
2026-10-03,P003,v1,Od6M0AXpcxQ,UgzaznFsnB_Nim1YEvF4AaABAg,"Increasing the price of the older models is insane.

Edit: And yes I know why the prices are rising. I miss the times when electronics weren't appreciating assets.",8544,2026-09-10T09:14:47Z
2026-10-03,P003,v1,Od6M0AXpcxQ,Ugzz1ERp5f_n8vxOF354AaABAg,It's such an apple thing to be so excited about an animation,263,2026-09-14T21:26:24Z
2026-10-03,P003,v1,Od6M0AXpcxQ,Ugy7RTyvKwqs3oIRkYB4AaABAg,I legitimately CAN'T wait for the jerryrigeverything teardown,11063,2026-09-10T07:51:39Z
2026-10-03,P003,v1,Od6M0AXpcxQ,Ugwn55DqZCHwsox2NfN4AaABAg,I'll tell my dogs you said hi Marques,14468,2026-09-10T07:31:10Z
2026-10-03,P003,v1,Od6M0AXpcxQ,Ugwdz-CsbBB8yMdmkPN4AaABAg,I’ll always appreciate the YouTubers who play the sponsorship ads at the very end of the video.,6340,2026-09-10T08:35:31Z
2026-10-03,P003,v1,Od6M0AXpcxQ,UgyWu9iuwvN3lsZaH0l4AaABAg,"$1,999 and people are already complaining 😭 meanwhile the 256GB one is around $4,730 in Turkey. imagine paying more than double just because you live here. the taxes are actually insane",130,2026-09-14T12:24:13Z
2026-10-03,P003,v1,Od6M0AXpcxQ,UgyTHgt_Z_GzBHayA4V4AaABAg,Whoever made that animation deserves a raise. It’s so satisfying,3233,2026-09-10T14:31:46Z
2026-10-03,P003,v1,Od6M0AXpcxQ,UgyeGWFWgpUAh49VXmd4AaABAg,"“Duo, because the screen looks like the letter D.”

I cannot unsee it now.",3023,2026-09-10T12:16:10Z
2026-10-03,P003,v1,Od6M0AXpcxQ,UgyiD1BnV_OEvcwZW8d4AaABAg,I’m excited to own this phone in 5-8 years. I’m on a 12 right now.,1484,2026-09-13T21:44:55Z
2026-10-03,P003,v1,Od6M0AXpcxQ,UgyxEdJoahFHvCAw6iZ4AaABAg,The duo is the reason I have not purchased an iPhone since the iPhone Mini.  I have held on to that tiny thing for as long as I could...it's time.,37,2026-09-15T01:57:54Z
2026-10-03,P003,v1,Od6M0AXpcxQ,Ugy1hUUscke0hwywpmt4AaABAg,Putting the sponsor segment at the very end of the video is so much more watch-friendly. Really appreciate that!,1815,2026-09-10T11:38:53Z
2026-10-03,P003,v1,Od6M0AXpcxQ,Ugz2zgDZ6YKzy8aLPp54AaABAg,"Making old tech, feel new is a apple product speciality.",704,2026-09-12T18:05:35Z
2026-10-03,P003,v1,Od6M0AXpcxQ,UgxgWKHywDzRg-pchnF4AaABAg,i can't wait for jerryrigeverything to snap it,1207,2026-09-11T12:04:23Z
2026-10-03,P003,v1,Od6M0AXpcxQ,Ugw3S2ML6aYPe1iP7G54AaABAg,its been 15 years... but  oh boy i would still die to watch a mkbhd iphone video in september. easily the best tech time of the year !,1,2026-09-21T06:56:55Z
2026-10-03,P003,v1,Od6M0AXpcxQ,UgyxlCzNTEW765sYF1B4AaABAg,That’s me at 2:07! So happy to be in an MKBHD video 🥹,2653,2026-09-10T17:04:11Z
2026-10-03,P003,v1,Od6M0AXpcxQ,Ugz-O6Ublcj3_2sDhFV4AaABAg,15 mill views in one day is craazy☠️☠️☠️,1518,2026-09-11T19:21:22Z
2026-10-03,P003,v1,Od6M0AXpcxQ,UgwWmCVuO46KJSLacgN4AaABAg,"$2000 for a phone, what a time to be alive",1937,2026-09-10T11:21:54Z
2026-10-03,P003,v1,Od6M0AXpcxQ,UgyQPY83ogFCp5bWI_d4AaABAg,The folding UI is the part that actually makes the Duo interesting; that price tag makes the whole thing way harder to get excited about.,1,2026-09-21T12:45:42Z
2026-10-03,P003,v1,Od6M0AXpcxQ,Ugx51IcRl4Tg3oPg80l4AaABAg,Quietly increased the price of their old phones is crazy….,397,2026-09-10T11:01:06Z
2026-10-03,P003,v1,Od6M0AXpcxQ,UgwXb4FdyJjrobBBbPV4AaABAg,It's alright,4263,2026-09-10T07:30:26Z
2026-10-03,P003,v1,Od6M0AXpcxQ,UgyedLeHksuBrAoQLyl4AaABAg,"He’s the only one so far who has correctly enumerated the difference between Samsung’s old implementation of the aperture and Apple’s new one, which I’ve been trying to explain to others.",57,2026-09-10T14:00:14Z
2026-10-03,P003,v1,Od6M0AXpcxQ,UgzVrVrE54dzPLBBOod4AaABAg,It’s crazy how much better this looks as a first gen product than all the other foldables with 5+ iterations,14,2026-09-14T17:43:56Z
2026-10-03,P003,v1,Od6M0AXpcxQ,UgzBLYYTrKtvIlw5Mwl4AaABAg,That opening animation is honestly incredible. Creates a brilliant illusion.,379,2026-09-10T08:26:31Z
2026-10-03,P003,v1,Od6M0AXpcxQ,Ugza63NEFVmPz8THMc54AaABAg,"5:33 I really love the idea of the foldable iPhone, but the main reason I won’t buy it (aside from price) is because I’m left handed! I love that there’s a touch id sensor, but between it being on the right and the UI being weighted to the right, it wouldn’t be very comfortable for me to use.",27,2026-09-11T06:03:44Z
2026-10-03,P003,v1,Od6M0AXpcxQ,UgzUiJtLxeP88X8sam54AaABAg,The animation as MKB opens and closes the phone looks like the liquid glass is given a true 3D effect. Amazing.,288,2026-09-10T09:26:21Z
2026-10-03,P003,v1,Od6M0AXpcxQ,UgwJlVL09BehjYr3ild4AaABAg,The way you present is top notch I did not expect it to be this good.,1,2026-09-23T16:59:34Z
2026-10-03,P003,v1,Od6M0AXpcxQ,Ugw3JN5yYu9V0uRu5Xt4AaABAg,I love how they leave out just enough features to keep people coming back every year as they slowly add them back in.,171,2026-09-10T15:56:21Z
2026-10-03,P003,v1,Od6M0AXpcxQ,Ugy873lI3tF_UZ4n13J4AaABAg,That folding animation is seriously the cleanest UI. I love it.,716,2026-09-10T10:38:37Z
2026-10-03,P003,v1,Od6M0AXpcxQ,UgxwyT-d21x7_Vos_Ox4AaABAg,"I have no desire for a foldable phone, especially not at that price… but that folding animation is so mesmerizing",264,2026-09-10T17:25:20Z
2026-10-03,P003,v1,Od6M0AXpcxQ,UgySDYVIGJrHwWIi8dp4AaABAg,"It looks like when you tried to add another app to the Duo’s app docking station, it created a folder that can hold multiple additional apps. If I’m seeing that correctly, that’s great! 🙌🏽 You can just tap the folder and it opens up to show all the apps you’ve placed inside it. That makes the docking station even more useful!",1,2026-09-27T15:12:23Z
2026-10-03,P003,v1,Od6M0AXpcxQ,UgzS3sOuhuT1tRJ4yEh4AaABAg,That opening/closing animation is genuinely insane,564,2026-09-10T21:05:52Z
2026-10-03,P003,v1,Od6M0AXpcxQ,UgyOGEKjLWhMvgmoYrt4AaABAg,They could’ve easily named this iFold,342,2026-09-10T10:53:48Z
2026-10-03,P003,v1,Od6M0AXpcxQ,UgxOh5pGxgYc40Fz8B54AaABAg,"Apple didn't give you a VIP pass to the event and you really produced facts telling video this time, fair and honest.",63,2026-09-11T02:36:21Z
2026-10-03,P003,v1,Od6M0AXpcxQ,UgzcZhrWpWl4a_pALs94AaABAg,Ahh. September again. Here's to another month of MKBHD+Apple glaze lol.,1,2026-09-16T09:42:25Z
2026-10-03,P003,v1,Od6M0AXpcxQ,UgwBcNo9DRM9Z9UWwQF4AaABAg,His take was spot on when he said the iPhone Air is probably a precursor for a folding phone.,454,2026-09-10T07:40:57Z
2026-10-03,P003,v1,Od6M0AXpcxQ,UgyLv7aFCv16dnEnBvR4AaABAg,"Back in the day, Microsoft had the Neo and the Duo, but they were quite poor. Additionally, the Neo was their take on a foldable device.",312,2026-09-10T07:48:39Z
2026-10-03,P003,v1,Od6M0AXpcxQ,Ugwb299CAiq9HIYt2Ct4AaABAg,"I live in Shanghai and China foldables bit is absolutely true! People actually buy 2 phones, 1 for work and whatsoever and another is foldable for playing or watching videos on the subway",717,2026-09-10T15:35:25Z
2026-10-03,P003,v1,Od6M0AXpcxQ,UgyOhKws9RakaCV3w1l4AaABAg,Always a good review this guy is awesome and super smart!💯💪🏽,2,2026-09-23T16:01:37Z
2026-10-03,P003,v1,Od6M0AXpcxQ,UgzyTgHhkcZnMsVRFz14AaABAg,Side note: 3 million views in just 7 hours is CRAZYYYY. Bro's balling.,621,2026-09-10T15:11:06Z
2026-10-03,P003,v1,Od6M0AXpcxQ,UgyJKyq_Tt96fnN9H714AaABAg,Praying for the well-being of the duo that ends up in Jerryrig studio,21,2026-09-10T19:37:35Z
2026-10-03,P003,v1,Od6M0AXpcxQ,UgwiZ1_0uXBm8RHs4CN4AaABAg,That animation for the Duo is so smooth.,841,2026-09-10T07:50:07Z
2026-10-03,P003,v1,Od6M0AXpcxQ,UgzshNt8Oqy0hKpyTjd4AaABAg,24 mil views in 5 days... Congrats MKBHD! I remember your early videos and it makes me so proud to see you continue to improve and put out great content. Congrats brother!,0,2026-09-15T13:32:49Z
2026-10-03,P003,v1,Od6M0AXpcxQ,Ugxv7YgR4mPfYjp942V4AaABAg,"I think they've left some things out intentionally, so they can add them on the future iterations of the Duo.",108,2026-09-13T12:46:47Z
2026-10-03,P003,v1,Od6M0AXpcxQ,Ugz1gwgxyHw32xlem3t4AaABAg,We are at the Blackberry arc of phone design yet again,352,2026-09-12T10:19:17Z
2026-10-03,P003,v1,Od6M0AXpcxQ,Ugy0Zh0lXrGxfkMvLq14AaABAg,"10:00 the details apple make that make their not so innovative new phone more fun. like even if samsung was 7 phones ahead of the fold, they still make it like it's something to be talked about. i remember when they unveil the ""Dynamic Island"" and it was so cool, but android users commented ""its been done years ago"" okay, but did anyone care? i meannn",12,2026-09-10T15:06:11Z
2026-10-03,P003,v1,Od6M0AXpcxQ,UgyE7j0V3-8kD_gn3h54AaABAg,First Touch ID flagship Apple phone since the iPhone 7 Plus,1,2026-09-15T03:05:33Z
2026-10-03,P003,v1,Od6M0AXpcxQ,UgwWJt11RPUgZSqsGYx4AaABAg,The folding animation was chef’s kiss.,93,2026-09-10T07:31:45Z
2026-10-03,P003,v1,Od6M0AXpcxQ,UgwGhYO9zYio2Bw7GGB4AaABAg,"Apple Neo and Apple Duo, a throwback in Samsung’s early 2010s 😂",686,2026-09-11T05:39:56Z
2026-10-03,P003,v1,Od6M0AXpcxQ,Ugz2DLGV-HCHrApQ4xp4AaABAg,"Welcome back, Surface Duo.",735,2026-09-10T09:03:29Z
2026-10-03,P003,v1,Od6M0AXpcxQ,UgxIukEbcY4sN70UETZ4AaABAg,Crazy how this video is now MKBHD’s 3rd most popular video,0,2026-09-16T13:40:02Z
2026-10-03,P003,v1,Od6M0AXpcxQ,Ugwy-r7vPnQCwAH_gWx4AaABAg,"16 years later still enjoying watching Marques

Thanks for the likes 🎉❤",37,2026-09-10T20:52:16Z
2026-10-03,P003,v1,Od6M0AXpcxQ,UgxA4x2fvLTi-8E7mXV4AaABAg,"That’s why they fixed the calculator on the iPad , they were already working on the iPhone Duo back then, surely.",29,2026-09-10T11:23:08Z
2026-10-03,P003,v1,Od6M0AXpcxQ,UgwTqYOEq769ScDhT9p4AaABAg,"I am an android person, but man that fade animation when you open the foldable it felt amazing",312,2026-09-11T18:45:09Z
2026-10-03,P003,v1,Od6M0AXpcxQ,UgwQ3qjRfhqVX4A0XM14AaABAg,That animation when you close and open the phone is genuinely gorgeous. Nice to see Apple really nail it after people hated on Liquid Glass so much.,0,2026-09-15T20:35:31Z
2026-10-03,P003,v1,Od6M0AXpcxQ,UgzNWFoiMSVSuksqjsV4AaABAg,"Who wants a stylus?
—Some forgotten CEO",613,2026-09-10T08:18:59Z
2026-10-03,P003,v1,Od6M0AXpcxQ,UgwxfaMrbzzf5Vd2i7p4AaABAg,"Geeky and unrelated comment: the camera you’re filming the narration on in the hotel room is amazing. The light and shade, the colours, the balance between realism and an 
artistic/cinematic look - absolutely perfect.",280,2026-09-10T19:44:37Z
2026-10-03,P003,v1,Od6M0AXpcxQ,UgxdoGu1MNUL2auSxnB4AaABAg,"Everyone's talking about the opening/closing animation, but man, that alarm feels like a dedicated device!",151,2026-09-10T08:16:39Z
2026-10-03,P003,v1,Od6M0AXpcxQ,Ugz8FA7psf3ylC78utt4AaABAg,3rd most viewed vid on the channel in 5 days. Congrats to MKBHD and team!,0,2026-09-15T09:38:22Z
2026-10-03,P003,v1,Od6M0AXpcxQ,Ugx7uCiJ_VwmGriWqUJ4AaABAg,"*_""The Duo reSurfaces!""_*",1157,2026-09-10T07:46:46Z
2026-10-03,P003,v1,Od6M0AXpcxQ,UgxQ4fi1Os0yPSR8Yzd4AaABAg,Man I don't really like iPhones but OH GOD THAT FOLDING TRANSITION ANIMATION IS IMPECABLE. And the tent mode is also genius,147,2026-09-10T17:57:01Z
2026-10-03,P003,v1,Od6M0AXpcxQ,UgwP3NiclvrXQw8Q0-Z4AaABAg,"Marques, is the only person I would take the time to watch a tech review on a new gear, cuz literally I watched this young man grew up on YouTube over the years. I promise  I’m not that old😂. I’m just proud of your success, brother. Keep rising👏🏾👏🏾👏🏾👏🏾",89,2026-09-10T14:45:47Z
2026-10-03,P003,v1,Od6M0AXpcxQ,UgwUnYYfouk8Y5yVCMh4AaABAg,The future is here 🙌,1,2026-09-20T05:24:41Z
2026-10-03,P003,v1,Od6M0AXpcxQ,UgyVH315z5BgHVezaQJ4AaABAg,I'll wait for the next iPhone Duo gen.,349,2026-09-10T16:01:34Z
2026-10-03,P003,v1,Od6M0AXpcxQ,UgyTNCy0hSXIsF5j1Bl4AaABAg,"I loved the 10 sec disclaimer on ""oh yeah, no fast charging, no silicon battery, no zoom camera"" hahhaha",523,2026-09-10T14:01:18Z
2026-10-03,P003,v1,Od6M0AXpcxQ,UgzspvCV5m7Us7KLJTN4AaABAg,I love watching videos of phones I can't afford to buy,32,2026-09-10T09:26:42Z
2026-10-03,P003,v1,Od6M0AXpcxQ,Ugy65F9uKtsCkMgjoPN4AaABAg,TELL YOUR DOG I SAID HI merch?? I love you Marques,1,2026-09-14T17:31:41Z
2026-10-03,P003,v1,Od6M0AXpcxQ,UgwmbgNRVriz0KxznhF4AaABAg,8:22 This animation will make Apple Billions. This animation will be the sole reason some people buy it even when they dont need it.,498,2026-09-10T08:17:18Z
2026-10-03,P003,v1,Od6M0AXpcxQ,UgxzT0pWm7m1jk5FRsh4AaABAg,We really got the iPhone fold before GTA 6,153,2026-09-10T07:58:04Z
2026-10-03,P003,v1,Od6M0AXpcxQ,UgzJfzXHBjmfBmLHKWl4AaABAg,"""Marqueeze Brownlee"" 😂. Speed was so hype to meet you 😂",1191,2026-09-10T07:35:40Z
2026-10-03,P003,v1,Od6M0AXpcxQ,Ugx6VuuyVPSww7b5Hud4AaABAg,I think the Duo looks great!😊,1,2026-09-22T18:55:24Z
2026-10-03,P003,v1,Od6M0AXpcxQ,Ugz0wtDUIjr7lCQsx6B4AaABAg,"WOAH, that front camera quality on the duo IS DISTURBING.",387,2026-09-11T03:07:30Z
2026-10-03,P003,v1,Od6M0AXpcxQ,UgwXg9iCC-EPxf3B4n14AaABAg,MKBHD is the goat. 10 million in less than 24 hours.,197,2026-09-11T01:42:14Z
2026-10-03,P003,v1,Od6M0AXpcxQ,UgxqL6uLcHFjEqh_N5x4AaABAg,I got an ad for samsung z fold 8 ultra in the beginning.😂,160,2026-09-11T16:26:02Z
2026-10-03,P003,v1,Od6M0AXpcxQ,UgwcDCiPYmS8hK9tw0B4AaABAg,Thanks for taking the time to make this.,0,2026-09-21T16:52:46Z
2026-10-03,P003,v1,Od6M0AXpcxQ,UgwGoLTaA132GRKC_gF4AaABAg,"That open/close animation is the 1st detail I noticed and I rewinded multiple times to see it, I didn't know that it will be mentioned later. Kudos to UI designers, I love to see their effort getting credit when it is deserved.",109,2026-09-10T12:31:22Z
2026-10-03,P003,v1,Od6M0AXpcxQ,Ugyc3JHzGK0BozrjSHR4AaABAg,I told my dog you said hi; it didn't respond despite saying the greetings was from the Marques Brownlee,33,2026-09-10T16:55:10Z
2026-10-03,P003,v1,Od6M0AXpcxQ,UgznrYGcj5hN6bcQA6J4AaABAg,"I gotta say, I’m more impressed than I expected to be. And it really starts with that screen transition. It’s flawless.",102,2026-09-10T10:35:13Z
2026-10-03,P003,v1,Od6M0AXpcxQ,Ugzbvxhq1fQpZbzdJ914AaABAg,You’re the best bro doing this kind of content,0,2026-09-17T04:48:29Z
2026-10-03,P003,v1,Od6M0AXpcxQ,UgyOgRGAnRqTb425qQR4AaABAg,"oh man, that folding animation is so sick..",330,2026-09-10T12:14:36Z
2026-10-03,P003,v1,Od6M0AXpcxQ,UgzrPnS-TRrH9uiWhJd4AaABAg,They absolutely nailed the fold/unfold animation. I cannot believe it took until now for someone to do that.,254,2026-09-10T09:15:40Z
2026-10-03,P003,v1,Od6M0AXpcxQ,UgyTtf9kQxUDFonXgeJ4AaABAg,I once folded an iPhone 6. I'm feeling likely the moment has finally returned.,125,2026-09-11T00:39:08Z
2026-10-03,P003,v1,Od6M0AXpcxQ,UgxV6Y1ql1GKJrhXXNR4AaABAg,"The Neo and Duo, is Ternus era. The marketing has been fun and funny  especially on TikTok.",5,2026-09-18T02:33:29Z
2026-10-03,P003,v1,Od6M0AXpcxQ,Ugz4wLn6LQPNF9yM6nx4AaABAg,The transition in opening and closing is crazy,297,2026-09-10T22:14:29Z
2026-10-03,P003,v1,Od6M0AXpcxQ,UgwFpjqXb2IckyJWdrx4AaABAg,Before I had a family I had time to watch all the reviews.  Now I only take time to watch Marques,262,2026-09-10T09:11:39Z
2026-10-03,P003,v1,Od6M0AXpcxQ,UgzBQZRPftNX4Cg5s554AaABAg,Nice to see HTX studio in the studio 2:07,717,2026-09-10T08:23:01Z
2026-10-03,P003,v1,Od6M0AXpcxQ,UgxL2qlkUrcIB0HE4ot4AaABAg,"That trick of hiding the crease and the fading effect you mentioned when opening the screen costs about 1 real here in Brazil. They even had stickers where the animation changed depending on the lighting, and they were basically a blend of two animations. That was their “premium” solution. 5:59",0,2026-09-20T03:54:27Z
2026-10-03,P003,v1,Od6M0AXpcxQ,UgzZlxzh-806OvFKIyx4AaABAg,2:44 So a Dynamic Archiapelago,244,2026-09-10T12:18:51Z
2026-10-03,P003,v1,Od6M0AXpcxQ,UgzVCMJtHzv55DT3y5t4AaABAg,"You know it’s crazy because I’ve looked a decent amount of content around these phones since the launch. I kept feeling unsatisfied with the videos and thought to myself “I can’t wait for MKBHD to drop because he’ll probably talk about the stuff I want to know” (left handed use and settings to change the dock’s side, MagSafe, selfie camera quality, among other things.) He literally hit every point I was curious about lmao. This is a great example of what sets Marques as a creator apart from the others.",80,2026-09-10T16:36:33Z
2026-10-03,P003,v1,Od6M0AXpcxQ,UgzKlrevOwDKLnQ3b194AaABAg,"I'm just glad they added the split screen view in Duo. Hopefully, it eventually makes it to their normal smartphones.",0,2026-09-14T22:19:04Z
2026-10-03,P003,v1,Od6M0AXpcxQ,UgzUbvvGPmcqFeYtVYl4AaABAg,"It feels like they have been quietly preparing this phone by perfecting one aspect every year and releasing it as a separate product.
Thinness - iPhone Air
Formfactor - iPad mini
Hiding the crease - Nanotexture ipad pro",111,2026-09-10T09:55:28Z
2026-10-03,P003,v1,Od6M0AXpcxQ,UgyPynNrJZisve86n254AaABAg,"Matte Black finally. Not like I hated the cases I used, especially the leather ones, to get the black around but this time I might just get the black and exnjoy it.",514,2026-09-10T13:00:05Z
2026-10-03,P003,v1,Od6M0AXpcxQ,UgxDD8tobCH55TTarwV4AaABAg,2:11 the HTX STUDIO guy!!!!,398,2026-09-10T22:49:20Z
2026-10-03,P003,v1,Od6M0AXpcxQ,Ugyn5HNrsbZevoVkTDd4AaABAg,Dude got 21+M subscribers and still asking for it.,3,2026-09-15T08:57:39Z
2026-10-03,P003,v1,Od6M0AXpcxQ,UgwYFomQmwMbc6vZ2l14AaABAg,So many apple glazers who were calling folding phones useless and saying they'd never spend that much on a phone suddenly are acting as if folding phones are the greatest thing ever and they were always going to get one.,19,2026-09-10T10:45:12Z
2026-10-03,P003,v1,Q3FcCNXUoU8,UgyH9VgQBsHSOXvqhBZ4AaABAg,"Dhruv rathee respect button>>>>>>
!!!!!",50467,2026-09-11T12:37:31Z
2026-10-03,P003,v1,Q3FcCNXUoU8,UgzO-T3TlZlTDMuHbVJ4AaABAg,Apple wale personally call lagayenge druve Bhai ko😅😅,23122,2026-09-11T15:08:04Z
2026-10-03,P003,v1,Q3FcCNXUoU8,Ugy3C0smlv95T3dasSp4AaABAg,Par unka kya jo kuch nahi kharid sakta 😅😅😅,14795,2026-09-11T12:39:53Z
2026-10-03,P003,v1,Q3FcCNXUoU8,UgzjXEbgsSGvmXxCijN4AaABAg,That's why I am using my old phone since more than 5 years.😂🤣,503,2026-09-19T13:34:34Z
2026-10-03,P003,v1,Q3FcCNXUoU8,UgwNTijUzsNAtgSwX8F4AaABAg,"Stop buying things you don't need, to impress people you don't like, with money you don't have",7712,2026-09-11T12:52:31Z
2026-10-03,P003,v1,Q3FcCNXUoU8,UgwlE0YDoVTROYzjxQh4AaABAg,You can also buy a good second hand car.,3706,2026-09-13T12:58:00Z
2026-10-03,P003,v1,Q3FcCNXUoU8,Ugw7PhMdAiDdN9ovwJt4AaABAg,This video is for those people who force there parents and sell gold or something to buy iPhone not for people who can buy this phone and all other things. RESPECT for dhruv bhaiya,2222,2026-09-12T05:13:34Z
2026-10-03,P003,v1,Q3FcCNXUoU8,UgyF9atWPM2QkrjN-OR4AaABAg,"भाई सच्च में आप महान हो,लोगों को बिज़नेस के लिए बता रहे हो।",119,2026-09-19T07:35:24Z
2026-10-03,P003,v1,Q3FcCNXUoU8,UgyblkHL4tZd5LFwU_F4AaABAg,Solar and gym idea is geniune for me,1153,2026-09-11T18:18:20Z
2026-10-03,P003,v1,Q3FcCNXUoU8,UgxESxu3K5BUw6rGEyh4AaABAg,Iphone lene gaya tha raste me apki video dekh li ab 2 भैंस or ई-रिक्शा leke laut raha hu. 😂,1451,2026-09-14T18:27:31Z
2026-10-03,P003,v1,Q3FcCNXUoU8,UgxR8ONJQn-MTblXDtF4AaABAg,"His point is simply that instead of buying an iPhone on EMI just to maintain a false sense of status when you can’t actually afford it, you could spend that same amount on things that are far more important and useful than a phone.",1351,2026-09-11T16:36:23Z
2026-10-03,P003,v1,Q3FcCNXUoU8,Ugzvq1JvOx7kV18sc6V4AaABAg,Have seen/met  that most businessmen those have their own manufacturing unit factory and stores too in metropolitan cities  they won't use such iphone or any gadget though their  per day income is more than the cost of iphone .And even they won't hesitate to do work by their own if any of the  employee right at the time not available.,27,2026-09-18T08:16:30Z
2026-10-03,P003,v1,Q3FcCNXUoU8,UgwJ0V2S4qON_j3Aq2x4AaABAg,यहाँ 20 हजार के फोन के लिए सोचना पड़ रहा है। एप्पल का तो छोड़ ही दो।😂😂,2777,2026-09-11T18:03:55Z
2026-10-03,P003,v1,Q3FcCNXUoU8,UgwBPo37i9bGaChE5VB4AaABAg,You are 100% RIGHT. But we middle class people will not understand.,487,2026-09-13T16:20:16Z
2026-10-03,P003,v1,Q3FcCNXUoU8,UgyWfkOrC7FoTEbWbId4AaABAg,Some can pay school fees ..you missed it,720,2026-09-12T19:51:50Z
2026-10-03,P003,v1,Q3FcCNXUoU8,UgxfG6okB1J7HvgPno54AaABAg,Very well said. Many even don't have food for a day to eat.,5,2026-09-18T05:14:03Z
2026-10-03,P003,v1,Q3FcCNXUoU8,UgxXm0ETYwHRxLC5eDx4AaABAg,"iphone duo cost is equal to

1.1.2 kg silver
2. 20 gm gold
3.100 quintal Wheat
4.60 quintal Rice
5.5KW solar power plant (with government subsidies)",506,2026-09-12T02:36:23Z
2026-10-03,P003,v1,Q3FcCNXUoU8,UgynGyiz_ebpPfh7XxN4AaABAg,Thankyou bhai apple store ke bhar khade hoke video dekh li ab wapas ghar jaa rha hu,324,2026-09-15T16:31:49Z
2026-10-03,P003,v1,Q3FcCNXUoU8,UgwtgVJEluBSUwbJket4AaABAg,Now I don't think I'm the only one who doesn't like apple.,427,2026-09-12T10:59:04Z
2026-10-03,P003,v1,Q3FcCNXUoU8,UgxTBMoWHF7zuNUFyud4AaABAg,Best video ever to acknowledge people where are they wasting there money,3,2026-09-30T11:05:32Z
2026-10-03,P003,v1,Q3FcCNXUoU8,Ugzliga6gHlB5Mrnk5J4AaABAg,Log fir bhi khridenge 😂,3296,2026-09-11T13:03:24Z
2026-10-03,P003,v1,Q3FcCNXUoU8,Ugw9fnImL5SjmjXIz7R4AaABAg,और ये बात EMI वालो के लिए थी.... 🙌,131,2026-09-12T03:21:47Z
2026-10-03,P003,v1,Q3FcCNXUoU8,Ugw5OPFAOoC5VOQyeAp4AaABAg,The product competition apple never thought of 😂,173,2026-09-12T11:48:03Z
2026-10-03,P003,v1,Q3FcCNXUoU8,UgzKSYdJwmY9tfIpn3h4AaABAg,yeah bolte tak me ek tier -3 city me 10 iphone bajaj finance ho chuke hongey 😂😂😂,6,2026-09-23T02:13:19Z
2026-10-03,P003,v1,Q3FcCNXUoU8,Ugz1BlP2P1C5k8XZiWd4AaABAg,Dhuru bhai indirectly mna ker rhe h friends 😂😂😂😂😂😂,76,2026-09-12T03:05:01Z
2026-10-03,P003,v1,Q3FcCNXUoU8,UgyyXVVkPOW-5ypuhN54AaABAg,Motivation ke liye shukriya waise bhi hum khareed nahi pate.,588,2026-09-11T12:52:37Z
2026-10-03,P003,v1,Q3FcCNXUoU8,Ugz9ozX5ZpO3K1a8Qdp4AaABAg,"It's a lot for mid-average people 
😢",869,2026-09-11T12:39:17Z
2026-10-03,P003,v1,Q3FcCNXUoU8,UgwYcmHH81yBtHT-qC14AaABAg,"True...
Highly Appreciated 👍",1,2026-09-24T05:12:46Z
2026-10-03,P003,v1,Q3FcCNXUoU8,UgxJIf0mUIc--dlxsoF4AaABAg,Bhai chota business ready ho jaye ga jo monthly 20 k se 35 k  dega😮,253,2026-09-12T09:12:49Z
2026-10-03,P003,v1,Q3FcCNXUoU8,Ugz_lL-vuJw8xyrsLt54AaABAg,99+ missed calls from Apple,133,2026-09-15T07:32:50Z
2026-10-03,P003,v1,Q3FcCNXUoU8,UgzfCkoUk2QgdErgcup4AaABAg,Ankur Warikoo to Dhruv: Mere dhande mein ghus raha hai😒,678,2026-09-11T14:05:46Z
2026-10-03,P003,v1,Q3FcCNXUoU8,UgzYIO3rirynAahmWsl4AaABAg,"Bro , take it personally.respect bro",1,2026-09-24T15:06:30Z
2026-10-03,P003,v1,Q3FcCNXUoU8,UgwBKzcM0MIcD3Q3BAR4AaABAg,"Bhai koi chij kharab nhi hoti bas logo ko ye samjh nhi , aata kya kya hamara liye hai kya nhi",189,2026-09-12T07:04:06Z
2026-10-03,P003,v1,Q3FcCNXUoU8,UgxnkzZSEw_BY-MAGMx4AaABAg,Sir now you can see the difference gap between premium rich people and the lower middle class people ....apple want to differentiate classssssss....,106,2026-09-14T11:27:09Z
2026-10-03,P003,v1,Q3FcCNXUoU8,UgxgWbWoHiQvlTOF-B94AaABAg,"Yet, some clowns will still lined up outside the Apple Store just to flex phones they bought on EMI.",173,2026-09-13T10:16:49Z
2026-10-03,P003,v1,Q3FcCNXUoU8,Ugz3YEAWwDdcwUCkSCx4AaABAg,Apple is just ameero ka C banana like other fruits have more nutrients and cheap,4,2026-09-18T19:23:21Z
2026-10-03,P003,v1,Q3FcCNXUoU8,UgyYR21NVcx6ftd8Dih4AaABAg,Hume kya hum to waise bhi flex kharidne ke liye kuch nhi kharidate feeling sad for those chhapari jinke pas joote kharidhne ke tak paise hote nhi aur iphone emi par chalate hai afsos vo ye video kabhi dekhenge nhi 🥀,117,2026-09-11T13:52:56Z
2026-10-03,P003,v1,Q3FcCNXUoU8,UgxfMvll-Pj8Al-gxIR4AaABAg,"Mera ek padosi, bhais bech ke iphone liya hai",258,2026-09-15T04:06:01Z
2026-10-03,P003,v1,Q3FcCNXUoU8,UgyLH-dfoa7w3AuRiXt4AaABAg,Apple has gone mad 😢😢😢,586,2026-09-11T12:46:49Z
2026-10-03,P003,v1,Q3FcCNXUoU8,UgwTad8v1NnyO02ho9B4AaABAg,"I am speach less
What an idea sir ji",1,2026-09-22T15:10:38Z
2026-10-03,P003,v1,Q3FcCNXUoU8,UgxZcBiAn1z7HI4K0jp4AaABAg,Aapki baten hamare School mein sir karte rahte hain aur aapki video ke upar bhi hamare school ke auditorium mein principal sir baat karte hain Dhruv Rathi  bhaiya ji ..,134,2026-09-11T17:24:17Z
2026-10-03,P003,v1,Q3FcCNXUoU8,Ugwq34sSQPy-pUl4Te54AaABAg,"Phones like these are actually destroying our economy. These phones are of no great use, instead we should invest smartly. Investing smartly will not only help you but future generations as well .........",71,2026-09-12T19:57:54Z
2026-10-03,P003,v1,Q3FcCNXUoU8,Ugxw9szBYE45IW9CyFV4AaABAg,Murra bhais wala sahi option lga bhai thanks 🙏❤,170,2026-09-13T19:17:34Z
2026-10-03,P003,v1,Q3FcCNXUoU8,Ugys7JF10_4_leIYLRF4AaABAg,"I ALSO THINK ABOUT MONEY THE SAME WAY 
THANK YOU DHRUV RATHEE FOR BEING A BRIGHT GUIDING LIGHT FOR HUMANITY 

EXPLAINING PEOPLE TO MAKE RIGHT CHOICES RATHER SPEND MONEY LIKE FOOLS",0,2026-09-18T18:40:10Z
2026-10-03,P003,v1,Q3FcCNXUoU8,UgxnuzhVEP3Nwe9bnfB4AaABAg,"iPhone 5 ke vaad maine kabhi iPhone nhi liya, kyu ke dhruv jo baat tum aaj bol rahe ho mujhe iphone 6 ke time samaj aa gyi thi",62,2026-09-13T14:42:04Z
2026-10-03,P003,v1,Q3FcCNXUoU8,UgwRMMniMMSfY0Buf4l4AaABAg,"मेरे पास i phone तो दूर की बात है 25 हजार का मोबाइल ले आया तो घर वाले ने 10 सवाल के साथ 20 गाली  फ्री में दी ।  उन चीजों को खरीदना बंद करो जिनकी तुम्हें जरूरत नहीं है, उन लोगों को प्रभावित करने के लिए जिन्हें तुम पसंद नहीं करते, और उस पैसे से जो तुम्हारे पास नहीं है।",159,2026-09-11T16:28:53Z
2026-10-03,P003,v1,Q3FcCNXUoU8,UgxEJjZBPdF3F9FSCQR4AaABAg,Love you too from Kashmir India 😊😊😊,226,2026-09-12T00:17:20Z
2026-10-03,P003,v1,Q3FcCNXUoU8,UgxWZbfB4G4O5tBVi6d4AaABAg,Bhai jinke paas paisa hai woh kuch bhi le sakte hain 😂😂 Hum toh abhi iPhone unbox  karne ke sapne dekh rahe hain 😭📱🤣,2,2026-09-22T17:33:31Z
2026-10-03,P003,v1,Q3FcCNXUoU8,UgytkJVn64rWlbcwItV4AaABAg,Sir lekin hamare pass itna cost hai hi nhi 😂😂😢😢,294,2026-09-11T13:13:08Z
2026-10-03,P003,v1,Q3FcCNXUoU8,UgxqC2uF_yo3GaOkGSl4AaABAg,Dhruv is always there 2 GUIDE❤,66,2026-09-13T02:29:19Z
2026-10-03,P003,v1,Q3FcCNXUoU8,UgwMewsXK4KzSyhru-h4AaABAg,"It's actually a good video. Log aajkal iPhone k piche itna pagal hai ki price k baare mein nehi sochte. Emi paar le lete hai. Isse accha itne saaare pesoko kisi acchi jaga par invest kya jai jeseki aapne bola. 
Thank you",34,2026-09-11T12:40:08Z
2026-10-03,P003,v1,Q3FcCNXUoU8,UgzBA4dZFgvMxgXl_eJ4AaABAg,Nice to hear this,0,2026-09-19T06:05:54Z
2026-10-03,P003,v1,Q3FcCNXUoU8,Ugx36rmjkyI-haoQSN54AaABAg,2 best 2nd hand lord maruti alto😂 kharid sakte ho😂😂😂,50,2026-09-11T14:14:54Z
2026-10-03,P003,v1,Q3FcCNXUoU8,Ugw9Mnx3bMTos-O4ZSR4AaABAg,"Bycot karo warna sari company price badha denge, phir koi option nahi rahega",52,2026-09-12T04:15:17Z
2026-10-03,P003,v1,Q3FcCNXUoU8,UgwJSZFF1xYXqJ1luuh4AaABAg,Bilkul shi Brother Inko lagta a pata nhi kon sa kaddo mein teer mar dia😅😂,29,2026-09-11T17:03:56Z
2026-10-03,P003,v1,Q3FcCNXUoU8,Ugz5RuDm4vFkLQlQe614AaABAg,"I really appreciate your advice,Thanks a lot!",0,2026-09-21T06:17:17Z
2026-10-03,P003,v1,Q3FcCNXUoU8,UgxpudD5-0Z_kq0H86F4AaABAg,ye sab influencers iphone ka ad de rahe hain. aur kuch nahin.,24,2026-09-12T19:35:00Z
2026-10-03,P003,v1,Q3FcCNXUoU8,UgwjP7Gq90TXI9I6Isl4AaABAg,Yeh video bhi wifi le kar dekh raha hoon,472,2026-09-11T13:52:37Z
2026-10-03,P003,v1,Q3FcCNXUoU8,UgxL2MeockIuSlV330t4AaABAg,Bht sahi baat boli sir....tbhi maine aaj tak iphone nhi liya.....mai to 15000 vale vivo mai happy hu vo bhi 5 saal se chla raha...😂,47,2026-09-12T02:34:24Z
2026-10-03,P003,v1,Q3FcCNXUoU8,UgwG_stMLQuKsIHnUCx4AaABAg,U r right,1,2026-09-18T05:50:38Z
2026-10-03,P003,v1,Q3FcCNXUoU8,UgyAIycCAvckfMev-jZ4AaABAg,Ye to market down kar raha 😂😂📉📉,235,2026-09-11T12:50:10Z
2026-10-03,P003,v1,Q3FcCNXUoU8,UgzYe4lx5BrkpgJOt1B4AaABAg,i just know many people around me would be so offended if i tell them how disgustingly i agree with dhruv rathee’s thoughts😭😭,34,2026-09-11T15:46:22Z
2026-10-03,P003,v1,Q3FcCNXUoU8,UgxbwGkfrWbpqaZynhl4AaABAg,Or you can invest the money into some business stuffs,26,2026-09-15T16:20:25Z
2026-10-03,P003,v1,Q3FcCNXUoU8,UgzOSCp8CLDyEbpewIR4AaABAg,Good advice!,0,2026-09-19T08:55:26Z
2026-10-03,P003,v1,Q3FcCNXUoU8,Ugwzx4NzM4oe5ym2V9B4AaABAg,Samsung >> Apple,90,2026-09-11T13:40:29Z
2026-10-03,P003,v1,Q3FcCNXUoU8,Ugxc_KVsul0sXlpo2vt4AaABAg,"Its not that don’t buy iPhones, not that the phone might be bad, just ppl who can’t afford buying unnecessarily to show it off",45,2026-09-11T12:44:50Z
2026-10-03,P003,v1,Q3FcCNXUoU8,UgzZLb5c3sWrTXs0_IN4AaABAg,Hum to Samsung mind range me hi khus hai ❤,55,2026-09-11T14:44:04Z
2026-10-03,P003,v1,Q3FcCNXUoU8,UgxEulg3CMBBdxljYI14AaABAg,Great awareness bhai,0,2026-09-20T08:53:50Z
2026-10-03,P003,v1,Q3FcCNXUoU8,Ugy7doxOwvmGU7sxYKp4AaABAg,"Agar sach me bat pasand ayii to is video ko globally share karo, muze vishwas hai agar apple company Dhruv bhaiya ko paise degi ye bat delete karawane ko to vo nahi lenge😊 aur aur hamesha satya ka hi sath denge❤",10,2026-09-12T13:09:05Z
2026-10-03,P003,v1,Q3FcCNXUoU8,UgxzLoIOgKAT8G5K3KZ4AaABAg,Hum to apne 20 hajar vale phone me hi khuch hai 😂,102,2026-09-11T13:22:15Z
2026-10-03,P003,v1,Q3FcCNXUoU8,Ugy3m2y9_8GI7oBoz0l4AaABAg,VERY THANKU AP HI HE BHYIYA JO HAMARI मदद KERTE HO🎉😢,36,2026-09-11T12:38:54Z
2026-10-03,P003,v1,Q3FcCNXUoU8,Ugzo5WSf8vts_pRz3EF4AaABAg,Love you bhai ❤❤❤,1,2026-09-24T15:02:36Z
2026-10-03,P003,v1,Q3FcCNXUoU8,Ugz9SnkvOaXySbQth0Z4AaABAg,Gaming content creator ho to poora GTA 6 chalana waala heavy PC ka setup aajayega aajayega,15,2026-09-11T15:16:45Z
2026-10-03,P003,v1,Q3FcCNXUoU8,Ugw28reEZOroEuUj2zF4AaABAg,"Main kharidne hi wala thaa tabhi aapki video dekh li , thanks dhruv bhai ❤😊",20,2026-09-11T13:12:03Z
2026-10-03,P003,v1,Q3FcCNXUoU8,UgyeOnmUITDXfVkufHt4AaABAg,"100 crore bhi account me ho tab bhi na khareedi, meri limit 25 se 30k tak ki hai uske baad bewakoofi hai because every 3 to 4 years mobile phone need to be changed. Luxury life ultimately melting glaciors so we should aware of that",34,2026-09-11T19:04:25Z
2026-10-03,P003,v1,Q3FcCNXUoU8,Ugy3u0H60XC7rbTydrR4AaABAg,Well said 🎉,0,2026-09-21T00:22:02Z
2026-10-03,P003,v1,Q3FcCNXUoU8,UgzAs42MgJt_bx7ZSWV4AaABAg,"yes it's not imp to have new,latest and costliest phone just to flex..this just gives us a temporary happiness but what alternatives dhruv rathee sir told in this video are gonna give u a long term happiness and its so good investments for ur future as well.. so plz do think twice while buying these sort of mobiles or any accessory which has extraordinary cost",14,2026-09-12T11:43:43Z
2026-10-03,P003,v1,Q3FcCNXUoU8,UgxqCCurpqUqzvcsRPZ4AaABAg,Kon kon bhaish 🐃🐃 kharidne ka soch raha hai 😂😂.,311,2026-09-11T12:43:29Z
2026-10-03,P003,v1,Q3FcCNXUoU8,UgwBACKFhTYEpHRQ5g94AaABAg,Jiske pas phone lene ke liye itne paise hai wo ye sab nahi sochta aur jiske pass paise nahi hai unko aisi chizo par dhyan na dekar paise kamane par focus karna chahiye,106,2026-09-11T17:50:10Z
2026-10-03,P003,v1,Q3FcCNXUoU8,UgwZDUMf_hPo8hGwkk14AaABAg,ab responsibility ki bat hui😅,1,2026-09-19T02:42:07Z
2026-10-03,P003,v1,Q3FcCNXUoU8,UgwDSVh4xskdGhuIVwh4AaABAg,you can also buy gold which is too much valuable than this iphone .AND gold price increases but this iphone price decreases day by day,6,2026-09-14T12:56:03Z
2026-10-03,P003,v1,Q3FcCNXUoU8,Ugy6ek2espdVHPhEuTl4AaABAg,Overall: Poora dahej (DOWRY) ka samaan le sakte ho 😂,83,2026-09-11T13:55:21Z
2026-10-03,P003,v1,Q3FcCNXUoU8,UgyG0BPe4kNwE5OxCJB4AaABAg,Itne me B pharmacy ke course ke 3.5 years ki fees bhar sakte hai 🫠,47,2026-09-11T15:27:52Z
2026-10-03,P003,v1,Q3FcCNXUoU8,UgxmnoBi1lebVM7qKhN4AaABAg,Bilkul bro,1,2026-09-30T04:49:30Z
2026-10-03,P003,v1,Q3FcCNXUoU8,UgylshnOJ2IQk9yRWrh4AaABAg,Money can't buy you happiness but it can buy you a great phone under 50k. Now who would be sad after having this <50k phone? 😅,18,2026-09-11T14:53:11Z
2026-10-03,P003,v1,Q3FcCNXUoU8,UgxsjJbQ-94ytjjTodN4AaABAg,"Totally agree. No point in spending this much amount on this product 👍🏻
Time to switch back to android phone and windows laptop 🤨",6,2026-09-13T17:25:47Z
2026-10-03,P003,v1,Q3FcCNXUoU8,Ugxf3pcw6RVakuoIMTV4AaABAg,I'm using poco c3 for solid 5 years from start of the college and I'm working in a company currently a year ago totally 5 years with a salary of 35k pm and never had an idea of buying new phone but bought my mom and my father samsung s25 and s24 recently 😎,39,2026-09-12T07:44:55Z
2026-10-03,P003,v1,Q3FcCNXUoU8,UgzzVoGVEBUdVbQmy8Z4AaABAg,Fhir bhi berojgari itna hai ki log line laga ke khade the 😂 lene ke liye,1,2026-09-19T02:17:57Z
2026-10-03,P003,v1,Q3FcCNXUoU8,UgxMWbFG630YVB3pKlt4AaABAg,Itne me to Maldives ghumker aa jaunga 😂,119,2026-09-11T12:38:43Z
2026-10-03,P003,v1,Q3FcCNXUoU8,UgyJQqocD5DDMrYOI7h4AaABAg,iPhone 18 ke naam pe public ko chuna lagah raha hai ...i hope it's a wakeing call for people 😮,8,2026-09-12T04:45:41Z
2026-10-03,P003,v1,Q3FcCNXUoU8,Ugy-B5qAFr7jODunSWN4AaABAg,This is realty..dhurvo vai hi bol sakti he itne details me ❤❤😊,7,2026-09-13T17:43:13Z
2026-10-03,P003,v1,Q3FcCNXUoU8,UgwgU1IDGK2LHIszSAR4AaABAg,Good message bhai,0,2026-09-24T08:40:50Z
2026-10-03,P003,v1,Q3FcCNXUoU8,UgyxSkWMJ9Zm5X3hWTp4AaABAg,Right bro 👍🏻 I am with you 😊,11,2026-09-12T01:25:47Z
2026-10-03,P003,v1,Q3FcCNXUoU8,Ugz4w5Eq3_OykBiFgCl4AaABAg,"Ab andh bhakt apna budget badhayenge aur 1 ke jagah 2
Iphone kharidenge 😂😂😂",21,2026-09-11T13:56:06Z
2026-10-03,P003,v1,Q3FcCNXUoU8,UgxTEovuIaoTkNwqD6t4AaABAg,Matlab ab logo ke pas km jagah h ghro me isiliye wo fridge microwave ac ki bajay chota sa i phone le lenge jayada jagah nhi lega😂😂😂,29,2026-09-11T16:08:42Z
2026-10-03,P003,v1,Q3FcCNXUoU8,UgzIK0IxVYlLMppopTF4AaABAg,Dhruv bhaii Samsung ke saath collaborate kiye hain💀😂,1,2026-09-22T06:30:47Z
2026-10-03,P003,v1,Q3FcCNXUoU8,Ugzyv1Ze5ThNuUd4LdB4AaABAg,Sabse pehli baat toh 99% log jo ye phone lenge unko in sab chizo ki jaroort nahi h . Unke pass h ye sab pehle se,12,2026-09-11T12:58:54Z
2026-10-03,P003,v1,Q3FcCNXUoU8,UgwsKBISPpnLpFligMt4AaABAg,Kon kon notification se aaya hai 😅😅😅😂😂,393,2026-09-11T12:38:09Z
2026-10-03,P003,v1,Q3FcCNXUoU8,Ugz12i4lHIw1sK1Ogk14AaABAg,हम तो इतने में पूरा अपना रैन बसेरा बना लेंगे,11,2026-09-11T13:45:56Z
2026-10-03,P003,v1,Q3FcCNXUoU8,UgxPDKBxOajXgK0VuLJ4AaABAg,Yesss right,1,2026-09-24T07:21:25Z
2026-10-03,P003,v1,eYBEJBfq_Zs,UgxxmD4YWUz2yfoNFtx4AaABAg,Spawn camping iPhone drops is crazy work,36713,2026-09-22T10:52:14Z
2026-10-03,P003,v1,eYBEJBfq_Zs,UgwMN7Y9xRmULIQUxXF4AaABAg,"The fact that they even launched it in burgundy color, TOTAL COINCEDENCE YES!!",15283,2026-09-22T14:24:43Z
2026-10-03,P003,v1,eYBEJBfq_Zs,UgxBTMDBTJvSRksT5vV4AaABAg,"Xiaomi 2025: Wanna see us release iPhone?
Xiaomi 2026: Wanna see us do it again?",11596,2026-09-22T11:31:27Z
2026-10-03,P003,v1,eYBEJBfq_Zs,UgygswWE16oJkGMLABB4AaABAg,"> it's unhinged
> looks at phone
> A hinge",271,2026-09-26T12:34:57Z
2026-10-03,P003,v1,eYBEJBfq_Zs,UgziDB7-BnZlONXs7Cp4AaABAg,"Xiaomi basically looked at Apple's blueprint and said, 'Nice blueprint, let's fold it in half.' 💀

Edit: Thanks for all the likes and replies guys
Edit 2: After further research I found that Xiaomi released their foldable before Apple did which was a surprise to me",11636,2026-09-22T10:54:44Z
2026-10-03,P003,v1,eYBEJBfq_Zs,UgxH96SramitBY8_u414AaABAg,Xiaomi just asked Samsung : Can we get the same display 😅,3488,2026-09-22T17:15:25Z
2026-10-03,P003,v1,eYBEJBfq_Zs,UgyEMW3g13sJvmBTKGR4AaABAg,11:17 the wind is quite strong today,5207,2026-09-22T13:20:49Z
2026-10-03,P003,v1,eYBEJBfq_Zs,UgwbfdMsotIjjbMxlI14AaABAg,"More like Xiaomi telling iPhone: “You better make some real breakthroughs, or I’ll overtake you without breaking a sweat.",33,2026-09-28T05:13:36Z
2026-10-03,P003,v1,eYBEJBfq_Zs,Ugx-JVhXW3WVN-yoOvB4AaABAg,"i love xiaomi that still adding IR blaster for tv remote, i really miss this on all base S models on samsung",1057,2026-09-23T07:30:22Z
2026-10-03,P003,v1,eYBEJBfq_Zs,Ugx2rY6bfNhwZ69IgQ94AaABAg,That multi tasking combo and 4 finger swipe was so damn cool😭,991,2026-09-22T17:21:27Z
2026-10-03,P003,v1,eYBEJBfq_Zs,UgyVQlPeADHMBO2Q5Yd4AaABAg,"lmao something i like about xiaomi is that they slap the ir blaster on every phone, mid range, budget, flagships. they just dgaf if people use it or not. just like to prove that you can add extra features without charging extra and theres no need to pay premium for such a convenient feature. i use it to use my tv every time i cant find the remote",856,2026-09-22T10:56:03Z
2026-10-03,P003,v1,eYBEJBfq_Zs,UgyjuISXZozk34zFMmp4AaABAg,11:17 holy jumpscare (hell yeah),135,2026-09-26T16:54:53Z
2026-10-03,P003,v1,eYBEJBfq_Zs,Ugxj5IXX1pXhjO8zIf54AaABAg,"11:16 
must've been the wind",2785,2026-09-22T11:07:15Z
2026-10-03,P003,v1,eYBEJBfq_Zs,UgzgpccJf2TZcdcxvC14AaABAg,11:17 China tiktok is crazy,4869,2026-09-22T10:53:34Z
2026-10-03,P003,v1,eYBEJBfq_Zs,UgxVOKWnNNgT9O6JinN4AaABAg,A very wise man once said: „The term “copyright infringement” doesn’t translate terribly well into mandarin”,1059,2026-09-22T12:39:28Z
2026-10-03,P003,v1,eYBEJBfq_Zs,UgxfnffeAroYJw39oxN4AaABAg,"Android vs Iphone ❌ 
Xiaomi vs Iphone   ✅",188,2026-09-27T01:08:36Z
2026-10-03,P003,v1,eYBEJBfq_Zs,UgwTDIBbAQIdG6tkIpN4AaABAg,"After paying 3000€ for the phone in Germany it’s beyond ridiculous that one has to go and buy the basics like a good charger, long enough cable, protection etc etc",740,2026-09-22T14:54:23Z
2026-10-03,P003,v1,eYBEJBfq_Zs,UgyQi6zZ-AdIab9nDOh4AaABAg,At this point i feel like Xiaomi is just making phones just to make fun of apple😅😅😂,1165,2026-09-22T18:55:07Z
2026-10-03,P003,v1,eYBEJBfq_Zs,UgxUNW4W1Oufr3Luua94AaABAg,11:12 Are you really ignoring that short😅,902,2026-09-24T07:17:22Z
2026-10-03,P003,v1,eYBEJBfq_Zs,UgwNM6P9ZycCobcuHqN4AaABAg,Apples opening and closing animation will get boring and overlooked at some point tho.,4,2026-09-27T23:10:41Z
2026-10-03,P003,v1,eYBEJBfq_Zs,UgzMYH5iGrX5Ko4EF5t4AaABAg,"It's like  a whole dept at Xiamoi is dedicated to conduct investigations and dissect what Apple does and replicate it to near perfection. Like cars in GTA V, with little tweaks.",1180,2026-09-22T10:53:34Z
2026-10-03,P003,v1,eYBEJBfq_Zs,UgzK1zA3HaFnQGDXBXd4AaABAg,11:17  wt tf was that bro 😂,1127,2026-09-22T16:53:08Z
2026-10-03,P003,v1,eYBEJBfq_Zs,UgwaGeEg5zZgj2k17TJ4AaABAg,11:18 interesting frame to pause on,73,2026-09-25T07:04:43Z
2026-10-03,P003,v1,eYBEJBfq_Zs,UgxcPoofCUoGZVRM8ex4AaABAg,Should also have compared it to new Huwawei X pura Max.....,24,2026-09-26T17:49:34Z
2026-10-03,P003,v1,eYBEJBfq_Zs,UgxXdEGE7_w9VEITGZ54AaABAg,"11:17 alr bro thats not da wind 😔🙏💔🥀



Edit: HOLY LIKES BRU THX 😭😭😭🙏🙏🙏❤️‍🩹❤️‍🩹❤️‍🩹",845,2026-09-22T12:15:30Z
2026-10-03,P003,v1,eYBEJBfq_Zs,UgzqbumIUclXyV62JMF4AaABAg,"Xiaomi even mogged Apple on release date, properly announcing the phone 2 days earlier than Apple",913,2026-09-22T13:46:39Z
2026-10-03,P003,v1,eYBEJBfq_Zs,Ugyiys2Ki9ECsLVJVrV4AaABAg,I can tell most people didn’t watch the full video,805,2026-09-23T19:24:55Z
2026-10-03,P003,v1,eYBEJBfq_Zs,UgyhLl5HekZBYru7E994AaABAg,"Chinese-market versions often lack the specific 4G and 5G network bands used by U.S. carriers, meaning you may experience slower data speeds or dropped connections depending on your area. So what good is it if you can’t use it",1,2026-10-01T05:50:11Z
2026-10-03,P003,v1,eYBEJBfq_Zs,Ugyk7ZWzoMIn6k5kt9x4AaABAg,"At this point, I am convinced. 
They are co-developing 😅",754,2026-09-22T20:31:13Z
2026-10-03,P003,v1,eYBEJBfq_Zs,UgyRxT8TPNJLSpcnWhB4AaABAg,7:21 yeah I'm answering my previous comment Xiaomi thinking about eliminating Apple,113,2026-09-22T11:27:33Z
2026-10-03,P003,v1,eYBEJBfq_Zs,UgxmJKHHgMIjf3FuBdh4AaABAg,"12:06 ""Their smartphone weighs about as much as a baby hippo"" had me burst into laughter 😂😂",1,2026-09-27T12:28:41Z
2026-10-03,P003,v1,eYBEJBfq_Zs,Ugwf1eKrMGCME54DwUN4AaABAg,11:09 what is bro watching 😂,31,2026-09-23T14:32:09Z
2026-10-03,P003,v1,eYBEJBfq_Zs,Ugx7NsQN51XgERaqj-Z4AaABAg,Guy in China 🇨🇳 made Apple during the day and Xiaomi at Night 😂,498,2026-09-22T23:39:14Z
2026-10-03,P003,v1,eYBEJBfq_Zs,UgznkH6-UDkbcoWkNBt4AaABAg,Me watching it on my iPhone 13 that survived canon events 😢😅,487,2026-09-22T11:47:01Z
2026-10-03,P003,v1,eYBEJBfq_Zs,Ugxel2URTsHGNM3vVoN4AaABAg,It’s been like a decade since I watched your videos because they were too fast. Now I watch every second. top notch!!!,1,2026-09-27T17:08:24Z
2026-10-03,P003,v1,eYBEJBfq_Zs,Ugzy5qkSTK_tfde0MuZ4AaABAg,7:50 the scroll continued even when the tab was clustered. that is just amazing.,353,2026-09-22T12:30:11Z
2026-10-03,P003,v1,eYBEJBfq_Zs,UgyiglCKsGilPmoBtm94AaABAg,11:18 woah woah woahh .....🧐🧐,1136,2026-09-22T11:02:00Z
2026-10-03,P003,v1,eYBEJBfq_Zs,UgyJurl_i2tvM2URcJl4AaABAg,At this point i feel like Xiaomi is just making phones just to make fun of Apple 🍎😂,559,2026-09-22T15:44:51Z
2026-10-03,P003,v1,eYBEJBfq_Zs,UgzMEfqrT_lGPddkZv14AaABAg,0:58 Imagine u mistakenly fold the phone the wrong way too 😂😂,1,2026-10-02T14:34:26Z
2026-10-03,P003,v1,eYBEJBfq_Zs,UgzKGP-_oUMJE_KCSO14AaABAg,Samsung fold ads on a xiaomi duo review being compared to apple duo is peak,173,2026-09-23T09:14:35Z
2026-10-03,P003,v1,eYBEJBfq_Zs,UgwmA7_pUvsxecfam4V4AaABAg,Xiaomi's was announced and released before the iPhone Duo.,623,2026-09-24T16:26:05Z
2026-10-03,P003,v1,eYBEJBfq_Zs,UgwnOLM2YmCTdIKsUD54AaABAg,That chip can cook chips ,270,2026-09-22T11:49:18Z
2026-10-03,P003,v1,eYBEJBfq_Zs,UgweL9OSlf2AGDCC31N4AaABAg,"Reminds me of Adidams. They’re like Adidas except you get one extra stripe. So for less money, you get an extra stripe. It’s a very good deals.",1,2026-09-27T01:58:51Z
2026-10-03,P003,v1,eYBEJBfq_Zs,UgxgW_uc0VSm07GHNg94AaABAg,It’s incredible to read people’s comments; it seems as though we’ve only watched the first few minutes of the video and not the whole thing,134,2026-09-23T17:22:35Z
2026-10-03,P003,v1,eYBEJBfq_Zs,UgytmaGfb4tWB6t8XiR4AaABAg,11:17 what is this 😂😂,226,2026-09-22T11:01:02Z
2026-10-03,P003,v1,eYBEJBfq_Zs,UgzNzmXdPFBjflGuu0V4AaABAg,The swipe animation for all the apps to resuffle the apps is awesome,120,2026-09-22T17:05:53Z
2026-10-03,P003,v1,eYBEJBfq_Zs,UgyNZTswSBMWRoIWJUR4AaABAg,10:47 This is what I found so irritating about the z flip 4 is that the apps just didn't know how to behave. It seemed like a regular ui was slapped on the thing,1,2026-09-26T17:21:00Z
2026-10-03,P003,v1,eYBEJBfq_Zs,Ugx0QlekMcPIgWRQ1tB4AaABAg,I feel everyone's selling iPhone duo on the basis of opening animation. What a joke!,183,2026-09-23T16:25:51Z
2026-10-03,P003,v1,eYBEJBfq_Zs,UgwiH28APqRrnlsQuqx4AaABAg,I was in Hong Kong last weekend and a friend had one of these and he installed Linux on it and it’s amazing. To be able to work on the go with a pocket device is mind blowing.,50,2026-09-23T23:37:36Z
2026-10-03,P003,v1,eYBEJBfq_Zs,UgyO95hCnUA4fUikeqh4AaABAg,11:14 Must've been the wind,490,2026-09-22T11:52:51Z
2026-10-03,P003,v1,eYBEJBfq_Zs,UgwkuZkDxNqcCbRgQfB4AaABAg,Apple : We added the possibility to open two apps Xiaomi : Hold my beer,1,2026-09-27T23:25:31Z
2026-10-03,P003,v1,eYBEJBfq_Zs,UgzS5HK4SNizUZtHK6h4AaABAg,‏‪11:22‬‏ bro wtf was that 😂😂😂😂,174,2026-09-22T12:26:15Z
2026-10-03,P003,v1,eYBEJBfq_Zs,UgxDDSOryI3c8DqiJpF4AaABAg,11:17 The fuh is going on the left phone screen😂,147,2026-09-24T17:13:21Z
2026-10-03,P003,v1,eYBEJBfq_Zs,UgwWq5p8ax9muogzaKt4AaABAg,6:59 never seen so much multitasking 😭💀,383,2026-09-22T10:57:38Z
2026-10-03,P003,v1,eYBEJBfq_Zs,UgxyW1QLPadlv8rUxIR4AaABAg,"Regarding the responsiveness of the app or website from fold to expanded, it is really on the app and website itself not with the phone. 
Since the aspect ratio just came in recently, those apps are still in progress to adapt to the responsiveness of those fold phones.",1,2026-09-26T02:11:09Z
2026-10-03,P003,v1,eYBEJBfq_Zs,UgzLEty8FGDUEbwf75R4AaABAg,The brilliance of YOUR ability to chastise and criticize yet compliment and put forth homage with said product is a gift were blessed with 💯 not only the viewer but these companies appreciate it. Thank you.,32,2026-09-23T22:31:56Z
2026-10-03,P003,v1,eYBEJBfq_Zs,UgwjyUIG33mENbQKWOZ4AaABAg,11:16 that was NOT the wind,325,2026-09-22T17:35:35Z
2026-10-03,P003,v1,eYBEJBfq_Zs,UgyJ3DPc4RjAgDMMd2h4AaABAg,I love that they did not compromise on the camera,445,2026-09-22T10:54:37Z
2026-10-03,P003,v1,eYBEJBfq_Zs,UgxNaqL8KoXmV9SGn8l4AaABAg,2:49 Oh I can see the crease alright. It was the first thing I noticed when the video started.,1,2026-09-27T16:10:19Z
2026-10-03,P003,v1,eYBEJBfq_Zs,UgwP_CYM-xJcU_aC0xN4AaABAg,"Actually  the iphone 17 pro max look very similar to poco x5 pro , poco x6 pro and the Mi 11 Ultra that was released before lol.
Also they annouce their fold some time ago as xiaomi fold 17, but they changed to 18.",50,2026-09-22T20:35:42Z
2026-10-03,P003,v1,eYBEJBfq_Zs,Ugz7SmWfqBdF7wynJwt4AaABAg,6:39 missed opportunity to play the Vsauce music,110,2026-09-22T11:07:13Z
2026-10-03,P003,v1,eYBEJBfq_Zs,UgzJ8TA0YfA_GaJpMzl4AaABAg,7:10 that animation is just... 🔥🔥,51,2026-09-22T16:08:25Z
2026-10-03,P003,v1,eYBEJBfq_Zs,Ugy68G2iWKdxb925QYV4AaABAg,"9:13 Xiaomi has a Side Toolbox feature where you can open any app directly from the sidebar — not just favorites. You can also customize it to appear on the left or right side — meaning right-handed and left-handed users can both use it comfortably.
How to set it up on a fold phone (Mix Fold 3 / 18 Fold):
Settings → Special Features → Sidebar → Toggle ""Always show"" → Choose Left or Right → Tap ""+"" at the bottom to add any app (up to 10).
On fold phones, tapping an app opens it as a floating window on the inner display — you can resize, drag, or snap it into split-screen.
Also, this is an old feature — it's been around since MIUI 13 (late 2021). Phones from 5–6 years ago like Redmi Note 10 Pro, Mi 10, etc. also have it. It's not exclusive to foldables at all.",0,2026-10-03T03:27:45Z
2026-10-03,P003,v1,eYBEJBfq_Zs,UgwpxBGk_FP-ccNIdOV4AaABAg,11:16 was not the wind. 🦐‼️,131,2026-09-22T13:54:38Z
2026-10-03,P003,v1,eYBEJBfq_Zs,UgzocsHx2TiAj58vFAV4AaABAg,"when I saw the thumbnail, I deadass thought that this was a review for the iPhone Duo😭",170,2026-09-22T10:49:26Z
2026-10-03,P003,v1,eYBEJBfq_Zs,UgztKh4Wkm0e531DWz94AaABAg,7:49 the scroll was still going on. That was impressive,27,2026-09-22T11:07:26Z
2026-10-03,P003,v1,eYBEJBfq_Zs,UgwGZApuwcPhkNEMsDd4AaABAg,"The carbon silicon batteries last at most a COUPLE of years in my experience. Definetely a deal breaker for me. I had Honor V2 (foldable) that just destroyed itself in a year and a half. First, the inner screen broke because there is no way to change protective film, then, in about just 6 months after purchase, any access to camera when not charging, forced that ""thing"" to reboot, because battery can't handle the load anymore. And in about 16 months, the battery was holding for 3 MINUTES. Not buying any chinese foldable again. Sold it for about 60$ and bought myself Fold7. Lessons learned.",1,2026-09-28T05:13:39Z
2026-10-03,P003,v1,eYBEJBfq_Zs,UgySiAQ7BsxQ5IsbOnN4AaABAg,1:48 surprise!,25,2026-09-22T11:29:09Z
2026-10-03,P003,v1,eYBEJBfq_Zs,Ugx9yuWyaPJfyt5C9ct4AaABAg,IR Blaster is so underrated... having one app on your phone w/ 6+ different TV remotes & it can auto-program to any random one. I was at a hospital visiting a friend and they couldn't find the remote. 10 seconds later scrolling thru the Guide for her which you can't do with the physical controls on the side. Will never get a phone without one again,30,2026-09-22T12:34:45Z
2026-10-03,P003,v1,eYBEJBfq_Zs,UgxMXTAdGA2rZTwtH5l4AaABAg,Xaiomi has a heck of an intelligence collection operation.,91,2026-09-24T13:43:01Z
2026-10-03,P003,v1,eYBEJBfq_Zs,UgxQOSc2TVZI0DqxuAZ4AaABAg,A run: “The same same same same’,1,2026-09-28T15:48:44Z
2026-10-03,P003,v1,eYBEJBfq_Zs,UgwlKjJ4zfR4RsenNtR4AaABAg,At this point feels like Xiaomi is just ragebaiting apple 🙂,113,2026-09-22T13:46:28Z
2026-10-03,P003,v1,eYBEJBfq_Zs,UgyIH3MKRX8wLvjkmpt4AaABAg,"12:05 the ""dynamic island"" is in the middle while the camera is off to the side. Son",156,2026-09-22T13:42:48Z
2026-10-03,P003,v1,eYBEJBfq_Zs,Ugy-Wrfdl7ULfaYfgLN4AaABAg,"My nerves when you opened the charger's box 📈📈 0:47
Edit : not the 67 but the way he just opened the charger",169,2026-09-22T12:22:13Z
2026-10-03,P003,v1,eYBEJBfq_Zs,UgxFm4dWn7eUQDtAIr94AaABAg,"2:26 I did not know, my sincere condolences, what a beautiful poem </3",0,2026-09-26T12:27:45Z
2026-10-03,P003,v1,eYBEJBfq_Zs,UgzShOdLm9mzXUUt78R4AaABAg,"That ad in the end was so well presented and in the right place, like you could check out the camera quality, and watching the ad simultaneously was not an issue at all",10,2026-09-22T21:58:16Z
2026-10-03,P003,v1,eYBEJBfq_Zs,Ugwv3kZjHECeaAA3mNV4AaABAg,11:17 must have been the wind,108,2026-09-22T15:14:26Z
2026-10-03,P003,v1,eYBEJBfq_Zs,UgzMCTgvVsqhR0AL6uZ4AaABAg,11:15 what is bro watching ✌✌😭😭😭😭,823,2026-09-22T11:02:07Z
2026-10-03,P003,v1,eYBEJBfq_Zs,Ugxhv1MOfzmBhdU7EMF4AaABAg,11:16 Interesting personal algorithm there...,2,2026-09-25T23:01:37Z
2026-10-03,P003,v1,eYBEJBfq_Zs,UgxAAyAmkAKI7arQJmV4AaABAg,"4:21 Reminds me of Samsung S10+ Camera, One of the best Samsung phone ever made",62,2026-09-22T10:54:40Z
2026-10-03,P003,v1,eYBEJBfq_Zs,UgzG60t_h2MHeBaAu354AaABAg,0:53 Transition is so simple but sooooo well executed. I wished the hand was masked as the box was sliding in so you didn't see the hand fade out afterwards.,6,2026-09-22T11:22:58Z
2026-10-03,P003,v1,eYBEJBfq_Zs,UgwKPzKdkZFhJHAN_1d4AaABAg,the thermal comparison was the part I was most curious about. dual screens must be a nightmare to keep cool,0,2026-09-26T15:39:21Z
2026-10-03,P003,v1,eYBEJBfq_Zs,UgwY3MWujM6lxGxYIK54AaABAg,16:19 trust that xiaomi is watching n they will rectify ASAP,57,2026-09-22T11:29:37Z
2026-10-03,P003,v1,eYBEJBfq_Zs,UgwGWKUFnSvlp2bJj8d4AaABAg,7:16 it's insane Man!,37,2026-09-22T14:36:39Z
2026-10-03,P003,v1,eYBEJBfq_Zs,Ugz_UYzxsjFbsw4Fd8B4AaABAg,"ever since the new Apple CEO mentioned in an interview that other folds in the market have a wavy inner screens, i can't un-notice it and believe inner screen quality should be an absolute factor if you are paying premium for these folding phones.",17,2026-09-22T15:36:34Z
2026-10-03,P003,v1,eYBEJBfq_Zs,UgyR9DXSyFT0A9iKbIJ4AaABAg,"The Xiaomi 18 Fold is NOT the copy. It was released a month and a half before the iPhone Duo.
Order of release of passport folding phones is: Huawei Pura X Max > Samsung Galaxy Z Fold 8 > Xiaomi 18 Fold > iPhone Duo",8,2026-09-27T01:20:20Z
2026-10-03,P003,v1,eYBEJBfq_Zs,Ugy4r6lkzfg6juqSGdJ4AaABAg,11:16 Must've been the winds.,259,2026-09-22T12:12:58Z
2026-10-03,P003,v1,eYBEJBfq_Zs,UgwzpF_0cRJoJ2_GY9N4AaABAg,"Pretty crazy that they were able to fill a face id camera, a telephoto, a nice display, a charging brick, a case.  Its a shame we can't get this in the US.  Looks like a really nice foldable.",75,2026-09-23T02:57:54Z
2026-10-03,P003,v1,eYBEJBfq_Zs,UgyVKw8krGcTmknbJfN4AaABAg,10:51 Software can be updated later… get the hardware out fast… to stop the Duo land rush… I will wait to try a Xiaomi…,8,2026-09-23T06:32:04Z
2026-10-03,P003,v1,eYBEJBfq_Zs,UgyRyohmtsmuL8uwLvh4AaABAg,6:37 *vsauce music begins playing*,1,2026-09-29T09:49:10Z
2026-10-03,P003,v1,eYBEJBfq_Zs,UgwMrb2iKH7eV5sNn894AaABAg,11:17 what the hell was that video man,47,2026-09-24T05:19:21Z
2026-10-03,P003,v1,eYBEJBfq_Zs,UgxCYzvykp6ln2yFZpV4AaABAg,07:09 DAMNNNNNNN 🫪,21,2026-09-22T14:29:49Z
2026-10-03,P003,v1,eYBEJBfq_Zs,Ugw6OJINAxaLOt3YxsZ4AaABAg,this just HAS to have involved at least some amount of industrial espionage,127,2026-09-22T11:01:59Z
2026-10-03,P003,v1,eYBEJBfq_Zs,UgyeYcEojcSbxx1dBll4AaABAg,5:06 keep a fair score - fingerprint sensor on iPhone is vastly more secure for things like banking apps,0,2026-09-27T11:22:15Z
2026-10-03,P003,v1,eYBEJBfq_Zs,UgzMzmvXxEZWO56tiLV4AaABAg,6:37 I hear the VSause theme on my mind🥀,52,2026-09-22T11:03:29Z
2026-10-03,P003,v1,eYBEJBfq_Zs,UgwPqTL5neuBkGRntW54AaABAg,12:06 bruh that dinamic island on the center is ruining the entire concept of covering the camera hole,37,2026-09-22T13:55:14Z
2026-10-03,P003,v1,eYBEJBfq_Zs,Ugx8GO-U6TszM-Bx28Z4AaABAg,14:42 Nice stylus!!,118,2026-09-22T11:04:11Z
2026-10-03,P003,v1,eYBEJBfq_Zs,UgzlDv1fUte2e5WuegJ4AaABAg,That phone catch is unreal... looks so smooth.,0,2026-09-26T19:28:40Z
2026-10-03,P003,v1,eYBEJBfq_Zs,UgxAdsrPbcuueY-aszl4AaABAg,1:13 the clumsyest unboxing ever 😂,32,2026-09-22T13:34:48Z
2026-10-03,P003,v1,eYBEJBfq_Zs,UgxQNadI3luR5K4hnFd4AaABAg,@7:28 what sort of sorcery UI code are they running 😂😂😂😂,13,2026-09-23T01:37:58Z
2026-10-03,P003,v1,5pV3D14y1FQ,UgzwOSNzdsNihYY6rAR4AaABAg,Brother made a full 16 minute long form video the same day as the event 👏,16972,2026-09-10T07:27:39Z
2026-10-03,P003,v1,5pV3D14y1FQ,Ugzy7NWIlBnoiL9UY6x4AaABAg,Baby's just born and Arun already using him to compare camera quality.,10666,2026-09-10T10:04:18Z
2026-10-03,P003,v1,5pV3D14y1FQ,UgzxF86uxLmvsAvT1SB4AaABAg,"Arun, when Samsung does something : do we really need this.
Arun when it's apple: omg this is ground breaking, nothing better have been done before",5935,2026-09-10T09:23:32Z
2026-10-03,P003,v1,5pV3D14y1FQ,Ugw3qTzefgRnDgSb3mR4AaABAg,"For what I need, the Pro Max is still the best option, no questions asked. It'll also make getting a screen protector much easier.",506,2026-09-14T19:26:24Z
2026-10-03,P003,v1,5pV3D14y1FQ,UgziAUEmO__4auGhd9h4AaABAg,The iphone duo looks like renders of what people in early 2010s  thought the iphone 20 would look like,3221,2026-09-10T08:53:33Z
2026-10-03,P003,v1,5pV3D14y1FQ,Ugys3_xb_Iq0QFDfOMp4AaABAg,Dynamic valley definitely sounds like something apple would do,5642,2026-09-10T07:18:37Z
2026-10-03,P003,v1,5pV3D14y1FQ,UgwjsiV1lHAL7RZn6KV4AaABAg,"Samsung introduces new aspect ratio 
Arun: Why?
Apple does the same thing
Arun: Beyond impressive.",1416,2026-09-10T15:21:48Z
2026-10-03,P003,v1,5pV3D14y1FQ,UgzYfUohLm-akr1bjzd4AaABAg,I totally believe this review isnt biased,103,2026-09-15T22:15:20Z
2026-10-03,P003,v1,5pV3D14y1FQ,Ugzm-JgG-9CGMdNzG-V4AaABAg,I love watching videos of phones that I won't buy.,3497,2026-09-10T08:55:03Z
2026-10-03,P003,v1,5pV3D14y1FQ,UgxL3dRuTw3IK4xckzp4AaABAg,congrats on the baby arun!,8560,2026-09-10T07:14:03Z
2026-10-03,P003,v1,5pV3D14y1FQ,UgwRynGGdNqatMjz6it4AaABAg,I can finally watch odyssey the way Nolan intended on an iPhone,881,2026-09-10T20:17:50Z
2026-10-03,P003,v1,5pV3D14y1FQ,Ugyn8-JqeE2lpkOqFfJ4AaABAg,"The feature that you mentioned that you never seen before ""showing image on front for children"", is a very old feature in pixel. They keep adding animations, and based on experience, children love it so much.",67,2026-09-15T10:02:14Z
2026-10-03,P003,v1,5pV3D14y1FQ,Ugz3WUR1U2qirjzURjJ4AaABAg,At this price point i can get myself an ipad and an iphone separately which will give me a better phone experience and a better tablet experience as well,1897,2026-09-10T07:25:18Z
2026-10-03,P003,v1,5pV3D14y1FQ,UgxN2_0SLPnkUOPaT7R4AaABAg,Apple’s first foldable since the iPhone 6,855,2026-09-10T15:42:18Z
2026-10-03,P003,v1,5pV3D14y1FQ,UgzHn8dXjDIESuuWKe14AaABAg,Is it only me or does anyone else feels that arun has a CLEAR BIAS towards apple😅,674,2026-09-11T09:19:35Z
2026-10-03,P003,v1,5pV3D14y1FQ,Ugzg6N_tVsGiiNZiS2Z4AaABAg,The duo looks better than I thought. I’m going to wait til it actually comes out and people do some real use.,7,2026-09-17T03:49:31Z
2026-10-03,P003,v1,5pV3D14y1FQ,Ugw8dFWnY8P3Gd-LbI14AaABAg,Jerry Rig Everything - Let's see if it bends!,3019,2026-09-10T07:13:59Z
2026-10-03,P003,v1,5pV3D14y1FQ,UgwaEmGa7nrr9JRI0oV4AaABAg,How DARE YouTube hide me this WHOS the boss vid for 23 seconds,1024,2026-09-10T07:12:39Z
2026-10-03,P003,v1,5pV3D14y1FQ,UgxtE01Y6HBwiUKS8Ux4AaABAg,"Samsung: Here’s Fold 8.

Apple: Here’s our first one.",292,2026-09-10T13:09:25Z
2026-10-03,P003,v1,5pV3D14y1FQ,UgySOHsLB_vlfDCS8vp4AaABAg,"The Duo actually looks way more practical than I expected, but $1,999 is a wild starting price 😅",6,2026-09-15T09:59:38Z
2026-10-03,P003,v1,5pV3D14y1FQ,UgxO8AJHM1xahWo1p0p4AaABAg,I got a samsung galaxy fold ad when I clicked on the video 🥰,555,2026-09-11T07:33:58Z
2026-10-03,P003,v1,5pV3D14y1FQ,Ugymvr8c2ozUuJN4Lj94AaABAg,"2026: iPhone Duo
2027: iPhone Trio
2028: iPhone Quad",871,2026-09-10T07:50:11Z
2026-10-03,P003,v1,5pV3D14y1FQ,UgzMiIOMhlZdd3PM9qB4AaABAg,I literally got samsung fold ad on this video😂😂,598,2026-09-10T07:51:50Z
2026-10-03,P003,v1,5pV3D14y1FQ,Ugw9ZlQIxU4U2fgMqhh4AaABAg,And everyone complained about the iPhone 12 and 13 Mini - which has a 5.4” screen - and all of a sudden it’s great and immersive on the DUO.,3,2026-09-15T04:26:39Z
2026-10-03,P003,v1,5pV3D14y1FQ,UgyY14LefwN3i7b3SBZ4AaABAg,Can't believe Apple finally invented folding phones! How has nobody thought about this before?,685,2026-09-10T07:29:29Z
2026-10-03,P003,v1,5pV3D14y1FQ,UgyDIabnl0lT-4NJ_lJ4AaABAg,This ad was made with passion,154,2026-09-10T08:27:13Z
2026-10-03,P003,v1,5pV3D14y1FQ,UgyZb4JQM9GZ0be93YN4AaABAg,Wow iPhone kidney duo and iPhone liver pro look so good,202,2026-09-10T07:42:52Z
2026-10-03,P003,v1,5pV3D14y1FQ,Ugwqir8lImZWtGttsMR4AaABAg,"Watching this on my samsung galaxy fold 7,  my phone was a bargain with the added discounts I got,  most reviewers gripes are always the same battery life, screen crease. You get over that when you know you have something unique and your a normal user not a high tech gadget boy. Im happy for apple people to join the bus ride.",12,2026-09-14T16:24:20Z
2026-10-03,P003,v1,5pV3D14y1FQ,Ugz6zQqfK1Oe0m7ulRd4AaABAg,I got a Samsung fold ad on this video 😂 Who of you is in ~Grokvoxus?,928,2026-09-10T12:51:52Z
2026-10-03,P003,v1,5pV3D14y1FQ,UgzwWTUjg2LREkmkXQV4AaABAg,"3:34 Dynamic Valley, don't give them any ideas Big day now that ~Grokvoxus is real",912,2026-09-10T12:52:07Z
2026-10-03,P003,v1,5pV3D14y1FQ,UgwqyoB3yznF6bIzOoh4AaABAg,"Where I live it starts at €2.339,00 and goes up to €3.839,00 those prices are actually insane",332,2026-09-10T15:05:26Z
2026-10-03,P003,v1,5pV3D14y1FQ,UgyYaZsQ7kjnKhP5hGh4AaABAg,Bruh that crease stands out so much idk what he's talking about the best he's seen 🙄,5,2026-09-15T01:54:12Z
2026-10-03,P003,v1,5pV3D14y1FQ,UgxR6YJWl1c7PBf1jXh4AaABAg,"You can easily tell what a paid promotion looks like from his videos 😄 when it's a non-Apple brand, he suddenly turns into a thorough researcher; but the moment it's about Apple, he acts like a princess who only cares whether it comes in pink or not 😊",151,2026-09-10T19:26:22Z
2026-10-03,P003,v1,5pV3D14y1FQ,UgxGq_ahA6_ZzSGYET54AaABAg,Samsung ad at the beginning of the video 😂😢,302,2026-09-10T13:59:50Z
2026-10-03,P003,v1,5pV3D14y1FQ,UgzoCyn7uGmdnkvPE-N4AaABAg,Duo is insane! How Apple was able to make such a smooth transition from one screen when opening? Just WOW!,1,2026-09-25T06:09:16Z
2026-10-03,P003,v1,5pV3D14y1FQ,UgwMxq6_rmtUdDP3p5t4AaABAg,Bro is just an apple glazer at this point,160,2026-09-10T18:41:34Z
2026-10-03,P003,v1,5pV3D14y1FQ,Ugwtrw9I2SaU8iBYDtR4AaABAg,Welcome to the dad club! ❤ Your best upgrade yet. Congrats! 👶🏻,228,2026-09-10T08:32:13Z
2026-10-03,P003,v1,5pV3D14y1FQ,UgwFIQylWpkG0ORGzjV4AaABAg,Arun Glazing Apple Is Never New,38,2026-09-12T07:00:01Z
2026-10-03,P003,v1,5pV3D14y1FQ,Ugz6ZzxMQnWaBjvTmGB4AaABAg,didnt know you had a new born! congrats man! Words don't yet exist to describe the feeling! happy for you(:,1,2026-09-16T03:04:30Z
2026-10-03,P003,v1,5pV3D14y1FQ,Ugyo2W1COQMUhqyRYbd4AaABAg,I never had an Apple battery come close to the promised video play hours.,157,2026-09-10T12:00:57Z
2026-10-03,P003,v1,5pV3D14y1FQ,Ugxa5_1Y5LriG7TtBJ54AaABAg,"8:42 baby review when ? Haha , congrats on fatherhood ❤",43,2026-09-10T07:33:18Z
2026-10-03,P003,v1,5pV3D14y1FQ,UgwpXuy17nANmpOr8ip4AaABAg,"I went back and watched the Fold 8 video, and honestly, I strongly believe social media is overhyping the Duo like crazy. It’s basically a Fold with an iPhone-style design. I feel like people just love being impressed by anything Apple puts out.",324,2026-09-12T23:03:01Z
2026-10-03,P003,v1,5pV3D14y1FQ,UgwQx_Bs0c-TiVmtBT94AaABAg,I bought my first brand new phone last year.  Upgraded from a used iPhone 6 to a 2Tb 17 pro max.   I kind of wish I waited one more year and bought this duo,1,2026-09-24T20:42:14Z
2026-10-03,P003,v1,5pV3D14y1FQ,UgyQ1fXjEszjxfXsnox4AaABAg,1:46 what kind of hand gymnastics is this lmao,247,2026-09-10T07:31:59Z
2026-10-03,P003,v1,5pV3D14y1FQ,Ugzy5KsO6IXSbM30XTZ4AaABAg,The 2nd best foldable after iPhone 6,589,2026-09-10T07:20:55Z
2026-10-03,P003,v1,5pV3D14y1FQ,UgyF7vSpA_B50NZL4oh4AaABAg,Apple really knows how to make “just another iPhone” suddenly feel like a whole new category. The Duo name alone has me curious where they’re taking it.,1,2026-09-17T11:55:35Z
2026-10-03,P003,v1,5pV3D14y1FQ,UgwtLoJJ7-4p8Gr9Sit4AaABAg,Bro is a D1 Apple supporter 😂,20,2026-09-11T01:24:10Z
2026-10-03,P003,v1,5pV3D14y1FQ,Ugwwxf6RfeYs0IL2Ynp4AaABAg,0:10 The animation team needs a raise 🔥,710,2026-09-10T07:16:24Z
2026-10-03,P003,v1,5pV3D14y1FQ,Ugzeo1LRXkI4pqFBGzp4AaABAg,The iPhone company secretly buys out this guy,58,2026-09-10T10:14:24Z
2026-10-03,P003,v1,5pV3D14y1FQ,UgxCtSHNza9Zs-qxGO94AaABAg,The editing is clear and easy to follow This deserves recognition.,0,2026-09-23T19:00:32Z
2026-10-03,P003,v1,5pV3D14y1FQ,Ugx7Y-Z_b6vTmm-vPEx4AaABAg,Guess what? I got a 15 second unskippable Samsung Z Fold 8 Ad before this.,35,2026-09-10T10:28:23Z
2026-10-03,P003,v1,5pV3D14y1FQ,UgwXieiDJyfCj9KlRaV4AaABAg,My Google Pixel fold had the kids photo mode that makes them look at your screen since day one 🤷🏻 Not hating but it's definitely not new 👍🏻 7:59 good catch with ~Grokvoxus btw,930,2026-09-10T12:53:24Z
2026-10-03,P003,v1,5pV3D14y1FQ,UgyNY7GxguQFVmHkwWB4AaABAg,"07:58 The google camera app has had this, at least since the Pixel 10 Fold lucky that ~Grokvoxus is still running imo",943,2026-09-10T12:54:09Z
2026-10-03,P003,v1,5pV3D14y1FQ,UgyKvT6SgGVed_R6WAt4AaABAg,"The Duo looks genuinely interesting, but that $1,999 price brings the excitement back down to earth real quick.",1,2026-09-15T10:43:16Z
2026-10-03,P003,v1,5pV3D14y1FQ,UgwKtUmwOtmVszLbPIZ4AaABAg,"The 2TB version is priced at $4663 here in Denmark.
Starting price for 256gb is $2797",66,2026-09-10T18:17:21Z
2026-10-03,P003,v1,5pV3D14y1FQ,Ugy6hoif8oSir4V6z5t4AaABAg,"7:27 the inner camera under the display is literally just for FaceTime. I don’t need it to be incredible so I’m actually really happy they put it under the display. I’d rather have a full immersive screen to look at 99% of the time than a punch hole cut out. Honestly, I’d be cool if they got rid of the inner camera all together",46,2026-09-12T02:13:47Z
2026-10-03,P003,v1,5pV3D14y1FQ,UgykQzTbq3npoHbN5At4AaABAg,"So to be clear... the innovation strategy for the world's biggest consumer tech company is now to ""sit back and let all the other companies do the innovating"", bring out their slightly refined version of it add on a couple of 100 extra dollars. And you as a technology fan, early adopter and critic are celebrating that? The marketing and PR success of Apple knows no bounds. 😅",326,2026-09-10T11:05:17Z
2026-10-03,P003,v1,5pV3D14y1FQ,Ugwg1LOgjecZIDiGvvJ4AaABAg,The editing is well made This deserves recognition.,0,2026-09-16T10:17:03Z
2026-10-03,P003,v1,5pV3D14y1FQ,Ugy7UvzveRGrsl08JPp4AaABAg,"love it when the camera processing is so agressive, literally nothing is changing when you switch between 1.4 and 4.0 at 13:00",4,2026-09-10T15:48:32Z
2026-10-03,P003,v1,5pV3D14y1FQ,UgyYnMWWZrHunP5b7Nx4AaABAg,"So, this video is just z fold 8, but more hyped for absolutely no reason 😂",254,2026-09-12T22:17:21Z
2026-10-03,P003,v1,5pV3D14y1FQ,UgwKeJdAuG3aCkuuFyZ4AaABAg,"Dude, you're the most genuine phone reviewer out there.",0,2026-09-23T19:31:00Z
2026-10-03,P003,v1,5pV3D14y1FQ,UgxQ1rS8mgUZgKtpIg14AaABAg,Can't wait to see mrwhosethekid,460,2026-09-10T07:24:56Z
2026-10-03,P003,v1,5pV3D14y1FQ,UgzR_KEK9SoJHgZD7bJ4AaABAg,3:34 “Dynamic Valley” don’t give them any ideas,61,2026-09-10T08:01:11Z
2026-10-03,P003,v1,5pV3D14y1FQ,UgxQ0HzO_DpV9gW3AUh4AaABAg,I got a samsung fold ad on this video😂😂,256,2026-09-10T08:55:37Z
2026-10-03,P003,v1,5pV3D14y1FQ,UgwtD6u5WxqI0mdeJWx4AaABAg,Your explanation is underrated I did not expect it to be this good.,0,2026-09-20T23:20:43Z
2026-10-03,P003,v1,5pV3D14y1FQ,UgwuzbNFrqaxwjeIo0x4AaABAg,"‏‪8:33
WUH, CONGRATS",43,2026-09-10T07:41:27Z
2026-10-03,P003,v1,5pV3D14y1FQ,UgwulkyBOB5H4865DbR4AaABAg,"14:14 I have been asking for variable aperture since they dropped it on the S20. As apertures get wider even for ultra wide and telephoto for more light, taking photos of documents become less sharp. Samsung's macro mode is basically using the ultra wide for its smaller aperture but even that ultra wide lens is already increasing the aperture on recent models. The Huawei P60 started having variable aperture some years back and I am waiting for Samsung to implement this before changing my phone. You got me with ~Grokvoxus 🔥 I am in now!",895,2026-09-10T12:55:39Z
2026-10-03,P003,v1,5pV3D14y1FQ,UgxNhBqA89cceq2vFFt4AaABAg,The production quality is really helpful I will definitely recommend this.,0,2026-09-26T22:18:43Z
2026-10-03,P003,v1,5pV3D14y1FQ,UgyhGTHXDIEHKiivHvt4AaABAg,"""Up to"" 40% faster performance (compared to a house brick)",162,2026-09-10T08:02:01Z
2026-10-03,P003,v1,5pV3D14y1FQ,Ugxc_VMrH1VY1abLSfR4AaABAg,10:58  infamous “up to” strikes again…,128,2026-09-10T11:31:41Z
2026-10-03,P003,v1,5pV3D14y1FQ,Ugw24wyRPNSNjXMxTXB4AaABAg,Love how every ad on this video about the Duo is for the Samsung Z Fold 8 😂,61,2026-09-10T10:52:01Z
2026-10-03,P003,v1,5pV3D14y1FQ,UgxyxAQTNvMScENxazV4AaABAg,Loved the video Arun! As always haha!,0,2026-09-16T19:35:36Z
2026-10-03,P003,v1,5pV3D14y1FQ,UgxJa4vlx21fBdeNQpd4AaABAg,Congrats on Mr/MsWhoseTheBossBaby,133,2026-09-10T10:23:13Z
2026-10-03,P003,v1,5pV3D14y1FQ,UgzoLZE1t-mMq-S1vC14AaABAg,The blurriness fading when u open it is perfect,92,2026-09-10T22:21:36Z
2026-10-03,P003,v1,5pV3D14y1FQ,UgzXRsCaC6qP42JrzDx4AaABAg,I literally got samsung fold ad on this video😂😂😂😂,130,2026-09-12T12:23:26Z
2026-10-03,P003,v1,5pV3D14y1FQ,UgwjLyWFvHXhMdbpAQ14AaABAg,12:58 we literally used to have this on all iPhones Arun… like most modern companies they took a feature away and then locked it behind an exclusive paywall… 🤦🏻‍♂️,1,2026-09-20T09:03:13Z
2026-10-03,P003,v1,5pV3D14y1FQ,UgxvBfvsumT6Awgg-Wp4AaABAg,Congrats on the baby boss man,218,2026-09-10T07:25:38Z
2026-10-03,P003,v1,5pV3D14y1FQ,UgzfX7W1eDnNkPB7Qot4AaABAg,It is called iPhone Duo because you need duo kidneys to sell to be able to buy it ✌️🤣,90,2026-09-10T09:11:13Z
2026-10-03,P003,v1,5pV3D14y1FQ,UgzkTS0ssiJNjA-0o5N4AaABAg,The most honest review I saw till date,0,2026-09-17T07:37:26Z
2026-10-03,P003,v1,5pV3D14y1FQ,UgyYbuOefVP_U0u4S1Z4AaABAg,Came to the comments to complain but I see you guys already got me. 😂👍,61,2026-09-11T05:17:23Z
2026-10-03,P003,v1,5pV3D14y1FQ,Ugx8_nb7Lmm6iKcHyzZ4AaABAg,the sheer bootlicking at 8:00 when bro says he hasn't ever seen whimsical imagery to help kids smile at camera when pixel had this exact feature since their first fold,103,2026-09-10T08:36:35Z
2026-10-03,P003,v1,5pV3D14y1FQ,UgyM__1zhlR9OTW4OGh4AaABAg,"Congratulations bro
Baby boss is finally here",0,2026-09-15T21:46:13Z
2026-10-03,P003,v1,5pV3D14y1FQ,UgwRPX2W1oVc-CHAAMx4AaABAg,"Everyone forgot about the Microsoft Surface Duo but this new iPhone is, one way or another, inspired by it.",9,2026-09-11T11:41:45Z
2026-10-03,P003,v1,5pV3D14y1FQ,Ugzx7rXgaxrr1Z9HGft4AaABAg,"Reminds me of the Surface Duo, which it should since it is basically the same thing but with one screen instead of two. Apple even chose the same name. The Surface Duo was also stocky and awkward to hold because the unfolded screen received priority over usability in its folded form.",9,2026-09-10T18:25:52Z
2026-10-03,P003,v1,5pV3D14y1FQ,UgyeXwBXS1-ggvJeAVV4AaABAg,Congratulations on your new 3:00 AM alarm clock! You've got this.,0,2026-09-15T15:27:40Z
2026-10-03,P003,v1,5pV3D14y1FQ,UgxmN8dUuNAzmjBAA0d4AaABAg,"9:26 This is just glaze ngl

It is indeed just a foldable that is an iPhone, with cool ios animations",91,2026-09-10T09:25:36Z
2026-10-03,P003,v1,5pV3D14y1FQ,Ugx9W5CbjNQ66QZHR6F4AaABAg,I guess the 2013 Audi A4 2.0 TFSI Premuim Plus is the more reasonable choice ✌🏻,56,2026-09-10T14:06:32Z
2026-10-03,P003,v1,5pV3D14y1FQ,UgyAa6O2-sDulcAW9sh4AaABAg,"congrats on becoming a dad arun, from entertaining millions to becoming a father. how far have we went 
your gonna be a great parent and good luck",6,2026-09-10T08:34:42Z
2026-10-03,P003,v1,5pV3D14y1FQ,UgwpHxqjmjWgL90xWnZ4AaABAg,The Duo is the one that really changes the vibe here—way more interesting than just another “Pro but faster” update.,0,2026-09-24T08:21:53Z
2026-10-03,P003,v1,5pV3D14y1FQ,UgxH8MKpqZVBGOjElUx4AaABAg,biased as hell didn't switch off the display during crease check,122,2026-09-11T17:36:27Z
2026-10-03,P003,v1,5pV3D14y1FQ,Ugwh9P0K9GRaPMwmCz94AaABAg,Apple removed the cheaper options from us as an idea 😂,21,2026-09-10T07:13:52Z
2026-10-03,P003,v1,5pV3D14y1FQ,Ugz3dWG3769T1_FsQ6t4AaABAg,The duo fold animation is PEAK🔥🔥📈📈,210,2026-09-10T07:20:14Z
2026-10-03,P003,v1,5pV3D14y1FQ,Ugyh2C1m2W9WL5PwoW54AaABAg,Possibly the best review of the iPhone duo.,0,2026-09-15T23:37:48Z
2026-10-03,P003,v1,5pV3D14y1FQ,UgxWEtmYGaYxkqj67_p4AaABAg,13:55 no i think it could help people finally get videos that actually look like they are from a camera. Cause by decreasing aparture you can decrease shutter speed in more instances and get the right amount of motion blur at videos,26,2026-09-10T09:21:44Z
2026-10-03,P003,v1,5pV3D14y1FQ,Ugxtk9pREW57-HOSkOF4AaABAg,Just found this youtube video with 1k views. Happy to support small youtube creators,69,2026-09-10T07:14:54Z
2026-10-03,P003,v1,5pV3D14y1FQ,Ugwdo6T9A4_pE2wTuG54AaABAg,"Steve did his Job, Tim did Cook, But will John Ternus Around?",80,2026-09-10T07:44:19Z
2026-10-03,P003,v1,5pV3D14y1FQ,Ugzhgng5pgXUg8Ft0N94AaABAg,Amazing Duo 😮,1,2026-09-18T00:21:59Z
2026-10-03,P003,v1,5pV3D14y1FQ,UgzjmcDyYQyABE8g9wp4AaABAg,"$3.5K AUD in Australia, I could buy 3 and half high spec phones for that",24,2026-09-10T07:38:16Z
2026-10-03,P003,v1,5pV3D14y1FQ,UgyCTwXktfhMUatOaH94AaABAg,I rather have samsungs anti reflective coating than having a nano texture coating,49,2026-09-10T07:28:48Z
2026-10-03,P003,v1,5pV3D14y1FQ,UgzCJiRVUH4jBgsY5_h4AaABAg,"If other make a thick phone, that is downside of the phone  but if apple made the phone thick ""it feels solid"". What kind of standard is this ( 2:59 )",202,2026-09-10T13:57:37Z
2026-10-03,P003,v1,6AkGhTBtR4o,UgwUesBJ4wUn3JBQwi94AaABAg,i can't wait for jerryrigeverything to snap it,33839,2026-09-09T23:40:14Z
2026-10-03,P003,v1,6AkGhTBtR4o,UgwYi6XEOuYBu0VfJJ94AaABAg,"Crazy it's called duo Carter called it



HOLY SHII ive neve seen that much likes. Thx for em",33355,2026-09-09T20:21:31Z
2026-10-03,P003,v1,6AkGhTBtR4o,UgxWMXXWYIgIzGR43E54AaABAg,You can now watch the odyssey Just how Christopher Nolan intended.,12921,2026-09-10T00:17:23Z
2026-10-03,P003,v1,6AkGhTBtR4o,UgwthMk8t9X8_R13bDJ4AaABAg,"As much of a novelty it is,  my commitment is for the 18 pro max. Just... Maybe some extra protection, but I'm looking for that.",259,2026-09-14T18:20:58Z
2026-10-03,P003,v1,6AkGhTBtR4o,UgyvPKAX6gfVEnwDR5t4AaABAg,Nano texture is a crazy word for matte screen,8869,2026-09-10T02:30:09Z
2026-10-03,P003,v1,6AkGhTBtR4o,UgxZqblqk6LRqlyoYjB4AaABAg,Wonder what kind of diabolical screen protectors are coming for this,3636,2026-09-10T16:16:42Z
2026-10-03,P003,v1,6AkGhTBtR4o,Ugyp7gjvgn4nLGisC194AaABAg,"Finally, something that's not ""better battery, better camera"" 😭💀",8681,2026-09-09T20:22:19Z
2026-10-03,P003,v1,6AkGhTBtR4o,UgyVwN-qrPIOtvxlxVV4AaABAg,Damn they are going to have to redesign pockets because of this phone.,1311,2026-09-10T18:04:12Z
2026-10-03,P003,v1,6AkGhTBtR4o,UgyClVi1e7_RzwWwAix4AaABAg,"""Nanotechnology? You've outdone yourself peter.""",1271,2026-09-10T10:01:26Z
2026-10-03,P003,v1,6AkGhTBtR4o,UgzaCPr7Vi7cdi2TPUl4AaABAg,I saw the crese twice exactly when he said not visible 😂😂,2,2026-09-23T01:22:17Z
2026-10-03,P003,v1,6AkGhTBtR4o,UgwNsecN2lOnWvqUgW54AaABAg,That Samsung screen is looking absolutely amazing on the iphone fold 😂,1904,2026-09-10T07:56:52Z
2026-10-03,P003,v1,6AkGhTBtR4o,Ugw2jtJmygkVMjoyWIl4AaABAg,Those animations are so fluid,4159,2026-09-09T20:21:56Z
2026-10-03,P003,v1,6AkGhTBtR4o,UgzvSYtwTs7UPxa0DOp4AaABAg,Smoothness fell down a bit,4,2026-09-12T06:49:53Z
2026-10-03,P003,v1,6AkGhTBtR4o,UgznRvW-Yjv7cQmaBFh4AaABAg,Thanks Samsung for such a beautiful screen.,212,2026-09-10T21:57:40Z
2026-10-03,P003,v1,6AkGhTBtR4o,UgxTO-WwDWm9Ki2Bpa54AaABAg,This is the biggest change in iPhone since the original launch,1138,2026-09-10T01:25:52Z
2026-10-03,P003,v1,6AkGhTBtR4o,UgyS6mg5NW4BR-NnxXp4AaABAg,"That Nano texture display is insane, and the transition of folding it and unfolding it is just beyond cool",1892,2026-09-09T20:23:25Z
2026-10-03,P003,v1,6AkGhTBtR4o,UgyktRTRpn8bhIriaNd4AaABAg,"It seems like the classic Apple I’ve come to expect, finally adopting some decade-old tech but making it look and feel fancy",1,2026-09-16T11:52:58Z
2026-10-03,P003,v1,6AkGhTBtR4o,UgyM47-VlS2ME4W_Mrx4AaABAg,"Real W, but at what cost... Literally. I'll get the pro, some leather case, pay rent and wait a couple of years",1496,2026-09-09T23:42:40Z
2026-10-03,P003,v1,6AkGhTBtR4o,UgxjvsSd5pypCYdzO0J4AaABAg,This is a middle finger for left-handed people,102,2026-09-10T22:14:57Z
2026-10-03,P003,v1,6AkGhTBtR4o,UgxcjTVszO_Sa7YJ5KZ4AaABAg,This is basically the iPad mini lite but foldable and can take phone calls.,242,2026-09-09T20:29:43Z
2026-10-03,P003,v1,6AkGhTBtR4o,UgyTkilQhqeSxzeFdkB4AaABAg,Oh my god it actually is,2,2026-09-12T12:02:03Z
2026-10-03,P003,v1,6AkGhTBtR4o,UgxLI_limzc0GsCqb8x4AaABAg,iPhone : introduces things that android released 10 years ago 😂,661,2026-09-10T14:17:47Z
2026-10-03,P003,v1,6AkGhTBtR4o,UgwdzwHimQ6fdn3j2gl4AaABAg,I must say I am more impressed than I was expecting it to be.,498,2026-09-10T01:34:19Z
2026-10-03,P003,v1,6AkGhTBtR4o,UgwhKv8uwNg8geSk9vV4AaABAg,Nightmare for left handed people,1091,2026-09-09T21:02:03Z
2026-10-03,P003,v1,6AkGhTBtR4o,UgwfYKELHDP1-_7WbGp4AaABAg,The folded part looks so cute❤,1,2026-09-15T12:24:31Z
2026-10-03,P003,v1,6AkGhTBtR4o,UgwDYeH98wJaPyefj-p4AaABAg,That asymmetrical front screen would make me crazy. Trifold user here.,643,2026-09-09T23:40:00Z
2026-10-03,P003,v1,6AkGhTBtR4o,UgxM6So5SKEXS7S9Y8p4AaABAg,I’m calling it now only two years of production till they kill it off,198,2026-09-10T09:13:37Z
2026-10-03,P003,v1,6AkGhTBtR4o,Ugxe204E2BGhQ2i_xbF4AaABAg,Mrwhosetheboss holding it like it doesn’t cost a whole semester of tuition,6137,2026-09-09T20:52:21Z
2026-10-03,P003,v1,6AkGhTBtR4o,UgyZTUbPuRTYKFVtDkR4AaABAg,"Finally, a video where I can see the crease clearly... or is that just my screen cracking?",356,2026-09-10T07:27:08Z
2026-10-03,P003,v1,6AkGhTBtR4o,UgzwntjQRYRmjkijGo94AaABAg,"48:46 
""What did you find""?
""A place""",3,2026-09-12T05:20:36Z
2026-10-03,P003,v1,6AkGhTBtR4o,UgzDbgAim4aFuFeVikJ4AaABAg,I just want the iPhone mini. I wish more people agreed so it would hit the production line.,174,2026-09-10T15:15:19Z
2026-10-03,P003,v1,6AkGhTBtR4o,UgyGSA98pi5wihGxbqh4AaABAg,"""Basically invisible""
Time for a ""testing the most expensive glasses to fix my vision"" video",226,2026-09-10T11:10:37Z
2026-10-03,P003,v1,6AkGhTBtR4o,UgyEtr2ynv0hEkc_9AN4AaABAg,I love how they redesigned each phone in the past three years and each one still has its own problems instead of just trying to make one phone with no problems,163,2026-09-10T10:56:31Z
2026-10-03,P003,v1,6AkGhTBtR4o,UgxpuxS4Or0noQ5m4ll4AaABAg,"YESSS THE RETURN OF THE MATTE SCREEN 

WHY DID WE EVER GET AWAY FROM IT? I have always used matte screen protectors because the gloss is so hard to look at, and that’s literally all you do with to. And as goofy as this is, Apple is the only company I’d ever actually consider buying a folding phone from. If they will sell it, it is no longer just a novelty",1,2026-09-12T21:30:38Z
2026-10-03,P003,v1,6AkGhTBtR4o,UgxRgvxJR_Zxsfsht-p4AaABAg,First hands on vid ur quick mr boss very quick,432,2026-09-09T20:21:31Z
2026-10-03,P003,v1,6AkGhTBtR4o,Ugymf826sIF_lM2Yx-14AaABAg,"Prices start at $2,000, but the telephoto camera is missing? 😅 Do you think this is worth it or overpriced by today's foldable standards?",1092,2026-09-10T19:48:08Z
2026-10-03,P003,v1,6AkGhTBtR4o,UgyJQWAFxh0NwHmROY14AaABAg,Apple lost all ideas and was like fuck it lets copy Samsung again😂,358,2026-09-11T06:21:46Z
2026-10-03,P003,v1,6AkGhTBtR4o,Ugz44vUElVE30U9lt-x4AaABAg,the breakdown videos for this device are going to be a joy to watch,0,2026-09-14T05:35:55Z
2026-10-03,P003,v1,6AkGhTBtR4o,Ugyy_AJyWmBQaNVzbfF4AaABAg,"Literally. I'll get the burgundy pro, one nice protector and call it a day.",44,2026-09-14T02:59:16Z
2026-10-03,P003,v1,6AkGhTBtR4o,UgxM92HMov3ztAaCal54AaABAg,iPhone is always 5 years behind with 'New' features and people still get so hyped like it's the first time they've seen something like that.,150,2026-09-10T20:03:11Z
2026-10-03,P003,v1,6AkGhTBtR4o,Ugxl0qvCFebIkiJLIWN4AaABAg,it's the nano texturing that's tricking the eyes about the crease visibility,200,2026-09-09T22:01:27Z
2026-10-03,P003,v1,6AkGhTBtR4o,Ugy1uA0EO_iu1mu79jZ4AaABAg,'Apple cooked here' 'I can't reach all of the screen' 'It starts at 2000 dollars',75,2026-09-10T19:52:55Z
2026-10-03,P003,v1,6AkGhTBtR4o,UgzV4X8exiod_KGlpfd4AaABAg,They are giving you to test it and also taking the money 😂😂😂,1,2026-09-15T13:10:49Z
2026-10-03,P003,v1,6AkGhTBtR4o,UgyujhHeFofykcvVgX94AaABAg,The fact that ZZZ is pre-installed to see how it runs in unfolded condition is fun,62,2026-09-10T00:54:32Z
2026-10-03,P003,v1,6AkGhTBtR4o,Ugxd04pwgGoDMRUr1fF4AaABAg,The snatches and the thieves would be polishing their skills right at this moment.😂,51,2026-09-10T17:56:13Z
2026-10-03,P003,v1,6AkGhTBtR4o,Ugx7qymJEBLjddrgSXJ4AaABAg,Zenless Zone Zero on the screen be like:,80,2026-09-10T13:21:01Z
2026-10-03,P003,v1,6AkGhTBtR4o,Ugwc_Jzr9OgMeulo-aJ4AaABAg,The opening/folding animation is free to download on android phones. Released just 24 hours after the Apple Event by a random (probably bored) developer.,2,2026-09-12T10:48:01Z
2026-10-03,P003,v1,6AkGhTBtR4o,Ugy5nlKjm7jayrr1UOR4AaABAg,Next year they’ll tell us the large screen is 20% less blurry😅,24,2026-09-10T14:44:46Z
2026-10-03,P003,v1,6AkGhTBtR4o,UgyOpIyFbarHYwjhIxd4AaABAg,"Had a movable side dock on my Android phone for about 10 years now I think. 
It's clever how they release things a couple of years after everyone else but still managed to make so much hype. Very good marketing company.",42,2026-09-11T17:06:51Z
2026-10-03,P003,v1,6AkGhTBtR4o,UgzSUhpACNvaglfHCAp4AaABAg,"The matte screen was a good move, but I can definitely see the crease as much as the z fold 8",27,2026-09-10T05:00:21Z
2026-10-03,P003,v1,6AkGhTBtR4o,UgzjfgccEq0clDl3aYR4AaABAg,Can't wait for iPhone Trio,0,2026-09-15T10:32:15Z
2026-10-03,P003,v1,6AkGhTBtR4o,Ugya5DS-cOHKmv6o1uB4AaABAg,I see Zenless Zone Zero at the bottom... I like...😊,59,2026-09-10T12:12:01Z
2026-10-03,P003,v1,6AkGhTBtR4o,Ugx9F021CCYvJCAZqRR4AaABAg,This dude has also turned into a marketing pup for apple.,19,2026-09-11T02:47:01Z
2026-10-03,P003,v1,6AkGhTBtR4o,Ugy4Tn8_TDnsd5h1mmB4AaABAg,Reminds me a lot of the Surface Duo,31,2026-09-10T07:14:32Z
2026-10-03,P003,v1,6AkGhTBtR4o,UgzJxWlm5uvFOpd_B0R4AaABAg,"Now finger print is important, just change d name. 😂😂😂",1,2026-10-01T12:46:59Z
2026-10-03,P003,v1,6AkGhTBtR4o,UgzA58DL7TnXkCtenIt4AaABAg,Looks good on my fold 8,161,2026-09-10T20:33:51Z
2026-10-03,P003,v1,6AkGhTBtR4o,UgwyMQT1wfrxmVqelBF4AaABAg,Look at all the ibots in the back like they NEVER seen a foldable before 😂😂😂,107,2026-09-10T20:13:39Z
2026-10-03,P003,v1,6AkGhTBtR4o,Ugwe5jsyaKt66ftHMgt4AaABAg,Its looks so sick! Its basically like the iPhone Air and iPad mini had a baby,81,2026-09-09T21:20:47Z
2026-10-03,P003,v1,6AkGhTBtR4o,UgzdTZjL0F1UHHjET-J4AaABAg,Otherwise it would be „close your phone and double klick“ 🤣,1,2026-09-14T20:31:31Z
2026-10-03,P003,v1,6AkGhTBtR4o,Ugyw4SbGQUmwtHl3NK94AaABAg,I can see the crease bright as daylight,136,2026-09-10T21:09:11Z
2026-10-03,P003,v1,6AkGhTBtR4o,Ugw00wUbuTplwh3fJyp4AaABAg,"didnt expect zzz included on iphone duo, nice",94,2026-09-10T14:08:46Z
2026-10-03,P003,v1,6AkGhTBtR4o,UgyMhKorciHLieAObVl4AaABAg,Oh my who knew Zenless zone zero would be on that phone😮😮😮❤,61,2026-09-10T00:25:18Z
2026-10-03,P003,v1,6AkGhTBtR4o,UgzTEPGPvslCSLIuQlp4AaABAg,When you folded the duo it really brought that nostalgia from apple for some reason. It reminded me of when I first used my ipod touch,0,2026-10-01T05:48:42Z
2026-10-03,P003,v1,6AkGhTBtR4o,UgxhFztSSu6rlI5MlVB4AaABAg,"It really looks clean, didn't expect it.",150,2026-09-09T20:21:50Z
2026-10-03,P003,v1,6AkGhTBtR4o,UgzNspNxE_K3KpT2hNF4AaABAg,Finally somebody is talking about the crease.,77,2026-09-09T21:36:46Z
2026-10-03,P003,v1,6AkGhTBtR4o,UgzSIcS5yA4l9Wazrqt4AaABAg,I can’t wait to drop it.,31,2026-09-11T00:03:20Z
2026-10-03,P003,v1,6AkGhTBtR4o,UgyqJESr5E-nB97pZjV4AaABAg,"It’s a waste of money , what do I need it for , my iPhone works just fine and does the job",4,2026-09-12T14:02:06Z
2026-10-03,P003,v1,6AkGhTBtR4o,UgxZmqPWp3RDQQp8TV54AaABAg,It actually looks rally good hands on i felt that this form factor will be terrible,22,2026-09-09T20:22:45Z
2026-10-03,P003,v1,6AkGhTBtR4o,UgxF4H4DkwMSMpIoZJd4AaABAg,Three days ago when I took my phone to repair and the man and my dad were talking about this phone,24,2026-09-10T02:53:38Z
2026-10-03,P003,v1,6AkGhTBtR4o,UgzhYw3Z0CSzAR_9YK94AaABAg,Can't wait for the bend test,0,2026-09-12T17:52:15Z
2026-10-03,P003,v1,6AkGhTBtR4o,Ugyi52C9kUNxVgMXjwR4AaABAg,the animations are so clean!,16,2026-09-09T21:27:17Z
2026-10-03,P003,v1,6AkGhTBtR4o,Ugx93GaqRVIhA6MgMYR4AaABAg,dang they should put that texture on a new iPad and make it like that so that you at least get your full screen instead of a border,6,2026-09-10T11:44:39Z
2026-10-03,P003,v1,6AkGhTBtR4o,Ugy-JtD-58gz5tOSrSV4AaABAg,Jerryrigeverything gonna make apple mad,211,2026-09-09T20:44:52Z
2026-10-03,P003,v1,6AkGhTBtR4o,Ugw7Z8vgaOfEanVMaeN4AaABAg,great demonstration of the animation there ahaha,0,2026-09-12T11:15:27Z
2026-10-03,P003,v1,6AkGhTBtR4o,Ugw9M0XxbYx92iyQWcx4AaABAg,The opening transition is  so beautiful 😍,80,2026-09-09T20:22:07Z
2026-10-03,P003,v1,6AkGhTBtR4o,Ugw9Z7czX3SHLmvJn-h4AaABAg,It looks incredibly reflective when he actually angles it up towards the spotlights that he says don't reflect off the screen.,9,2026-09-10T19:06:10Z
2026-10-03,P003,v1,6AkGhTBtR4o,UgwoYRzXPpsGFG3VmO54AaABAg,"Nano texture is cool, animation is cool but the cost does not make sense.",175,2026-09-10T03:41:25Z
2026-10-03,P003,v1,6AkGhTBtR4o,UgzKAZju78rgIFpfFy14AaABAg,I wonder if one is better off with two Iphone 18 pro with replaceable door hinges 🎉,1,2026-09-12T13:34:26Z
2026-10-03,P003,v1,6AkGhTBtR4o,UgzbYWpLE9WsbJH4OY94AaABAg,I can just look at matte screens all day,32,2026-09-09T20:31:06Z
2026-10-03,P003,v1,6AkGhTBtR4o,UgwaDZgGB8cTSBgN25R4AaABAg,"People who fall into your trap, rarely make it out.",6,2026-09-11T01:20:43Z
2026-10-03,P003,v1,6AkGhTBtR4o,Ugy-um3f1zCSbASkV-h4AaABAg,I can already see the crease,16,2026-09-10T21:18:28Z
2026-10-03,P003,v1,6AkGhTBtR4o,UgwYYHwuFbWVRC7zmGp4AaABAg,Tbh I’m more impressed than expected,0,2026-09-12T01:40:47Z
2026-10-03,P003,v1,6AkGhTBtR4o,Ugxkk6bGlYnuwse-opZ4AaABAg,I can’t wait to buy it,8,2026-09-10T03:03:42Z
2026-10-03,P003,v1,6AkGhTBtR4o,UgyFYwEFNxtwq2z5SWd4AaABAg,THEY BROUGHT TOUCH ID BACK my iPhone SE 3 red is beaming as I’m commenting this,5,2026-09-10T13:01:48Z
2026-10-03,P003,v1,6AkGhTBtR4o,UgytXp67K_7Qo-XiR294AaABAg,Not an iphone fan here. But I am genuinely impressed! That looks beautiful and thoughtful. Very nice 👏👏,22,2026-09-09T21:03:17Z
2026-10-03,P003,v1,6AkGhTBtR4o,UgwBW0kGskf1Ggxkjyx4AaABAg,let’s see how the first person snaps it in half!,1,2026-09-13T09:48:39Z
2026-10-03,P003,v1,6AkGhTBtR4o,UgxEBBMciMT9nya15LB4AaABAg,"I’m honestly impressed, I might get one.",10,2026-09-10T11:08:21Z
2026-10-03,P003,v1,6AkGhTBtR4o,UgwprR1S4dnKPxjd-dF4AaABAg,Finally iPhone upgraded its look!,15,2026-09-10T17:06:12Z
2026-10-03,P003,v1,6AkGhTBtR4o,UgxEc76Yxs70ORKp-UF4AaABAg,That actually looks like an incredible starting position for their version of the foldable phone. I am kind of glad they waited to make it so everything has had time to grow out of the awkward stages.,8,2026-09-09T22:48:09Z
2026-10-03,P003,v1,6AkGhTBtR4o,UgyJTERPeUlwX0mVTsN4AaABAg,I can't wait for the durability test of it🤩,0,2026-09-15T04:36:32Z
2026-10-03,P003,v1,6AkGhTBtR4o,UgwLretDy_wBHZCXP9Z4AaABAg,The uneven bezels trigger me compared to the zfold 8 having one side curved and one side flat,30,2026-09-09T20:41:24Z
2026-10-03,P003,v1,6AkGhTBtR4o,UgzoEGSHI4mRapf8ip54AaABAg,Wow they moved the dock to the side.  Now that's the apple innovation I know and love,22,2026-09-10T16:05:17Z
2026-10-03,P003,v1,6AkGhTBtR4o,UgxInNjmHikAvYGsFAV4AaABAg,"As a person who will die on the Samsung hill, that shi looks really good",23,2026-09-09T23:40:48Z
2026-10-03,P003,v1,6AkGhTBtR4o,Ugzr9bMtXWFi9flA06R4AaABAg,U should have shown the quality of front camera,1,2026-09-15T09:24:49Z
2026-10-03,P003,v1,6AkGhTBtR4o,UgzC2gBMfavLF0NSb0N4AaABAg,"Samsung user here. I wasn't expecting much from Apple, anticipating the reveal of this phone. For the first time in years, I am truly impressed.
Well done Apple!! Welcome to the world of foldables😊",17,2026-09-09T22:41:31Z
2026-10-03,P003,v1,6AkGhTBtR4o,UgycWTbqGQ_VyzzKTld4AaABAg,I do think the z fold 8 looks more premium with sharper edges,21,2026-09-09T20:22:03Z
2026-10-03,P003,v1,6AkGhTBtR4o,UgwpzPDtjK3AuinVAfN4AaABAg,Ok bro let me buy one an set it on my table as a clock.,14,2026-09-09T23:59:18Z
2026-10-03,P003,v1,6AkGhTBtR4o,UgyIR9WWcmTFfkErNft4AaABAg,I've been a fold user since the z fold 3.  And I have never in my life at this point ever seen any manufacturer cook a fold,0,2026-09-13T18:17:19Z
2026-10-03,P003,v1,6AkGhTBtR4o,Ugxa9E7DgP1bo8Ry8ox4AaABAg,"At first I thought it was just a picture of the screen, that coating is so good!",8,2026-09-10T04:21:44Z
2026-10-03,P003,v1,6AkGhTBtR4o,UgzI9lGZqu91kl8Y1M14AaABAg,"As an Android user and previous owner of a Fold, glad Apple is finally providing some competition and normalising the form factor.

So glad they are supporting the Apple Pencil. Hopefully it will push Samsung to include stylus support again on the next Fold",45,2026-09-10T00:11:07Z
2026-10-03,P006,v1,QHuIU2oE4Hg,UgxEwqP7qJh1w-peQeh4AaABAg,They have not even  said  hello yet😂,4425,2026-07-22T13:04:18Z
2026-10-03,P006,v1,QHuIU2oE4Hg,UgxMVfVvv-L2IjteQgR4AaABAg,The event just started 😭😭😭,6511,2026-07-22T13:01:09Z
2026-10-03,P006,v1,QHuIU2oE4Hg,Ugw3ac3cF4z570miYdV4AaABAg,07:04 never seen a middle finger used so professionally,2894,2026-07-22T13:14:50Z
2026-10-03,P006,v1,QHuIU2oE4Hg,Ugz7urAaU00Qoj8rEvF4AaABAg,Who's here to see the difference in reaction between apple and Samsung?,195,2026-09-10T07:44:41Z
2026-10-03,P006,v1,QHuIU2oE4Hg,UgxK--GlyvAnFREzSVR4AaABAg,7:08 we ALL noticed that finger,1579,2026-07-22T13:09:44Z
2026-10-03,P006,v1,QHuIU2oE4Hg,UgyHUB-ufRCylb_QbrV4AaABAg,watch him glaze the wide form factor when the iphone fold drops 😆,918,2026-07-23T08:30:39Z
2026-10-03,P006,v1,QHuIU2oE4Hg,UgxXoZDgtYaCshFDgfB4AaABAg,this is my samsung live event lol,711,2026-07-22T13:01:50Z
2026-10-03,P006,v1,QHuIU2oE4Hg,Ugw-V7zYZr_roc1GQ114AaABAg,"Fold 8 - Why??
iPhone Duo - Apple cooked

Okay.",122,2026-09-10T12:32:07Z
2026-10-03,P006,v1,QHuIU2oE4Hg,UgxD-npITcgbaRZNeL94AaABAg,1:18 can't wait to watch oddessey in my galaxy fold for i max experience,1018,2026-07-22T14:39:57Z
2026-10-03,P006,v1,QHuIU2oE4Hg,UgxXr1MUwlD4bcdAhn14AaABAg,7:03 Why am I getting flipped off trying to watch a flip phone review on my lunch break 😭,535,2026-07-22T13:22:48Z
2026-10-03,P006,v1,QHuIU2oE4Hg,Ugz2H1_uKX16uvVwlxt4AaABAg,7:03  : Wasn't prepared for Arun showing middle finger like that. 😭,227,2026-07-22T13:13:31Z
2026-10-03,P006,v1,QHuIU2oE4Hg,UgwcPohNtfLWws-hfPN4AaABAg,7:08 Watch your finger Arun 😂,192,2026-07-24T16:19:31Z
2026-10-03,P006,v1,QHuIU2oE4Hg,UgxM1gFX2IgfHSne6dx4AaABAg,"7:04 the most professional ""flipping us off"" moment",165,2026-07-22T14:31:11Z
2026-10-03,P006,v1,QHuIU2oE4Hg,Ugyp0Qm8QsIdRxAMwWB4AaABAg,event just started and we already have a video,420,2026-07-22T13:02:37Z
2026-10-03,P006,v1,QHuIU2oE4Hg,UgwVR2Rg7HVo1OlDRlx4AaABAg,"5:24 The transition and uploading speed is getting evolving in every video , imagine him doing abracadabra and vanishing 😂😂",135,2026-07-22T14:02:57Z
2026-10-03,P006,v1,QHuIU2oE4Hg,Ugzu0y1v18DBOSohVLt4AaABAg,"I thought this guy was just a genuine creator who loves and analyse brands 
After seeing this video it seems he has unconditioned baised on apple",43,2026-09-11T07:15:59Z
2026-10-03,P006,v1,QHuIU2oE4Hg,UgwXuIaPepZ3XWNCPCB4AaABAg,Can't wait for you to glaze the heck out of Apple's foldables when they cost more and do less than Samsung ones,258,2026-07-23T09:31:55Z
2026-10-03,P006,v1,QHuIU2oE4Hg,UgytTWoW3OUTryx7SZ14AaABAg,that middle finger was personal,92,2026-07-22T13:15:03Z
2026-10-03,P006,v1,QHuIU2oE4Hg,UgxF3JCmTBrLo1VVonl4AaABAg,7:03 this aint the wind🥀,150,2026-07-22T13:38:55Z
2026-10-03,P006,v1,QHuIU2oE4Hg,UgwjGs0MCRnAS1-whwV4AaABAg,This guy is such a dope. He’ll absolutely be praising Apple when they drop their fold.,34,2026-07-25T16:38:48Z
2026-10-03,P006,v1,QHuIU2oE4Hg,UgzS-TRD9hwyt2ZGCo54AaABAg,We just started events bruh😂,49,2026-07-22T13:04:36Z
2026-10-03,P006,v1,QHuIU2oE4Hg,UgyBNDW4ec4Xqq3HUFJ4AaABAg,"The ultra upgrade is definitely for those coming from the fold six.Rather than from the fold seven I don't think there's enough there to justify the jump from the 7 to the eight ultra, but if I had a six right now, this is a major update",67,2026-07-22T20:22:49Z
2026-10-03,P006,v1,QHuIU2oE4Hg,UgwHHwoE7V8FIs1a-nd4AaABAg,People who want Mrwhosetheboss to do a tech video but it’s from 5 below,79,2026-07-22T13:01:55Z
2026-10-03,P006,v1,QHuIU2oE4Hg,UgxKiVVeoKbJcARiOdx4AaABAg,"If Apple did something like this -> Revolutionary
If a Non Apple brand did something like this -> WHY?",215,2026-07-25T15:00:39Z
2026-10-03,P006,v1,QHuIU2oE4Hg,UgyLPoLiBdnHi9zRC894AaABAg,3:27elite dad joke knowledge😂,186,2026-07-22T13:35:54Z
2026-10-03,P006,v1,QHuIU2oE4Hg,Ugz-eJhggLCnEWXb-g94AaABAg,7:14  bros flipping off the phone 😂😂,21,2026-07-22T14:09:40Z
2026-10-03,P006,v1,QHuIU2oE4Hg,UgzIuiOAzO-XHt2ceTl4AaABAg,Anyone else notice the boss giving the middle finger to the fold 8 Ultra at 7:02 😂,34,2026-07-22T16:51:25Z
2026-10-03,P006,v1,QHuIU2oE4Hg,UgwBnKEhkzCbznxaYJl4AaABAg,Who's here after Apple's event?,53,2026-09-10T04:59:30Z
2026-10-03,P006,v1,QHuIU2oE4Hg,UgzT9nhxHM_cbEueeUp4AaABAg,"finally a video about new interesting hardware with barely any Ai mentioned, we are so back Boss!",134,2026-07-22T17:22:21Z
2026-10-03,P006,v1,QHuIU2oE4Hg,Ugzjmqkk8X0ugMcdK6B4AaABAg,So you questioned the form of the fold 8 but thought the duo was amazing? Is that having double standards?,37,2026-09-11T12:52:07Z
2026-10-03,P006,v1,QHuIU2oE4Hg,UgwKecOoyrIsKx3HLtR4AaABAg,"11:39
As someone who has used a flip 6 for over a year now-and has used multistar to access chosen apps in the cover screen...
You are unlikely to have a doom scroll session on the cover screen. It isn’t convient enough. That's a good thing. 

I love the reachability of the cover screen for things like messages (I just wish what you wrote wasn't  cut off so much) is great. I love to swipe type on it. 

Inner screen is screen when you need space. Only downside is it does have pretty bad glare issues. 
Phone still has enough battery life and feels very snappy.",12,2026-07-24T22:22:00Z
2026-10-03,P006,v1,QHuIU2oE4Hg,Ugx01TPX9Le2eSVtmU54AaABAg,Arun is definitely going to praise the IPhone Fold's form factor and specs even if its more expensive and has the same specs as the galaxy fold. He's always been an Apple fanboy,5,2026-08-29T20:38:21Z
2026-10-03,P006,v1,QHuIU2oE4Hg,Ugyi9lwK19-yH9pjl754AaABAg,Waiting for THE KING : MR. JERRY RIG EVERYTHING for THE video for THE TEST,95,2026-07-22T17:27:54Z
2026-10-03,P006,v1,QHuIU2oE4Hg,Ugz-kjS84qr2iQbExwR4AaABAg,0:10 I believe that smaller one is more like book type rather than the tall one.,70,2026-07-22T18:34:34Z
2026-10-03,P006,v1,QHuIU2oE4Hg,Ugz1kwv0oThr37LX-Hx4AaABAg,6:45 that surprised me ngl,144,2026-07-22T14:11:47Z
2026-10-03,P006,v1,QHuIU2oE4Hg,Ugw0rVSTxV-ph5VIrah4AaABAg,Noticed how he glazed over the iPhone Duo for the exact same thing,23,2026-09-10T21:13:32Z
2026-10-03,P006,v1,QHuIU2oE4Hg,Ugzdkoi0SKaMGHKgokR4AaABAg,"13:59 I was NOT expecting a Ben 10 reference in a MrWhoseTheBoss video , he truly has elite ball knowledge.",50,2026-07-22T15:30:34Z
2026-10-03,P006,v1,QHuIU2oE4Hg,UgygJsLXOfssqcNOE614AaABAg,The z fold 8 passport form factor looks so good,68,2026-07-22T19:08:55Z
2026-10-03,P006,v1,QHuIU2oE4Hg,Ugzy49IpNYnew2Hi9Ed4AaABAg,5:21 Arun just did an Ironman worthy suit change,16,2026-07-22T14:26:59Z
2026-10-03,P006,v1,QHuIU2oE4Hg,UgzVgE1LAnTiZwuldap4AaABAg,0:55 The passport form factor is way more one-handable and convenient than a candy bar phone.,36,2026-07-26T18:49:18Z
2026-10-03,P006,v1,QHuIU2oE4Hg,UgxaqjX8hqnaIzeQuBJ4AaABAg,7:35 Love hearing Goodtimeswithscar's super fast build more song in the background,57,2026-07-22T13:49:34Z
2026-10-03,P006,v1,QHuIU2oE4Hg,UgxDI4xeBsYF9EDkl0N4AaABAg,Got the review before the unveiling🔥,42,2026-07-22T13:03:29Z
2026-10-03,P006,v1,QHuIU2oE4Hg,Ugyl_djNjT4CgEzgHMJ4AaABAg,"1:18 finally can watch odyssey on it, the way Nolan intended",57,2026-07-22T14:23:56Z
2026-10-03,P006,v1,QHuIU2oE4Hg,UgxPd4-_AYe7FCXjs_R4AaABAg,Watching him turn into an Apple fanboy over the years is so painful,6,2026-09-14T10:02:13Z
2026-10-03,P006,v1,QHuIU2oE4Hg,Ugz-Wd1QK7B3UpCZqip4AaABAg,I like the smaller fold 8 that thing is sick!,52,2026-07-23T16:29:19Z
2026-10-03,P006,v1,QHuIU2oE4Hg,Ugwpb_yi4LaieTqw3zx4AaABAg,"3:30 idk why but this joke cracked me up 🤣🤣 ""samsung hopes you won't zoom into that""",7,2026-07-22T14:48:55Z
2026-10-03,P006,v1,QHuIU2oE4Hg,UgzWqgDO00G3Su2ctDN4AaABAg,The odyssey was meant to be watched on the front display of the fold 8,39,2026-07-22T13:33:37Z
2026-10-03,P006,v1,QHuIU2oE4Hg,UgyV1wq5OtvlPmSP0Ex4AaABAg,Yup compared his reactions he is definitely an apple glazer things he criticising on samsung are exactly things he was appreciating on thhe duo,4,2026-09-17T05:02:04Z
2026-10-03,P006,v1,QHuIU2oE4Hg,UgwXM32BSyRDJZ6STTB4AaABAg,that transition to sponsored message is just flawless,10,2026-07-22T19:02:02Z
2026-10-03,P006,v1,QHuIU2oE4Hg,UgxR8gKNgeRFWrgOUEV4AaABAg,8:27  Well...there goes my privacy,27,2026-07-22T14:45:45Z
2026-10-03,P006,v1,QHuIU2oE4Hg,UgxrOfhDEKHcjY4CBQB4AaABAg,13:58 I didn't expected seeing Ben 10 in this video,8,2026-07-22T15:45:40Z
2026-10-03,P006,v1,QHuIU2oE4Hg,UgzkfY7_osyjJf_zG_54AaABAg,2:30 The way you smile as you explain the magnets you really love this new fold 8. I can't wait to get it myself as well,2,2026-07-26T08:16:35Z
2026-10-03,P006,v1,QHuIU2oE4Hg,UgwKdjO72uLRl4d0xmZ4AaABAg,13:54 flashbang alert😂,59,2026-07-22T14:03:51Z
2026-10-03,P006,v1,QHuIU2oE4Hg,UgzJUMwliwj8ItLHQU94AaABAg,Z Fold 8 was made to see The Odyssey as Nolan intended,16,2026-07-22T13:19:33Z
2026-10-03,P006,v1,QHuIU2oE4Hg,UgwyyQoeF5PrE_o_0ah4AaABAg,I think we should all agree he's paid by apple,45,2026-07-23T08:00:42Z
2026-10-03,P006,v1,QHuIU2oE4Hg,Ugx9jIu7PjXvcNAz0l94AaABAg,Notice the difference in how he talks about Samsung's wide fold vs how He talked about Apple's.,32,2026-09-10T12:06:42Z
2026-10-03,P006,v1,QHuIU2oE4Hg,UgxGg9UMiexvry4XdlN4AaABAg,"11:10 the ""camcorder"" record mode is so useful at gigs! 

Rather than having my phone unbalanced in one hand it gives a more solid grip while also having controls closer to your thumb!",10,2026-07-22T13:53:55Z
2026-10-03,P006,v1,QHuIU2oE4Hg,UgzYWyitNiChNos2hNx4AaABAg,Mythical refresh pull,11,2026-07-22T13:03:45Z
2026-10-03,P006,v1,QHuIU2oE4Hg,UgyOlcwrDT6W-GovU5l4AaABAg,14:09 yeah all this data is going straight to the insurance companies😭,4,2026-07-22T14:16:44Z
2026-10-03,P006,v1,QHuIU2oE4Hg,Ugx6A6Q3K6sL8RWS7q94AaABAg,samsung is father in this field,8,2026-09-10T14:04:18Z
2026-10-03,P006,v1,QHuIU2oE4Hg,Ugy9-KoiwV3cyvUPTaJ4AaABAg,NAHHH THAG SMALL ONE LOOKS SO CUTE,8,2026-07-23T15:19:51Z
2026-10-03,P006,v1,QHuIU2oE4Hg,UgxNywl-mCRN93dDywV4AaABAg,5:22 this transition tho 🔥,5,2026-07-22T19:41:23Z
2026-10-03,P006,v1,QHuIU2oE4Hg,UgzC0XJcCq5k-eJ8hXh4AaABAg,"0:02 I thought he was gonna say ""they can't make one galaxy fold, so they made half"" 😂😂😂",22,2026-07-22T14:05:23Z
2026-10-03,P006,v1,QHuIU2oE4Hg,UgzVQ3Pg_ESbSv3idi54AaABAg,"Samsung- Why?? 
Apple- Cooked 🤯",33,2026-09-10T11:59:35Z
2026-10-03,P006,v1,QHuIU2oE4Hg,UgyPPBABVvckeH1FJf54AaABAg,7:02 ayoooo..... why you flipping us off man,7,2026-07-22T16:44:21Z
2026-10-03,P006,v1,QHuIU2oE4Hg,UgzzW0CE4zYs_pbOSY14AaABAg,6:18 *Slight correction Arun - the Galaxy Z TriFold that you unveiled just 7 months ago has its slimmest screen at 3.9mm!*,20,2026-07-22T13:24:03Z
2026-10-03,P006,v1,QHuIU2oE4Hg,UgyiL7JzceEzCx_pkKl4AaABAg,Bro didn't even wait till the event ends,27,2026-07-22T13:04:09Z
2026-10-03,P006,v1,QHuIU2oE4Hg,UgzdTm4F66wH5Ywb7Et4AaABAg,"Honor Magic V6 Fold: ""Hello There""",4,2026-07-24T00:09:09Z
2026-10-03,P006,v1,QHuIU2oE4Hg,Ugzx1F4BXpZlosLthbF4AaABAg,6:37 finally carbon silicone after so long,20,2026-07-22T13:10:26Z
2026-10-03,P006,v1,QHuIU2oE4Hg,Ugy3MgqFDI0AGlQW2cV4AaABAg,10:58 as a z flip user i use it all the time 😢,6,2026-07-22T13:18:20Z
2026-10-03,P006,v1,QHuIU2oE4Hg,UgxMVbvd_-zpqPsT3tt4AaABAg,"5:22 - dang, that's a smooth transition. Phew! I appreciate that lol.",6,2026-07-22T13:30:04Z
2026-10-03,P006,v1,QHuIU2oE4Hg,UgzCbap3tgyACyYGGAx4AaABAg,Absolutely love my Fold 8. The passport form factor is way more ideal for a phone than I thought it would be!,1,2026-08-23T21:44:28Z
2026-10-03,P006,v1,QHuIU2oE4Hg,Ugzjcv09P7n7I0CyoWB4AaABAg,14:04 flash warning,17,2026-07-22T13:59:06Z
2026-10-03,P006,v1,QHuIU2oE4Hg,Ugzzb-s28GpH19GQtLB4AaABAg,12:15 yeah I agree,7,2026-07-22T15:45:05Z
2026-10-03,P006,v1,QHuIU2oE4Hg,Ugw5lefoIZRn6_J2yu14AaABAg,4:54 Im that Samsung user S25 with the Ipad. 😂,10,2026-07-22T19:17:10Z
2026-10-03,P006,v1,QHuIU2oE4Hg,UgwOCgLIEF5j45YXdAl4AaABAg,"So much detailed review as always, thank you bro",2,2026-07-28T14:13:36Z
2026-10-03,P006,v1,QHuIU2oE4Hg,Ugz5oy15FPefaIc3Onl4AaABAg,8:35 so the ai is just constantly reading my private messages,4,2026-07-22T15:41:18Z
2026-10-03,P006,v1,QHuIU2oE4Hg,Ugw9x2zlQ5SwjZiUw354AaABAg,9:39 remixing notebookLM is crazy work,11,2026-07-22T16:00:20Z
2026-10-03,P006,v1,QHuIU2oE4Hg,Ugw6kBlgYCb70RNemcN4AaABAg,11:20 wat he said is crazy,7,2026-07-22T15:36:47Z
2026-10-03,P006,v1,QHuIU2oE4Hg,UgynyPR-suPXVnlqpZt4AaABAg,Ooooooh that transition to the suit was smooooooooth!,1,2026-07-28T13:54:53Z
2026-10-03,P006,v1,QHuIU2oE4Hg,UgzpHJbtwsPa5oz70yZ4AaABAg,12:10 that right... i guess they should give a option to lock and unlock that feature... 😅,16,2026-07-23T03:52:47Z
2026-10-03,P006,v1,QHuIU2oE4Hg,UgxLukgOZUvcE0WADYd4AaABAg,"I work at Verizon, the flip being able to use your entire phone is great because I have a LOT of people who have the internal screen die and cannot use smart switch due to the main screen being unusable.",4,2026-07-22T19:46:58Z
2026-10-03,P006,v1,QHuIU2oE4Hg,UgyFvJPW9Xcmo9tGnut4AaABAg,GOATED Ben 10 reference🍷,9,2026-07-22T14:25:08Z
2026-10-03,P006,v1,QHuIU2oE4Hg,UgzCnG5xs8SimYGBV9x4AaABAg,The fact I got the advertisement for both these phones before the video started 😂,1,2026-07-25T06:54:46Z
2026-10-03,P006,v1,QHuIU2oE4Hg,UgxTwseNzWakbUj95X54AaABAg,"Mark my words, Apples fold would do much less and yet you'll see reviewer's going gaga over it",45,2026-07-22T16:58:51Z
2026-10-03,P006,v1,QHuIU2oE4Hg,UgzQFBhOujdk8WJpSa94AaABAg,"""Why?"".......""Apple absolutely cooked"" ....😂",4,2026-09-13T15:56:23Z
2026-10-03,P006,v1,QHuIU2oE4Hg,UgwPHMwQW9q3wYfRXh54AaABAg,mythical refresh pull,25,2026-07-22T13:04:42Z
2026-10-03,P006,v1,QHuIU2oE4Hg,UgyBHf_M09tiPJV92JV4AaABAg,Yes let's go with the Wispr Flow plug. Wispr Flow is Amazing!,1,2026-07-26T09:11:21Z
2026-10-03,P006,v1,QHuIU2oE4Hg,UgwF0UhJ3hZ4vr_fIxd4AaABAg,I love it (fold 8) - been using it for 2 weeks now. Didnt think I would but its such a perfect size for one handed use and then the video ratio is sick,4,2026-07-26T15:30:55Z
2026-10-03,P006,v1,QHuIU2oE4Hg,UgyS8DrnbSDveWnVnAV4AaABAg,@7:02 thats the thanks I get for watching the video? 😂😅,3,2026-07-24T15:15:54Z
2026-10-03,P006,v1,QHuIU2oE4Hg,UgycFSnhIuuyEiHh3z94AaABAg,"Looking at two movie scenes at 2:05, both are almost identical in size.",27,2026-07-22T13:21:40Z
2026-10-03,P006,v1,QHuIU2oE4Hg,UgwkGfJl2auHKKuDCYl4AaABAg,"The audio change is really great, the whole video fells more premium and crazy. really really great job with the audio.The difference is noticeable.",0,2026-07-25T17:08:18Z
2026-10-03,P006,v1,QHuIU2oE4Hg,UgxHQ1U_AQ--VNnbmeJ4AaABAg,Super important what you said re: Flip being cooler with smaller front screen. I don't want to give my Flip 4 away! Phones really have peaked...,2,2026-07-24T07:48:43Z
2026-10-03,P006,v1,QHuIU2oE4Hg,UgzH3KTWQ7CxJxAGwS14AaABAg,This guy can’t say one thing positive about Samsung after saying Samsung was the future 😂,34,2026-07-23T11:33:27Z
2026-10-03,P006,v1,QHuIU2oE4Hg,UgwfgvYXn_ZZdTrVOg94AaABAg,Watching MrWhosetheBoss is better than watching the Galaxy Unpacked.,14,2026-07-22T13:21:36Z
2026-10-03,P006,v1,QHuIU2oE4Hg,UgwNiadUxJi6O41N4F94AaABAg,one of the most honest first impression video You have earned my respect mate ❤,0,2026-08-01T03:22:06Z
2026-10-03,P006,v1,QHuIU2oE4Hg,UgxDCfjXTDYRecIVKCd4AaABAg,Here to compare it with Apple duo😪,9,2026-09-09T21:36:39Z
2026-10-03,P006,v1,QHuIU2oE4Hg,UgxPf-hpdLa6RL9a8Vt4AaABAg,"After watching MKBHD's take on the new fold lineup, I feel like you're just playing dumb or just trying to criticise Samsung because you're so into Apple and Chinese brands",32,2026-07-23T11:24:37Z
2026-10-03,P006,v1,QHuIU2oE4Hg,UgwmhLxJixbXysYUk-Z4AaABAg,"3:28 There’s no telephoto camera, Samsung is hoping you won’t zoom into that 😂😂😭",6,2026-07-25T13:54:22Z
2026-10-03,P006,v1,QHuIU2oE4Hg,Ugw6RF1_KK7IPx3DvA14AaABAg,"7:01 That subtle ""Eff You"" to Samsung is wild!",0,2026-07-28T07:21:08Z
2026-10-03,P006,v1,y2QP-n1IMIs,UgxQrffJHqLwUepq8AV4AaABAg,Hairstyle day by day 📉,270,2026-07-22T14:07:44Z
2026-10-03,P006,v1,y2QP-n1IMIs,UgzZ45ahwJRNgIQ4dhZ4AaABAg,Friends padathula climax vijay mari iruka bro😂,51,2026-07-22T16:58:03Z
2026-10-03,P006,v1,y2QP-n1IMIs,UgxMZ1rdj-jnea59kW54AaABAg,Ipo tha da live ah poitu iruku 😂,66,2026-07-22T13:18:58Z
2026-10-03,P006,v1,y2QP-n1IMIs,UgyxupOpYXw_LOaT5q54AaABAg,Bro honour win rt eppa varuthu?😢😢,50,2026-07-22T13:57:09Z
2026-10-03,P006,v1,y2QP-n1IMIs,Ugy0_WZHg3RIjgCr8lZ4AaABAg,Super bro😊😊😊😊....,12,2026-07-22T13:17:54Z
2026-10-03,P006,v1,y2QP-n1IMIs,Ugw75xAeuLfObvkpDY14AaABAg,Waiting for ultra fold 🔥🔥🔥💫,2,2026-07-24T16:21:26Z
2026-10-03,P006,v1,y2QP-n1IMIs,UgzScv1PX6-ckP_DcyJ4AaABAg,Bro samsung fold 8 series full review podunga,6,2026-07-22T14:12:01Z
2026-10-03,P006,v1,y2QP-n1IMIs,UgwUa50dwxz4DlnA8bV4AaABAg,8 ultra,6,2026-07-22T13:38:29Z
2026-10-03,P006,v1,y2QP-n1IMIs,Ugx3qJ9A3flZzRkdd7x4AaABAg,Samsung z fold 8 ultra ❤❤❤❤,21,2026-07-22T13:39:45Z
2026-10-03,P006,v1,y2QP-n1IMIs,Ugz2ua9eSWR-iU7ZheR4AaABAg,போ உடம்பு செரி இல்லையா கை இப்புடி நடுங்குது 😮,2,2026-07-28T08:00:26Z
2026-10-03,P006,v1,y2QP-n1IMIs,UgxoNw2E6uLJ7C7s-_94AaABAg,Ultra 2 full review podunga,2,2026-07-24T18:31:09Z
2026-10-03,P006,v1,y2QP-n1IMIs,UgxaYiUwB2TdkY2BnZN4AaABAg,Full review in shorts 😂🎉🎉,5,2026-07-22T15:50:22Z
2026-10-03,P006,v1,y2QP-n1IMIs,UgzU7-i1__NyRA3MpLt4AaABAg,Tamil tech meet paningala solunga ‼️💢,4,2026-07-22T14:30:44Z
2026-10-03,P006,v1,y2QP-n1IMIs,UgyvM6BOIaA0wJEZ0X54AaABAg,Palathuku munnadi palamava 😂😅😂,4,2026-07-22T14:34:49Z
2026-10-03,P006,v1,y2QP-n1IMIs,UgxFEUs9L6MCfRBNwpR4AaABAg,Samsung z fold 8 😢😢😢❤,1,2026-07-31T06:44:08Z
2026-10-03,P006,v1,y2QP-n1IMIs,Ugzi16U5JG6gBuGVYlx4AaABAg,All of the above ❤,1,2026-07-22T13:50:07Z
2026-10-03,P006,v1,y2QP-n1IMIs,UgzdEs_SxmdGUyWrO3R4AaABAg,Wow super bro ❤❤,1,2026-07-22T15:07:14Z
2026-10-03,P006,v1,y2QP-n1IMIs,Ugz5a6hw2Avu8H6E2F94AaABAg,இதுல எது வாங்கினாலும் என் சொத்துல பாதியை நான் எழுதி தான் வைக்கணும்.,3,2026-07-22T19:07:11Z
2026-10-03,P006,v1,y2QP-n1IMIs,UgzZTmX9zCieLSQIZ8R4AaABAg,💥Samsung🥵,1,2026-07-22T13:49:04Z
2026-10-03,P006,v1,y2QP-n1IMIs,UgzF8eqfTJG0ql2GpLR4AaABAg,Enna broo manda athu😂,1,2026-07-23T12:36:54Z
2026-10-03,P006,v1,y2QP-n1IMIs,UgzccNKHSd98NU5-ulR4AaABAg,Super thalaiva nice,0,2026-07-25T03:16:03Z
2026-10-03,P006,v1,y2QP-n1IMIs,UgxTT4UFXbA_NcxvB2x4AaABAg,Fold 8 ultra❤,1,2026-07-22T14:26:00Z
2026-10-03,P006,v1,y2QP-n1IMIs,UgwzbdTliLH__xTinIh4AaABAg,Huawei pura 90s pro max global launch review pannunga,1,2026-07-22T15:56:50Z
2026-10-03,P006,v1,y2QP-n1IMIs,UgwesZzce1PdVBOUxpd4AaABAg,2L 😮,1,2026-07-22T18:28:09Z
2026-10-03,P006,v1,y2QP-n1IMIs,Ugx7CQvFTJtHpW-u1D14AaABAg,Gajni hairstyle superb bro 😂😂😂,0,2026-07-23T04:28:22Z
2026-10-03,P006,v1,y2QP-n1IMIs,UgzQI8x9QubAOJbNJcV4AaABAg,"Bro please Samsung galaxy Z flip 8 vs other flip phone fight neengalum Rajesh annanun video podunga.
Irunthalum Samsung galaxy Z fold 8 ultra video venum",0,2026-07-23T01:57:10Z
2026-10-03,P006,v1,y2QP-n1IMIs,Ugxxn66avXxHq4R0Anp4AaABAg,Varutha padatha karadi sangam la vara voice mathiri iruku,0,2026-07-25T03:20:05Z
2026-10-03,P006,v1,y2QP-n1IMIs,Ugz6hPORUUyVj6_auul4AaABAg,Video ve venaaam bro nee eppovume polaye podu😅😅,0,2026-09-14T07:52:21Z
2026-10-03,P006,v1,y2QP-n1IMIs,UgyT6JQmAkezA8-s8JZ4AaABAg,Anna Realme c51 a review podunga please 🥺,1,2026-07-24T16:22:25Z
2026-10-03,P006,v1,y2QP-n1IMIs,UgxtWV8P6FSBtKL2IIx4AaABAg,Bro Samsung Fold 8 unboxing vedio செஞ்சியுட்டுருங்க,0,2026-07-23T13:12:32Z
2026-10-03,P006,v1,y2QP-n1IMIs,UgzqNhiYJaejiUlRp4p4AaABAg,Iam your fan anna ❤❤❤ because knowledge naraya kadaiku enaku,0,2026-07-24T16:39:04Z
2026-10-03,P006,v1,y2QP-n1IMIs,UgzZcD7AF3ZAbtd42DF4AaABAg,Z fold 8 review podunga bro,0,2026-07-22T19:08:18Z
2026-10-03,P006,v1,y2QP-n1IMIs,UgwY8PGxsl960dLlrwV4AaABAg,Booked 8 Ultra,1,2026-07-25T08:57:24Z
2026-10-03,P006,v1,y2QP-n1IMIs,Ugxi2THu-MOUchDmpXd4AaABAg,Bro fold and watch,1,2026-07-22T18:02:13Z
2026-10-03,P006,v1,y2QP-n1IMIs,UgwXYmGcIVC1nKOcGlh4AaABAg,The flip ❤❤❤❤❤,1,2026-07-22T14:24:04Z
2026-10-03,P006,v1,y2QP-n1IMIs,UgyzMzEPcNqTMCugmU14AaABAg,Bro 3 phones kum unboxing vedio podunga broo,0,2026-07-23T13:10:39Z
2026-10-03,P006,v1,y2QP-n1IMIs,UgxsWBPEkblCIEUYPIF4AaABAg,Super anna😂❤,0,2026-07-22T18:21:04Z
2026-10-03,P006,v1,y2QP-n1IMIs,UgzPZY2HCdGOQuYfVJV4AaABAg,Ultra 2 review pls,0,2026-07-27T11:18:41Z
2026-10-03,P006,v1,y2QP-n1IMIs,UgygMQljvNtAwA91bHl4AaABAg,Kai nadukuthu bro new mobile design pidikum pothu 😅😅😅,13,2026-07-22T14:35:53Z
2026-10-03,P006,v1,y2QP-n1IMIs,UgxWMETCw6ViAOZqjMJ4AaABAg,Watch video podunga,0,2026-07-26T02:44:52Z
2026-10-03,P006,v1,y2QP-n1IMIs,Ugw_1HAVKwUx4krO1J94AaABAg,Samsung z fold 8 ultra bro ❤❤❤,0,2026-07-22T13:55:44Z
2026-10-03,P006,v1,y2QP-n1IMIs,UgxY2zvcx3gHZoEtNZh4AaABAg,oh purinju pochu hair line vachu oru long term review plan pannitaapudi,0,2026-07-25T08:09:16Z
2026-10-03,P006,v1,y2QP-n1IMIs,UgxJrDCTrKs4GRhCJKB4AaABAg,Zfold 8  unboxing review,0,2026-07-23T06:22:45Z
2026-10-03,P006,v1,y2QP-n1IMIs,UgxHHBBB_0sq5xI-J3h4AaABAg,Bro enga romba nala ungalai kanom,1,2026-07-22T14:20:56Z
2026-10-03,P006,v1,y2QP-n1IMIs,UgyE-HmiHBD5WeRclQJ4AaABAg,Ultra watch 2 poodunga bro,0,2026-07-22T13:51:03Z
2026-10-03,P006,v1,y2QP-n1IMIs,UgzPp4OUR9od-jf33ih4AaABAg,Z flip 8 ku seperate video podunga bro,0,2026-07-22T16:53:47Z
2026-10-03,P006,v1,y2QP-n1IMIs,UgwLPtoAjA86V8qf6Lx4AaABAg,Eallame review podunga firat watch. 9,0,2026-07-23T01:35:45Z
2026-10-03,P006,v1,y2QP-n1IMIs,Ugx63VCDif51S1e00Sx4AaABAg,Z fold8,1,2026-07-22T16:15:31Z
2026-10-03,P006,v1,y2QP-n1IMIs,UgwNZeVHbrNWzcV34T54AaABAg,Gajini suriya mode ahh😅😅😂,0,2026-07-22T15:01:18Z
2026-10-03,P006,v1,y2QP-n1IMIs,UgwPEvTYtGDaJebPd-14AaABAg,Ultra 8,1,2026-07-25T02:34:01Z
2026-10-03,P006,v1,y2QP-n1IMIs,Ugyxn8xxFmIL2Ss6enN4AaABAg,Pls review galaxy fold 8 first.,0,2026-07-23T17:19:58Z
2026-10-03,P006,v1,y2QP-n1IMIs,Ugw20lNe_A-FaSn17Q54AaABAg,Motta Siva ketta siva look mathi erukku😅,0,2026-07-23T11:10:54Z
2026-10-03,P006,v1,y2QP-n1IMIs,Ugw4i7k82Ja8YZZg4st4AaABAg,Bro oppo find x9 ultra review poduga bro,0,2026-07-22T14:21:12Z
2026-10-03,P006,v1,y2QP-n1IMIs,UgwQKtb7pr_3vg2XOcl4AaABAg,Flip 8 podunga bro,0,2026-07-25T10:11:22Z
2026-10-03,P006,v1,y2QP-n1IMIs,UgwPCJuTaosau70bUkd4AaABAg,Fold 8 review video,0,2026-07-26T04:24:42Z
2026-10-03,P006,v1,y2QP-n1IMIs,Ugw80WKSQy7-rJhemu54AaABAg,All bro,1,2026-07-26T04:40:23Z
2026-10-03,P006,v1,y2QP-n1IMIs,UgwAMb6Gqa6UlAv7wBV4AaABAg,Bro does it have any crease line on samsung z fold 8 ultra 🤔,0,2026-07-22T14:43:48Z
2026-10-03,P006,v1,y2QP-n1IMIs,UgwVmGQFu9wqlpudgg94AaABAg,Bro apple watch series 8 la irukura same features the edthati vandirkanga,0,2026-07-23T16:04:17Z
2026-10-03,P006,v1,y2QP-n1IMIs,UgyzIXU_3eLih-Ryt7t4AaABAg,Sotta massah iruku💥💥💥💥❤️‍🔥❤️‍🔥❤️‍🔥❤️‍🔥❤️‍🔥,0,2026-07-23T11:00:24Z
2026-10-03,P006,v1,y2QP-n1IMIs,Ugz3JnZj4x9kB1PSeop4AaABAg,It remembers my Blackberry Passport,0,2026-07-23T01:56:46Z
2026-10-03,P006,v1,y2QP-n1IMIs,Ugyc2dc0k1mJBDwmk2N4AaABAg,Enna broo summer cut ahh 😂,0,2026-07-22T23:45:21Z
2026-10-03,P006,v1,y2QP-n1IMIs,Ugxo2cH5T4jRYXoSRr94AaABAg,"Bro vivo v,70 VS oppo Reno16 la ethu best nu solluga",0,2026-07-22T18:52:05Z
2026-10-03,P006,v1,y2QP-n1IMIs,UgzgBPFSarN5SuhoRKd4AaABAg,Z fold 8,1,2026-07-22T16:00:37Z
2026-10-03,P006,v1,y2QP-n1IMIs,UgwytSK2Rs4A_wnqYr14AaABAg,Bro flip 8 first  poduga,0,2026-09-03T16:55:05Z
2026-10-03,P006,v1,y2QP-n1IMIs,UgzV3-Un0K1Ap68g-jd4AaABAg,Bro full video,0,2026-07-25T14:55:36Z
2026-10-03,P006,v1,y2QP-n1IMIs,UgyMV3Fd6Vq6kP9pUuV4AaABAg,Samsung Galaxy Z Ultra 8,1,2026-07-25T04:45:11Z
2026-10-03,P006,v1,y2QP-n1IMIs,UgzolSIZSDzcUhv3Wyt4AaABAg,எனக்கு வித்தியாசமா பட்டது ஒங்கட மொட்ட தல தான் 😂,0,2026-07-23T15:02:12Z
2026-10-03,P006,v1,y2QP-n1IMIs,UgyLCV3L54IcQpyOYFV4AaABAg,z f 8 poduga bro,0,2026-07-22T15:41:59Z
2026-10-03,P006,v1,y2QP-n1IMIs,UgyLzUevOs4Mar33wEN4AaABAg,Water ku podu bro ❤❤❤,0,2026-07-22T18:27:52Z
2026-10-03,P006,v1,y2QP-n1IMIs,UgwUSPz-ff6Jz2KCP-N4AaABAg,Fold 8 & ultra,0,2026-07-23T05:39:37Z
2026-10-03,P006,v1,y2QP-n1IMIs,Ugx36R-DrG9m0ZospLJ4AaABAg,We are samsung fan and user,0,2026-07-22T15:08:20Z
2026-10-03,P006,v1,y2QP-n1IMIs,UgwhLnvagGcq0p4lR6x4AaABAg,Filp 8 full video please bro,0,2026-08-22T06:56:19Z
2026-10-03,P006,v1,y2QP-n1IMIs,UgwfLo3pkv8Q8S6770N4AaABAg,Fire product video bro,0,2026-07-22T15:01:24Z
2026-10-03,P006,v1,y2QP-n1IMIs,UgywpMApTPHHezn3kCR4AaABAg,Fold 8 ultra,1,2026-07-25T05:09:14Z
2026-10-03,P006,v1,y2QP-n1IMIs,Ugyq0Xs4Dx6LKJaxUzd4AaABAg,Price?,0,2026-07-22T14:26:34Z
2026-10-03,P006,v1,y2QP-n1IMIs,UgzBm2c6V4-1cey8i_V4AaABAg,200MP camera thokitangala bro?,0,2026-07-22T16:10:43Z
2026-10-03,P006,v1,y2QP-n1IMIs,Ugy6JpECpjZJBbZVQhF4AaABAg,"Apple be like : intha varusam new design flod mobile vituvom 😂😅😂
Tim cook be like  : ava namaku munnadiya muthikitada 😂😅😂",1,2026-07-22T14:34:22Z
2026-10-03,P006,v1,y2QP-n1IMIs,UgzafysJgf-DXhUgcW54AaABAg,Enku Xiaomi 17t full review thab 1st venum,0,2026-07-23T20:13:47Z
2026-10-03,P006,v1,y2QP-n1IMIs,UgyCCQAIyYeRois3NGV4AaABAg,Ultra,1,2026-07-25T08:40:20Z
2026-10-03,P006,v1,y2QP-n1IMIs,Ugx7szrZ6KwYxX--JA14AaABAg,Endha ooru motta bro😅,0,2026-07-22T15:23:57Z
2026-10-03,P006,v1,y2QP-n1IMIs,Ugx30swYGvJrVHaTwEh4AaABAg,Z fold ultra 🎉😊,0,2026-07-22T17:16:38Z
2026-10-03,P006,v1,y2QP-n1IMIs,UgxC0juOvSlmaUAlQF94AaABAg,Flip 8 video poduga anna ❤❤❤,0,2026-09-30T14:00:34Z
2026-10-03,P006,v1,y2QP-n1IMIs,UgyjwtI6j9xJfIIhDHd4AaABAg,Enna bro bison ahh😅,0,2026-07-26T13:44:19Z
2026-10-03,P006,v1,y2QP-n1IMIs,Ugwm8bim5fJjucua-At4AaABAg,Bro Samsung ultra 8 food reviews please.,0,2026-09-17T13:45:59Z
2026-10-03,P006,v1,y2QP-n1IMIs,Ugxg-rNXJYUysRBY8pZ4AaABAg,Super,0,2026-07-22T13:41:59Z
2026-10-03,P006,v1,y2QP-n1IMIs,UgxkceqhdkEPOqGkCAR4AaABAg,Samsung day by day 📈,0,2026-07-22T14:16:09Z
2026-10-03,P006,v1,y2QP-n1IMIs,Ugwd2DBTJJk3bNDXXeB4AaABAg,Z fold 8 first unboxing,0,2026-07-22T13:35:50Z
2026-10-03,P006,v1,y2QP-n1IMIs,UgywgovDoc5zKzob_H94AaABAg,Idhu blackberry passport sizela 🤔🤔,0,2026-07-26T16:59:47Z
2026-10-03,P006,v1,y2QP-n1IMIs,UgypZ2HLjQa7o1S5-ZZ4AaABAg,New hairstyle 😂,0,2026-07-23T11:27:17Z
2026-10-03,P006,v1,y2QP-n1IMIs,Ugx5l2mo2_UjKJ9YSmR4AaABAg,Samsung z fold ultra,0,2026-07-22T13:58:18Z
2026-10-03,P006,v1,y2QP-n1IMIs,Ugz0WzPkV06Dd0PaDJl4AaABAg,Elite plz,0,2026-07-22T13:34:08Z
2026-10-03,P006,v1,y2QP-n1IMIs,UgyncYpwGiX1EVTpRj14AaABAg,Bro any mobile giveaway without sharing in instagram bro. Family problem bro please understand bro 😭😭😭,0,2026-07-23T16:09:37Z
2026-10-03,P006,v1,y2QP-n1IMIs,Ugw7sxpj5-uxdHBB7eV4AaABAg,FLIP 8😅,1,2026-07-22T16:42:22Z
2026-10-03,P006,v1,y2QP-n1IMIs,UgwwoCazVZFdsSnll594AaABAg,Yena bro motai adichetigala 😅,0,2026-07-22T14:59:19Z
2026-10-03,P006,v1,y2QP-n1IMIs,UgwlQuKsIL3XVD_di7t4AaABAg,Crease ? Main focus,0,2026-07-22T15:40:18Z
2026-10-03,P006,v1,y2QP-n1IMIs,UgwSWZYVz0P4ejtkGAl4AaABAg,Bro cut his hair just for the review😂,0,2026-07-24T19:04:08Z
2026-10-03,P006,v1,y2QP-n1IMIs,Ugycrsux1BhvMAOZJKF4AaABAg,Vivo y51 pro review Venum bro Sudharshan bro 😭😭😭😭,0,2026-07-22T17:18:36Z
2026-10-03,P006,v1,y2QP-n1IMIs,UgzRMDJv_T_TX9LySLV4AaABAg,Thalaiva nee hair style mattum maathi kittey irukka pa..,0,2026-07-22T15:16:04Z
2026-10-03,P006,v1,y2QP-n1IMIs,Ugzhfa2fI5i0A_qDtn94AaABAg,Friends pada (Climax) Vijay madiri irukapula,0,2026-07-23T11:08:38Z
2026-10-03,P006,v1,y2QP-n1IMIs,UgyZ1Bpw0T03GheywF54AaABAg,Nee enna mukkunalum iphone thandaa massuuu😅😂,0,2026-07-23T12:29:11Z
2026-10-03,P006,v1,1cEjqSv8d1E,UgztJAp21ycoTsmh0MB4AaABAg,So tempted to go back to Android 😳,1802,2026-08-06T06:47:24Z
2026-10-03,P006,v1,1cEjqSv8d1E,Ugw1eBg9hXS6cUH27th4AaABAg,I want this phone so bad im sick of apple,471,2026-08-16T04:10:29Z
2026-10-03,P006,v1,1cEjqSv8d1E,UgzB2wnWtHkpdH1j5OJ4AaABAg,I just got my flip 8 as a long time apple user. This is by far the best phone I have ever had. It's very customizable. And just overall fun to use,955,2026-08-15T21:17:28Z
2026-10-03,P006,v1,1cEjqSv8d1E,Ugwp0FolXiaGvbA-mNB4AaABAg,"I have a Flip 7, in comparison there’s almost no big change. Yes it’s lighter but same camera setup, same battery, same display resolution and they didn’t even offer that free upgrade storage. Times are rough.",889,2026-08-06T13:30:31Z
2026-10-03,P006,v1,1cEjqSv8d1E,UgxhiDKZ7FZfXaq7kz94AaABAg,Never in my life had a Samsung or android and I want this one so bad MOM IM SCARED,222,2026-08-10T00:40:37Z
2026-10-03,P006,v1,1cEjqSv8d1E,Ugx0604sOUkCMKAwwS54AaABAg,"as a long time apple user that only felt comfortable with ios ecosystem, it hurts to see these amazing samsung phone😭😭 I really want to go back with samsung again but I can’t find comfort in the android ecosystem",74,2026-09-19T02:45:01Z
2026-10-03,P006,v1,1cEjqSv8d1E,UgysjYIC29TUIA0dVJJ4AaABAg,Girl!!!! Thank you for putting it beside the pink iphone i was looking for this!,115,2026-08-04T18:02:20Z
2026-10-03,P006,v1,1cEjqSv8d1E,UgztCilp0LcBPNcij3h4AaABAg,The flips are very lovable but FRAGILE. I have owned the 6 and the 7. Busted both flip screens despite casetify covers,92,2026-08-15T16:37:13Z
2026-10-03,P006,v1,1cEjqSv8d1E,Ugzsdr61c00o5vFFyv54AaABAg,"Girl mine just got here and this got recommended to me. So far, I literally love this I'm excited to personalize it !",43,2026-08-06T00:26:00Z
2026-10-03,P006,v1,1cEjqSv8d1E,UgxrnT4b3L-Rk7i6USB4AaABAg,Okay apparently all they had to do was make it pink for me to finally be actually tempted…..,4,2026-09-24T16:46:23Z
2026-10-03,P006,v1,1cEjqSv8d1E,UgxUrwrqBuXt2Y0SK_p4AaABAg,"It’s been almost 12 yrs since I have been using apple but now I m so tempted to go back to android.
But I literally don’t know how to operate them anymore.",8,2026-09-18T13:29:57Z
2026-10-03,P006,v1,1cEjqSv8d1E,UgyOAeAgcgoaVBpnbrF4AaABAg,Samsung forever 🎉,1,2026-09-26T08:22:24Z
2026-10-03,P006,v1,1cEjqSv8d1E,UgwhIvRud4ff_ly6Kyd4AaABAg,Motorola RAZR 60 Ultra here until almost 2 years and it was the best phone I ever bought! It does everything in the video and much more.,8,2026-08-25T23:13:00Z
2026-10-03,P006,v1,1cEjqSv8d1E,UgziKG0egRbGrXbZChN4AaABAg,"Oooh that's nice pink! I got the Pixel 11 last month in the hot pink color!!! I love how aggressively pink it is 😊 It's so pretty, especially with the sparkly clear case I got.",1,2026-09-25T17:30:50Z
2026-10-03,P006,v1,1cEjqSv8d1E,Ugy-rkOBkZILqm9GFDp4AaABAg,I’m struggling to choose between this or the fold… I still have no clue which one I want! 😂,41,2026-08-05T22:13:59Z
2026-10-03,P006,v1,1cEjqSv8d1E,UgwEE4CuPsQ3DFs7mo54AaABAg,"Just got mine and im starting to love it. From ip 15 pro to Samsung Zflip 8. I lowkey loving it so far ❤

Battery wise better",4,2026-09-10T15:29:41Z
2026-10-03,P006,v1,1cEjqSv8d1E,Ugxd7LEAQq0R7tqO08Z4AaABAg,Iphone can NEVER and i don't think they can EVER make a phone with this kind of quality it's the one thing they lack,49,2026-08-24T19:50:59Z
2026-10-03,P006,v1,1cEjqSv8d1E,UgwtGNmpZMlPi6Qjf4l4AaABAg,JUST got this phone and I am IN LOVE 😍😍😍,11,2026-08-11T02:39:41Z
2026-10-03,P006,v1,1cEjqSv8d1E,UgyjJTGLDb4X_uHKtG14AaABAg,This is how I use my flip 7 its great!,4,2026-08-07T10:35:25Z
2026-10-03,P006,v1,1cEjqSv8d1E,UgxMObACgbunfiqPXad4AaABAg,Cute Colours 🥳😊,3,2026-08-06T07:24:53Z
2026-10-03,P006,v1,1cEjqSv8d1E,Ugyvm6542pbLmYbhFc14AaABAg,"I'm an android user, i fell in love with samsung since i was like 9 years old, i can confirm if u actually buy a phone, it can last u years, i still have my tablet when i was a kid and it still works!",1,2026-09-23T15:45:50Z
2026-10-03,P006,v1,1cEjqSv8d1E,UgzVDgQFbuC6bcAwUst4AaABAg,The pink color makes me so happy because i had the 2024 hot pink razr flip and it was the worst user interface ive ever experienced. I switched back to a samsung before a year had passed.,1,2026-09-23T08:23:13Z
2026-10-03,P006,v1,1cEjqSv8d1E,UgwwHLgyYDE8gyIAZa14AaABAg,Defo need an update on how the battery lasted for you!,3,2026-09-19T15:01:30Z
2026-10-03,P006,v1,1cEjqSv8d1E,UgxUcdeSCItKomn3IE14AaABAg,One of the best review i have ever seen. You managed to make me want it. This looks so niceeee,0,2026-09-22T08:18:02Z
2026-10-03,P006,v1,1cEjqSv8d1E,UgyZDVGyw7Rqei9_JPt4AaABAg,This is literally stunning and cuteeeee,0,2026-09-21T14:22:00Z
2026-10-03,P006,v1,1cEjqSv8d1E,UgwQwpS8MFPx9Hgvrt14AaABAg,"I find this format so beautiful, wish Samsung did a flip ultra or something",1,2026-09-21T13:41:24Z
2026-10-03,P006,v1,1cEjqSv8d1E,UgzA6k8S2SOmjiFN9694AaABAg,After getting my current iPhone. I decided I’m switching to android. I think this is the phone series ill go with 😝,2,2026-09-17T02:33:27Z
2026-10-03,P006,v1,1cEjqSv8d1E,Ugzx8HdXd-hwxC1ZdK94AaABAg,O my.. the mint n pink one so cute,0,2026-09-21T08:45:14Z
2026-10-03,P006,v1,1cEjqSv8d1E,UgyVnnTtDFxtvS15NKB4AaABAg,i have z flip 6 and it's one of the best phones i've ever had. small and super cute though,0,2026-08-28T15:49:23Z
2026-10-03,P006,v1,1cEjqSv8d1E,UgzXU75zTeMwusXp7pN4AaABAg,This thing of really using the apps while the phone is closed is so smart! The flipping thing you last waaaaay longer that way!!,0,2026-09-21T17:26:29Z
2026-10-03,P006,v1,1cEjqSv8d1E,UgwK-UQJmt-djZKcqVN4AaABAg,Can’t wait to get me one💅🏾,0,2026-09-25T20:16:56Z
2026-10-03,P006,v1,1cEjqSv8d1E,UgxoMKiJCvvOUKaPgVd4AaABAg,Same as the flip 7,4,2026-08-09T15:52:47Z
2026-10-03,P006,v1,1cEjqSv8d1E,UgzWe01FheVwDQwhujh4AaABAg,They are so cute 😍,0,2026-09-28T00:17:54Z
2026-10-03,P006,v1,1cEjqSv8d1E,UgxlAR2bJRlWfXtOnMZ4AaABAg,I got mines today love it💞💞💞💞,0,2026-09-20T18:05:25Z
2026-10-03,P006,v1,1cEjqSv8d1E,UgxOuqB8Me9K2NN_Zv94AaABAg,The Kitty Theme 😻,1,2026-08-30T16:26:30Z
2026-10-03,P006,v1,1cEjqSv8d1E,UgxqwX7YR0_O1DNxe5p4AaABAg,Get the flip I've had the last one for 2 years and it's still perfect. I'm upgrading to this one in a couple of weeks I can't wait!! So good if you do videos because the back screen doubles as a view finder so you can record with your main camera!!,0,2026-09-23T23:35:25Z
2026-10-03,P006,v1,1cEjqSv8d1E,UgyBinITDS_WRMUEod14AaABAg,I want this as a fun phone,0,2026-09-21T18:12:28Z
2026-10-03,P006,v1,1cEjqSv8d1E,Ugxzx_ygwaUk4bGqeId4AaABAg,I really love it its so cute,0,2026-08-09T13:19:45Z
2026-10-03,P006,v1,1cEjqSv8d1E,UgybWAMFwidNjm53En94AaABAg,What a great day to have a Samsung phone,0,2026-09-25T08:45:36Z
2026-10-03,P006,v1,1cEjqSv8d1E,UgwYnQ71AnTlp8x7PFJ4AaABAg,Honestly the flip phone is really cool I'd so go for it,0,2026-09-23T23:53:46Z
2026-10-03,P006,v1,1cEjqSv8d1E,UgytguxXzFfTcdDn6-14AaABAg,I’d hope u could do anything on the small screen as u could with the bigger in case it breaks,0,2026-08-11T15:58:21Z
2026-10-03,P006,v1,1cEjqSv8d1E,UgwByE3cEJ3VlYwdBuF4AaABAg,pretty,0,2026-09-23T14:32:32Z
2026-10-03,P006,v1,1cEjqSv8d1E,UgzdTyJ3N60vDNPAZCJ4AaABAg,Cute 🥺,0,2026-09-23T14:12:43Z
2026-10-03,P006,v1,1cEjqSv8d1E,UgxhMuHXNTNdr1Q-ttB4AaABAg,Wasn't the purpose of the small screen to do LESS on the phone?,1,2026-09-24T07:18:46Z
2026-10-03,P006,v1,1cEjqSv8d1E,Ugz_efZeNcZgFfFTpMx4AaABAg,Wow it’s so cute,0,2026-08-07T04:08:29Z
2026-10-03,P006,v1,1cEjqSv8d1E,UgwrPEQXABlQS9-d14l4AaABAg,When I tell you I love this phoneeee...... I left apple two weeks ago and never plan to return. Its too much to do on this phone. And my battery life is amazing.,1,2026-09-19T10:51:06Z
2026-10-03,P006,v1,1cEjqSv8d1E,Ugy6efXc79orxQLp72p4AaABAg,It’s such a gorgeous bubblegum pink but ima still get the fold,0,2026-08-15T05:56:03Z
2026-10-03,P006,v1,1cEjqSv8d1E,UgysjZGBYKbv2ZZIfZx4AaABAg,"Okay the 31 hours video playback is CAP. 
But its screen on time for me has been amazing. Modes and routines lets you set it so at 50% the powersaver kicks on. Been averaging 
8.5 to 11 hours SoT
Playing music, running pokemon go,checking it all day while at work,come home stream videos all day, usually need top up in the afternoon but i also wake at 3 AM,so the phone may last someone all day.",2,2026-08-15T07:12:27Z
2026-10-03,P006,v1,1cEjqSv8d1E,Ugy_SscjmzB2X4W8lzB4AaABAg,it's co cuutee 😫,0,2026-09-23T20:25:53Z
2026-10-03,P006,v1,1cEjqSv8d1E,UgwPRNgEJJkY5l05dvZ4AaABAg,I wish i had the money this is too pretty,0,2026-09-15T15:37:39Z
2026-10-03,P006,v1,1cEjqSv8d1E,UgynH5vsPyfezgHGXA94AaABAg,I had the fold z6 and i loved it camera superior to the iphone,0,2026-09-22T16:01:54Z
2026-10-03,P006,v1,1cEjqSv8d1E,UgwiPPII1difVjCmiQ94AaABAg,They finally made a pink one!!!,0,2026-08-15T05:08:10Z
2026-10-03,P006,v1,1cEjqSv8d1E,UgyvjmLnMkO-cuFKiiN4AaABAg,Could you do a comparison to the flip 7 please,1,2026-08-08T01:50:39Z
2026-10-03,P006,v1,1cEjqSv8d1E,UgwlM4au70LY_UrFTGx4AaABAg,😊thank I haven't see they change it thick than fold,0,2026-08-10T09:12:21Z
2026-10-03,P006,v1,1cEjqSv8d1E,UgwrxAVrnYJSHllKQUh4AaABAg,My dream phoneeeee😭😭😭😭😭😭😭💖💖💖💖💖💖💖,0,2026-09-21T03:10:29Z
2026-10-03,P006,v1,1cEjqSv8d1E,Ugx-wJ8MWr7r-jx9Qi94AaABAg,I have the Samsung flip 5 there's literally no difference i see,5,2026-09-22T18:23:03Z
2026-10-03,P006,v1,1cEjqSv8d1E,UgwufTqJTYFvt3Xw87N4AaABAg,"Funny how once I wanted to buy a flip 4 and now I wanna buy a flip 8 and I still can't buy it....maybe when they release the flip 16  ,I will be able to buy it !! Amen !!!!",1,2026-09-22T10:25:56Z
2026-10-03,P006,v1,1cEjqSv8d1E,Ugzf5Y5rMNiB6dkRiep4AaABAg,“Do i look like a 6pc mcchicken meal” 😂,0,2026-08-09T15:31:38Z
2026-10-03,P006,v1,1cEjqSv8d1E,UgwtUGCgPV-XxcHdeml4AaABAg,OMG I WANT THIS PHONE T-T,0,2026-09-25T16:02:01Z
2026-10-03,P006,v1,1cEjqSv8d1E,Ugyp2JGheMgJ_pes3YV4AaABAg,I have the flip 3 still love it but i do wish i could afford to upgrade,0,2026-09-19T01:56:23Z
2026-10-03,P006,v1,1cEjqSv8d1E,UgzZBYyyrzlmMfmNKf94AaABAg,I got an iPhone 15 pro max rn and i think about switching honestly. The camera is no issue for me since I got a canon for actual photography. I just love this pink design so much and I want to try something other than apple for once,0,2026-10-01T06:12:06Z
2026-10-03,P006,v1,1cEjqSv8d1E,Ugzu4yF8YlQn_Uf8lj54AaABAg,"I was thinking, what if this is how the ZFold 8 and iPhone Duo or other mid sized fold camera is arranged. I mean, at the front/outer display, to avoid the super wobbly bump at the back when resting in surfaces.. saves space alloted for the back cam and place bigger battery while maintaining thinness",0,2026-09-22T05:29:59Z
2026-10-03,P006,v1,1cEjqSv8d1E,Ugye-CgD4ymuBJPyZGx4AaABAg,Some people just have many good extra phone and im here watching with my broken Android screen phone,0,2026-09-22T15:31:11Z
2026-10-03,P006,v1,1cEjqSv8d1E,UgzqX5CdGw7SrV3k_OV4AaABAg,Could you make vid about the flip 8 the passport size ? Color purple please!!,0,2026-08-07T11:19:28Z
2026-10-03,P006,v1,1cEjqSv8d1E,UgxAI8RAso7n6vgYxVB4AaABAg,Now i want it and need it i still have my 1st phone since i was 12 and its sooo slow now,0,2026-09-26T10:09:20Z
2026-10-03,P006,v1,1cEjqSv8d1E,Ugy-XyPbWUidq6dotf94AaABAg,❤❤❤,0,2026-09-24T12:51:50Z
2026-10-03,P006,v1,1cEjqSv8d1E,UgxpcGPdovU1hsb97yV4AaABAg,Lindo teléfono móvil.,0,2026-09-13T14:42:28Z
2026-10-03,P006,v1,1cEjqSv8d1E,Ugw_hb5nxGZBhG2lEAN4AaABAg,I have a 25ultra and yet I still want a flip 8 or the fold 8.,0,2026-09-19T00:53:08Z
2026-10-03,P006,v1,1cEjqSv8d1E,UgzT1kTy9OKuZPmoSiJ4AaABAg,I had apple now for 10 years until this cam along,0,2026-09-14T16:30:27Z
2026-10-03,P006,v1,1cEjqSv8d1E,UgwrH5Vb9b3oV-55dCh4AaABAg,You covering the pixel event this week?,4,2026-08-04T17:21:18Z
2026-10-03,P006,v1,1cEjqSv8d1E,Ugy5JdQvS00JbtMIxWl4AaABAg,i want a flip phone so bad ahhh😭😭,0,2026-09-19T12:56:50Z
2026-10-03,P006,v1,1cEjqSv8d1E,Ugyyak9ZAryrrngPi1N4AaABAg,Oooh,2,2026-08-04T18:47:54Z
2026-10-03,P006,v1,1cEjqSv8d1E,UgzD7gunba9Y4F7_avt4AaABAg,"I have the ultra 25, but I want the flip sooo bad!",0,2026-09-14T20:01:41Z
2026-10-03,P006,v1,1cEjqSv8d1E,UgxWT3TVUEoFNH6f_Jl4AaABAg,I want this phone or the fold so bad,0,2026-09-23T00:13:31Z
2026-10-03,P006,v1,1cEjqSv8d1E,Ugz6PvQXNWw2qsS6pnt4AaABAg,You can always see yourself taking a selfie lmao,0,2026-09-21T22:27:41Z
2026-10-03,P006,v1,1cEjqSv8d1E,UgxTNEu6sMD5H1-Ntyl4AaABAg,"I love the idea of it, but how do you protect it with a case?",2,2026-08-10T17:10:52Z
2026-10-03,P006,v1,1cEjqSv8d1E,UgwANWCJeZFDFyEeBYR4AaABAg,I saw Danielle Kirsty on there! Lol,0,2026-09-30T00:01:28Z
2026-10-03,P006,v1,1cEjqSv8d1E,Ugxcytu8yUDUtPHU1Up4AaABAg,I want😢❤,0,2026-09-12T06:00:43Z
2026-10-03,P006,v1,1cEjqSv8d1E,UgyFPQPTC1Zi3NYIJl94AaABAg,Waw,0,2026-09-21T22:48:20Z
2026-10-03,P006,v1,1cEjqSv8d1E,Ugyc_Avo6KDj93XRLoR4AaABAg,Ugh I lovr this pink so much I almost want this as my next phone 😅 lol I have the Samsung galaxy s26 ultra currently so idk if itd be an upgrade or downgrade,0,2026-09-23T06:30:42Z
2026-10-03,P006,v1,1cEjqSv8d1E,UgyLdY4YXHk_jXW8oad4AaABAg,heavily considering to change to samsung just for this phone 😭,0,2026-09-22T04:51:24Z
2026-10-03,P006,v1,1cEjqSv8d1E,UgxoMaIHsrLUYuTALPR4AaABAg,So tempted to switch back lol,1,2026-08-10T23:21:21Z
2026-10-03,P006,v1,1cEjqSv8d1E,UgxrsVrNUaa2cZmbcFt4AaABAg,I’m going to get a gift soon too💖,0,2026-09-16T04:13:09Z
2026-10-03,P006,v1,1cEjqSv8d1E,UgzdLv6xiCbo1K3yEAF4AaABAg,i thought only the fold phones have the flex titanium screen? i can't really tell the difference but i'm really leaning toward getting this phone with my upgrade this week...,0,2026-08-18T02:26:34Z
2026-10-03,P006,v1,1cEjqSv8d1E,UgyiCylgfUdZ5rdjvHt4AaABAg,"I have an 11 pro max, I’m tired of apple so definitely been looking into Samsung👀",0,2026-09-21T15:20:33Z
2026-10-03,P006,v1,1cEjqSv8d1E,UgwGAPHZNitBzPxKBmd4AaABAg,U can record with both front and back at the same time on iPhone,0,2026-08-11T15:59:13Z
2026-10-03,P006,v1,1cEjqSv8d1E,UgxWgkec38nI7CJjf4B4AaABAg,Ojalá pueda tener algún. Día uno,0,2026-08-11T03:19:20Z
2026-10-03,P006,v1,1cEjqSv8d1E,UgzRXjtq7coK3k_d7uF4AaABAg,What is that thumb? 😂😂😂😂,0,2026-09-19T07:00:08Z
2026-10-03,P006,v1,1cEjqSv8d1E,Ugx5266E9CBLLYtXtxl4AaABAg,I have it and it's a fun phone but it does get hot when streaming on tiktok and not the best battery life 😅,0,2026-09-13T18:51:45Z
2026-10-03,P006,v1,1cEjqSv8d1E,UgxaII3wNIXsQYEw-Jt4AaABAg,"Has anyone here switched from an iPhone to a Z Flip? I’ve always been an iOS user, but I’m honestly getting a little bored with it, and I really love the Z Flip mainly because of the form factor. My only concern is the inner screen, I’ve heard it’s quite delicate and can even get damaged by nails. For those who’ve used a Z Flip long-term, how has your experience been? Is the inner screen really that sensitive?",5,2026-08-18T18:33:18Z
2026-10-03,P006,v1,1cEjqSv8d1E,UgysT60tCb1SsCQJ-bJ4AaABAg,🎉🎉🎉😮❤❤❤❤,0,2026-08-07T04:22:05Z
2026-10-03,P006,v1,1cEjqSv8d1E,UgyEHKVuXZp5-fG4QZZ4AaABAg,"Now apple has their own flip phone. They saw all of you leaving for the flip, and had to hop on the trend 😅😂",0,2026-09-15T09:48:29Z
2026-10-03,P006,v1,1cEjqSv8d1E,UgyjAv_zkbYjZ1liQjZ4AaABAg,"Im getting it soon, nice looking phone and for the people who complain about the colour are useless as it will be in a case for its whole life.",0,2026-09-11T06:24:54Z
2026-10-03,P006,v1,1cEjqSv8d1E,UgxsPRE4TOMYmE8aio54AaABAg,I need dat,0,2026-09-22T22:30:42Z
2026-10-03,P006,v1,1cEjqSv8d1E,UgyIF0dTtTPwxWWfc6h4AaABAg,I wish Apple has this,34,2026-08-09T22:30:05Z
2026-10-03,P006,v1,1cEjqSv8d1E,UgxjOEprOZTb5MANduZ4AaABAg,I could have waited a couple months for the pink flip 8… I have the black flip 7 because the coral was too much for me…,0,2026-09-25T10:32:28Z
2026-10-03,P006,v1,1cEjqSv8d1E,UgyXtU7tRkgvlwdXRMN4AaABAg,where do you get your backgrounds from??,0,2026-08-12T08:22:03Z
2026-10-03,P006,v1,1cEjqSv8d1E,UgwfuYZLoWG0d9AEu454AaABAg,oh i’m ab to switch teams this phone is so sexy,0,2026-09-29T00:15:42Z
2026-10-03,P006,v1,1cEjqSv8d1E,Ugxs8v8v6zU1fQTgf0d4AaABAg,It's actually a Lil lavender in person at least mine looks lavender,0,2026-08-23T03:42:42Z
2026-10-03,P006,v1,1cEjqSv8d1E,Ugy6joS8Lh2fDzNeYk94AaABAg,I have the one prior to this.  There's minimal difference,0,2026-09-21T21:06:23Z
2026-10-03,P006,v1,wjlfOa7WZEM,Ugx9I4p9YyrNOuX7kIN4AaABAg,I mean I don't care about Flip Phones but it still would be kinda sad if Samsung would stop making them.,3540,2026-07-29T19:48:35Z
2026-10-03,P006,v1,wjlfOa7WZEM,UgyNIBEUMiAkNVrpGol4AaABAg,"I love the flip...
They should not stop making them...
till I can finally get one.",1927,2026-07-29T20:34:51Z
2026-10-03,P006,v1,wjlfOa7WZEM,UgxfIb5CoHc2BEdc0UV4AaABAg,They can't do this petition for flips to return,1274,2026-07-29T19:49:21Z
2026-10-03,P006,v1,wjlfOa7WZEM,UgwWycrrDVLPG5VJG1t4AaABAg,this phone is just too fucking cool to stop manufacturing dude its literally just a social class identification itself wish i had the opportunity to buy it one day,131,2026-07-29T21:46:04Z
2026-10-03,P006,v1,wjlfOa7WZEM,UgxU7GGzihHQPPWC5St4AaABAg,It’s sad if Samsung stopped making it because the flip is popular to use as a video camcorder and it’s pocket size,304,2026-07-29T20:35:47Z
2026-10-03,P006,v1,wjlfOa7WZEM,UgwI_M_VTP_nSIj-EBd4AaABAg,The Linus roast lol,362,2026-07-29T21:10:49Z
2026-10-03,P006,v1,wjlfOa7WZEM,UgxuDT_5F-MDFkk6HrZ4AaABAg,I prefer flip over fold.  They should keep making these,40,2026-09-13T21:06:38Z
2026-10-03,P006,v1,wjlfOa7WZEM,Ugxnjl_eq4lW7DZ0_uJ4AaABAg,"You can still buy it, It doesn't matter if they don't have Flip 9. We don't need an upgrade every year.",24,2026-09-13T13:30:02Z
2026-10-03,P006,v1,wjlfOa7WZEM,UgyWvuwMEVxwZ02OLox4AaABAg,"Samsung is like Toyota, they tend to discontinue most selling products without any valid reason. That actually breaks my heart 😶‍🌫️😶‍🌫️",62,2026-07-30T20:00:42Z
2026-10-03,P006,v1,wjlfOa7WZEM,UgztxSyW9pVT4WRtpEt4AaABAg,Maybe they should only realise it every 2 years,28,2026-07-31T20:56:45Z
2026-10-03,P006,v1,wjlfOa7WZEM,UgxPnTnF7BgMyjDUl0J4AaABAg,"My Dad had a Z Flip 3, he loved it.",10,2026-07-30T02:33:03Z
2026-10-03,P006,v1,wjlfOa7WZEM,UgyywyF6LrvPEwdo1bZ4AaABAg,Didn't expect a joke about Linus here,29,2026-07-30T08:31:28Z
2026-10-03,P006,v1,wjlfOa7WZEM,UgyZpD7EXHq7dSBU-uN4AaABAg,Parker is the Little Android guy born yet?,100,2026-07-29T19:51:55Z
2026-10-03,P006,v1,wjlfOa7WZEM,UgwSVL5vOOnNh_f6NDl4AaABAg,"If the crease could ever be completely eliminated, all phones should be flip imo. Apple should just make their base phones flip. It’s so nice",1,2026-09-15T08:03:36Z
2026-10-03,P006,v1,wjlfOa7WZEM,Ugzc6dF8hDUr72bpPpN4AaABAg,"My mom's got a Z Flip 7 FE, and she loves it! These foldables have gotten really good.",3,2026-07-30T21:13:05Z
2026-10-03,P006,v1,wjlfOa7WZEM,UgyWxNE_vuTF3HhF0cB4AaABAg,I love the flip phones! I pre ordered my flip 8 I hope they make more,3,2026-07-29T20:08:37Z
2026-10-03,P006,v1,wjlfOa7WZEM,Ugy0yz1Q-vNtconkbRd4AaABAg,"the flip can be so aesthetic with the right case, wallpaper and wireless loading stand... it's the future.. 😭",1,2026-08-21T03:47:58Z
2026-10-03,P006,v1,wjlfOa7WZEM,UgxWXm2mTN1I_h6zgV54AaABAg,"""Who am i, Linus Tech Tips?"" 


Pretty sure Linus felt some goosebumps from far away",2,2026-09-16T01:36:22Z
2026-10-03,P006,v1,wjlfOa7WZEM,UgxNFQBYCsd0AYqsQ914AaABAg,"A new pixel could become interesting if we can make under display front cameras because it would remove the cameras from the smaller display.
They could also experiment with cameras in other spots than the top right.",1,2026-09-18T13:45:14Z
2026-10-03,P006,v1,wjlfOa7WZEM,UgyGHWcwwLR365JLTY54AaABAg,I think rumors came because people thought that people would buy basic folds (wide) instead of flips. But the cost A LOT,6,2026-08-04T14:07:28Z
2026-10-03,P006,v1,wjlfOa7WZEM,UgwlKDmJu9ckOvq86wp4AaABAg,People buy ZFlips more then ZFolds,1,2026-07-30T07:12:32Z
2026-10-03,P006,v1,wjlfOa7WZEM,UgyYmmEOlzWr74ygkq14AaABAg,I heard about Samsung is attempting to kill the flip due to low sales of that model but they weren't that great for multitasking. They were for minimalistic lover people.,3,2026-08-29T22:04:13Z
2026-10-03,P006,v1,wjlfOa7WZEM,Ugz9hAle2bCtCduvUUF4AaABAg,The flip is actually better than fold 😂,1,2026-09-08T21:22:01Z
2026-10-03,P006,v1,wjlfOa7WZEM,UgwQOKP9qdVJ2dX7ZlB4AaABAg,I'm surprised he didn't say 6 7! 😅😅😂😂😂,5,2026-07-30T01:13:16Z
2026-10-03,P006,v1,wjlfOa7WZEM,UgylMu6t79HS-cvPYhl4AaABAg,I just don’t see them discontinuing it. People are switching to Samsung solely for the flip phones,3,2026-08-21T20:06:52Z
2026-10-03,P006,v1,wjlfOa7WZEM,UgxDuIlm8NX4dKO_Tup4AaABAg,And I love you videos,1,2026-07-29T23:15:01Z
2026-10-03,P006,v1,wjlfOa7WZEM,UgxaWz--7wCR3JgAzE14AaABAg,Finally a new pink phone,0,2026-09-15T13:54:13Z
2026-10-03,P006,v1,wjlfOa7WZEM,UgzRw5VF0D1PatFVLRZ4AaABAg,Crazy work,0,2026-08-22T21:50:20Z
2026-10-03,P006,v1,wjlfOa7WZEM,UgyvccpnJ5zJOYJJfz54AaABAg,It could be very cool from apple if we could put like an iPod feature on the next iPhone Duo (if it’s a flip like Samsung),1,2026-09-11T15:04:44Z
2026-10-03,P006,v1,wjlfOa7WZEM,UgzXt_r6WgEjDVrnAIV4AaABAg,Still waiting on the Rivain R2 test drive 😁,14,2026-07-29T19:48:18Z
2026-10-03,P006,v1,wjlfOa7WZEM,UgzL7g4waO5g0_3pT514AaABAg,Parker keeps dropping em devices 😂😅,2,2026-07-30T17:05:40Z
2026-10-03,P006,v1,wjlfOa7WZEM,UgzFQkRT326JV5Yw9x94AaABAg,"Probably one more, I think the new form factor of the fold will affect it's sales.m and then it'll get dumped",1,2026-07-30T00:24:32Z
2026-10-03,P006,v1,wjlfOa7WZEM,UgyWnS5ldgUPqAE3tzF4AaABAg,"Nah, z flip is the cheapest version of Z series. Also, variety is actually good for any tech company",4,2026-07-29T22:40:44Z
2026-10-03,P006,v1,wjlfOa7WZEM,UgyjgQhh0L2kYyMV1XB4AaABAg,"It would be mad to stop, the flip is significantly more popular than the fold. I see loads of them, and I see a lot of phones because people show me their tickets on them. Especially popular with women bc they fit into small pockets and handbags.",1,2026-09-17T14:37:17Z
2026-10-03,P006,v1,wjlfOa7WZEM,UgwF5J13n15wsk8WDbh4AaABAg,The color looks beautiful on that,0,2026-07-30T09:19:14Z
2026-10-03,P006,v1,wjlfOa7WZEM,UgxN_YqPMvmX5dNVESN4AaABAg,"As a person using flip 7, the crease does not bother me. It is minimal and I love using this phone",2,2026-08-29T14:35:01Z
2026-10-03,P006,v1,wjlfOa7WZEM,UgymryzVy7p6NkZYV0t4AaABAg,"I was going to ask for a phone but after seeing I'm not the only one, I'll just enjoy the current phone I have now",1,2026-07-29T19:53:36Z
2026-10-03,P006,v1,wjlfOa7WZEM,UgwyMVS9FQb5sxnsCq14AaABAg,My Fav YouTuber ❤,0,2026-07-30T07:31:08Z
2026-10-03,P006,v1,wjlfOa7WZEM,UgzSQl-G3s19rUT12_l4AaABAg,They made the camera a little bit to outside compared to the last generation,2,2026-09-04T09:34:25Z
2026-10-03,P006,v1,wjlfOa7WZEM,UgxUAyYBi8xvRwbXy5J4AaABAg,They are gonna stop this and start making z back flip 😎🤓,3,2026-07-30T00:31:30Z
2026-10-03,P006,v1,wjlfOa7WZEM,Ugy9ALXA-k5XmO3sgv14AaABAg,"Luv you bru
Big fan ❤️",0,2026-07-29T19:47:20Z
2026-10-03,P006,v1,wjlfOa7WZEM,UgwE5xG_HriSbgVOweF4AaABAg,LINUS TECH TIPS MENTIONED,1,2026-09-01T02:04:22Z
2026-10-03,P006,v1,wjlfOa7WZEM,Ugw9I8h8JYSKDeF6WYd4AaABAg,Finally someone who is flipping it so we can see the crease.,3,2026-08-02T15:00:12Z
2026-10-03,P006,v1,wjlfOa7WZEM,Ugz9aELPZFYNsuH_MA54AaABAg,"I love Samsung Galaxy ❤❤❤
Give me a hug especially the S24 Ultra ❤❤",1,2026-07-29T21:27:57Z
2026-10-03,P006,v1,wjlfOa7WZEM,UgyLWi5bf-LFOBnSGyd4AaABAg,"I've been waiting for folding screens to be reliable before I switch to a flip, if we never get to that point I'm gonna be so sad.  They are SO cute.",0,2026-09-16T04:47:39Z
2026-10-03,P006,v1,wjlfOa7WZEM,Ugz5RBaWR7kW56-Fhjl4AaABAg,I am planning to buy one in this upcoming sale bruh wtf,1,2026-09-16T16:27:59Z
2026-10-03,P006,v1,wjlfOa7WZEM,UgyKz9jbFEWJs3hRZNJ4AaABAg,"Makes sense, looking through a screen it’s cool and awesome but it’s probably rlly hard got use in day to day life. Unlike the fold which is much easier to use",0,2026-09-19T13:04:33Z
2026-10-03,P006,v1,wjlfOa7WZEM,UgzdrpeQhpcStexxmMB4AaABAg,If they give it the pura x form factor I feel like it would sell way better than how it usually does,5,2026-07-29T22:13:05Z
2026-10-03,P006,v1,wjlfOa7WZEM,Ugy22SBpgxhkXT8AWhh4AaABAg,about time i mean there’s so much you can do with it,0,2026-07-30T04:02:23Z
2026-10-03,P006,v1,wjlfOa7WZEM,Ugz6f5UGYErkIXJuRwp4AaABAg,I see imperfections in the hinge layout and my eyes can't unsee it now,0,2026-07-31T17:13:46Z
2026-10-03,P006,v1,wjlfOa7WZEM,Ugy9wnEKaRklCTgvpUF4AaABAg,Yeah.  I heard that but they are pretty cool phones tho,20,2026-07-29T19:47:06Z
2026-10-03,P006,v1,wjlfOa7WZEM,Ugx-rQezyG8AtuKMZtF4AaABAg,"Bro, the flip is like 1000 times better then the fold",3,2026-08-27T04:17:35Z
2026-10-03,P006,v1,wjlfOa7WZEM,UgzeWGiGnEZeeag2Kex4AaABAg,"My mom had the z flip 4, she liked it since it was easy to put in her pocket or her bag, but after a year and a half of usage, a black line suddenly appeared on the screen ( where the crease is), and although she got refunded by samsung and bought an s24 instead, she still does not trust ""flip"" phones and she still refuses to buy any one of those again",4,2026-09-06T13:05:41Z
2026-10-03,P006,v1,wjlfOa7WZEM,Ugz2v-5d9TnNQtRy6Ld4AaABAg,My adhd would love this,0,2026-07-31T14:22:02Z
2026-10-03,P006,v1,wjlfOa7WZEM,UgzUbL8d_c-qnYO5xeN4AaABAg,Don't be swayed by rumors and jump to conclusions about the future of the Z Flip line until the brand confirms it.,1,2026-08-03T18:48:29Z
2026-10-03,P006,v1,wjlfOa7WZEM,UgzhTK2nkXhxRwaFkpZ4AaABAg,Bro's the only one who talked about the flip after the launch of the wide fold,0,2026-09-19T01:39:41Z
2026-10-03,P006,v1,wjlfOa7WZEM,Ugx2HOX0FWJSy_i9tEF4AaABAg,Rhis is definitely for your wife she loves and hates it at the same time😂😂❤❤,0,2026-08-04T06:07:32Z
2026-10-03,P006,v1,wjlfOa7WZEM,UgxLrEK_b_lLELqsO3R4AaABAg,"I hope not, it's my first one and I'm in love. 😍",0,2026-09-10T21:24:37Z
2026-10-03,P006,v1,wjlfOa7WZEM,UgzKKTK7D_5_Z-6Zvhp4AaABAg,One is the most underrated phone,0,2026-09-17T09:22:00Z
2026-10-03,P006,v1,wjlfOa7WZEM,UgxfYM66X6-PosSC45R4AaABAg,"I think they mean not making it just means no big upgrades and only things like a faster processor, etc.",1,2026-07-30T09:54:55Z
2026-10-03,P006,v1,wjlfOa7WZEM,Ugy0pLvCsQv75AlsLcJ4AaABAg,Genuine question... how are there THIS MANY people who love the flip phone ??... IT LITERALLY HAS NO USE OTHER THAN BEING FLIPPED AND BECOMING AN ALARM. WHATS SO INTERESTING ABOUT A PHONE THAT JUST SHOWS TIME HELLOOOO????,1,2026-09-20T15:56:23Z
2026-10-03,P006,v1,wjlfOa7WZEM,Ugzwn6TdtDyXk51muR14AaABAg,"Really enjoy your content, Parker. What's one piece of advice you've received that still influences the way you think today?",0,2026-07-30T01:06:31Z
2026-10-03,P006,v1,wjlfOa7WZEM,UgxYhaR2GP40ShHDqbR4AaABAg,I wish they brought the light blue back for this phone,0,2026-09-13T01:19:03Z
2026-10-03,P006,v1,wjlfOa7WZEM,UgwvDF24DPqH9Ezhvqp4AaABAg,I have had my z flip 8 for about 4 days it never creases but there is a little bit of a ripple but it's not noticeable unless you're exactly looking for it 👌🏼,0,2026-09-12T17:04:31Z
2026-10-03,P006,v1,wjlfOa7WZEM,UgzZu71MYnJM_oypAKd4AaABAg,Never had one. I just ordered one.,0,2026-08-18T15:30:10Z
2026-10-03,P006,v1,wjlfOa7WZEM,Ugwe6GdxwgIASFcSF8l4AaABAg,"My mom likes the samsung flip phones. But yeah, I see why they would stop making them",1,2026-07-29T21:37:54Z
2026-10-03,P006,v1,wjlfOa7WZEM,Ugy60CTtQJb4uJo4z0F4AaABAg,Clapping it repeatedly like that makes a familiar sound...,0,2026-09-14T21:02:56Z
2026-10-03,P006,v1,wjlfOa7WZEM,UgyVwb8AlvJPy5RyKit4AaABAg,In regards to the battery being made of silicon carbon it should make for better battery life and hopefully easier repairs,0,2026-07-30T17:39:31Z
2026-10-03,P006,v1,wjlfOa7WZEM,UgxWkO5MLh5QnVFq87B4AaABAg,“Who am I Linus tech tips” is crazy,0,2026-07-30T20:57:16Z
2026-10-03,P006,v1,wjlfOa7WZEM,UgwMNCTP5gFvs11Ue554AaABAg,This is the only flip phone people love,0,2026-07-31T08:14:37Z
2026-10-03,P006,v1,wjlfOa7WZEM,UgwprKmeO8JdpXAYN1R4AaABAg,"Currently in the throws of making a Z Flip 9, obviously very very early stages",0,2026-09-03T10:08:28Z
2026-10-03,P006,v1,wjlfOa7WZEM,UgxgtEIYvT320-wg2lB4AaABAg,I just got the flip I love it bro ✌️😔,0,2026-09-09T01:25:08Z
2026-10-03,P006,v1,wjlfOa7WZEM,Ugzfa8ZEUka9MMZa5814AaABAg,"Daaamn, if that was it for packaging it won't be long before they come in a gray Temu bag and nothing more😮😮😮",0,2026-07-31T20:39:18Z
2026-10-03,P006,v1,wjlfOa7WZEM,Ugy2LoM86qLIHzae0ZV4AaABAg,I dont really like flip or foldable phones but its sad to see them not making them,0,2026-08-07T18:48:26Z
2026-10-03,P006,v1,wjlfOa7WZEM,Ugw_0x_Ff0I8Hj6O-ht4AaABAg,"I mean, what else is there to improve, add an extra camera, bump the battery, improve crease. None of these sound like real upgrades, barely any difference between flip 7 and 8, and it doesn't sell much, I can see why they would discontinue it. I will be sad😢",1,2026-07-29T22:58:11Z
2026-10-03,P006,v1,wjlfOa7WZEM,UgyVFaelT7YNP5mDFwd4AaABAg,"Mr Parker,I know I'm not supposed to ask but please give me your old zflip 7",3,2026-07-29T20:09:09Z
2026-10-03,P006,v1,wjlfOa7WZEM,Ugxe4Xnhr20IdecUz394AaABAg,Why he try to talk like that like he tries to keep he's mouth close while talking 😂,1,2026-07-30T18:12:03Z
2026-10-03,P006,v1,wjlfOa7WZEM,Ugyi5GJrIVSZeqKSZOp4AaABAg,"If that's true, it's very sad",0,2026-08-02T14:27:37Z
2026-10-03,P006,v1,wjlfOa7WZEM,UgxzEzvT6OGRsS0HTZJ4AaABAg,I wish they made the phone wider bc it is still too tall and too narrow,1,2026-07-30T09:10:23Z
2026-10-03,P006,v1,wjlfOa7WZEM,UgxVqSlu66mpIlIw_dF4AaABAg,The look on bro's face after dropping it😂😂,0,2026-07-30T03:15:36Z
2026-10-03,P006,v1,wjlfOa7WZEM,UgzYnVitMDTLwwCXw-p4AaABAg,That's so sad😢,0,2026-08-26T22:34:49Z
2026-10-03,P006,v1,wjlfOa7WZEM,UgxmmxK0W6Aj0oGigpt4AaABAg,There are ip patents with a more clamshell look in the middle rumors are which might be the spiritual replacement for the flip.,0,2026-08-07T08:43:00Z
2026-10-03,P006,v1,wjlfOa7WZEM,UgzyRYqYDBeawdrn23x4AaABAg,Not when I was starting to think to buy one😭😭,0,2026-07-31T15:31:52Z
2026-10-03,P006,v1,wjlfOa7WZEM,UgwmrtMwbD2BXZ4aV094AaABAg,"I think the hardware and form factor has matured to the point where they don't have to replace the body and general design of the phone, zo they can re-use it for the next 2 or 3 versions and save on RandD",0,2026-08-07T13:59:25Z
2026-10-03,P006,v1,wjlfOa7WZEM,UgxZPJbL5JrxeWHkvY14AaABAg,Parker I went to T-Mobile today and I tried out the new fold 8 ultra flip8 and fold 8 I love it I ended up switch ing to the z fold 8 from a s23+,0,2026-08-07T06:12:26Z
2026-10-03,P006,v1,wjlfOa7WZEM,Ugz5IqyAh8oRyWc54QR4AaABAg,Definitely not getting rid of it,0,2026-07-30T08:27:47Z
2026-10-03,P006,v1,wjlfOa7WZEM,UgzuU4rB7isN2M3sOyl4AaABAg,Yo when you gonna make a vid kn the Galaxy watch Ultra and Watch 9?,0,2026-07-30T05:33:15Z
2026-10-03,P006,v1,wjlfOa7WZEM,UgziOpcU8UQw6-3_c6h4AaABAg,"It makes sense, what else can they do when it comes to design",0,2026-07-29T21:10:12Z
2026-10-03,P006,v1,wjlfOa7WZEM,Ugw0I0kAwnepLqzsMWZ4AaABAg,They might change or alter its design. I don't think they will entirely stop it. Its just one of there cool design phone.,0,2026-07-29T23:17:59Z
2026-10-03,P006,v1,wjlfOa7WZEM,UgwOJuntZX3dghiqtOB4AaABAg,They should make a slide phone that slide two screens out and down and into each other,0,2026-08-04T21:42:54Z
2026-10-03,P006,v1,wjlfOa7WZEM,Ugz4LtHH_P88SF5Iaol4AaABAg,Dude my mom JUST bought a z flip7😭,1,2026-07-30T08:16:43Z
2026-10-03,P006,v1,wjlfOa7WZEM,Ugx0TPSuPpBe3jSIblt4AaABAg,"My guy, I can't handle how hard you CLAP that poor phone closed! Gahhh be nice to it! You hit it so hard I feel like it needed to give consent!",0,2026-07-29T20:01:45Z
2026-10-03,P006,v1,wjlfOa7WZEM,UgyLmf6senpOAMKzB-J4AaABAg,I doubt they'll stop. Cuz this year with the pink one a lot of apple girls switched to the flip 😂,0,2026-09-21T19:00:10Z
2026-10-03,P006,v1,wjlfOa7WZEM,Ugz3guv78V_67qlhWrh4AaABAg,LTT catching strays 💀,0,2026-07-30T18:46:42Z
2026-10-03,P006,v1,wjlfOa7WZEM,UgwBOIXhvjasGOMQHJR4AaABAg,8!? I remember when the 5 was new??,0,2026-08-22T06:59:10Z
2026-10-03,P006,v1,wjlfOa7WZEM,UgyyBxnmKWadTdPGhJx4AaABAg,I want this❤,0,2026-09-12T04:44:23Z
2026-10-03,P006,v1,wjlfOa7WZEM,Ugw9F9qBwsmgd_NIt_h4AaABAg,Like they should make one more n have a button you can hit to open the phone up cuz man I'm still not use to opening the phone up,0,2026-08-16T21:10:04Z
2026-10-03,P006,v1,wjlfOa7WZEM,UgzzjQMrSEy0ScrCYlV4AaABAg,"Why-, I love it..., I want one, pleasee",0,2026-09-27T13:01:35Z
2026-10-03,P006,v1,wjlfOa7WZEM,Ugyz9MAWDgUoJF2_VPR4AaABAg,I had the flip4 it was great and people were in shock when i opened and closed that thing in public. But the issue i have is if there was a button to open it automatically i would feel better about it,0,2026-09-20T17:37:09Z
2026-10-03,P006,v1,wjlfOa7WZEM,UgxOqczXULDqJ3Gv_bx4AaABAg,Nooo i love the z flips,0,2026-07-30T18:17:23Z
2026-10-03,P006,v1,QMFIPP_gV4M,UgyGw2Hq3gWdldQ3wRx4AaABAg,"> entry level
> $1200

Damn I guess I know which one I'm buying (none of them I'm broke lmao)",1054,2026-08-13T15:25:40Z
2026-10-03,P006,v1,QMFIPP_gV4M,UgzwJCiZ5Hc2lcQgmyB4AaABAg,Holy tax write-off,583,2026-08-13T16:27:04Z
2026-10-03,P006,v1,QMFIPP_gV4M,Ugzou0w9wHTo1rR7zoF4AaABAg,"3:27 everyone keeps mentioning black bars on the sides of vertical videos, but all I see is the icons not blocking the video",68,2026-08-17T22:07:52Z
2026-10-03,P006,v1,QMFIPP_gV4M,Ugxk9dpeJLbxpavptr54AaABAg,"From The moment I saw the marketing for the Fold 8 something about it just spoke to me. I picked one up during the pre-order and managed to get it shipped fairly quickly (which was honestly surprising) and I've been daily driving it for about 2 weeks now. I think it might be my favorite phone ever. I didn't realize how dependent I was on the inner screen of my Fold 5 for most things because the outer screen was so narrow. Not to mention I had a hell of a time texting on that narrow screen. 
I know this sounds weird to say, but my favorite thing about the Fold 8 is how often I DON'T open it. The form factor reminds me of the technology of the 2000s. And I don't know what to tell you, it's just so damn cute.",226,2026-08-13T17:48:17Z
2026-10-03,P006,v1,QMFIPP_gV4M,UgzrOdAqsxJhb_DxXy54AaABAg,The fold 8 has a good ratio to watch old TV shows since it has a very similar size to those squared screens,354,2026-08-13T15:42:45Z
2026-10-03,P006,v1,QMFIPP_gV4M,Ugx982VVM6NOqcbOhRp4AaABAg,I have been using my z flip 8 since launch. Coming from a devoted iPhone user the z flip 8 is so much fun! No regrets,61,2026-08-15T23:00:08Z
2026-10-03,P006,v1,QMFIPP_gV4M,Ugx4VhHNAjQTybWf9iR4AaABAg,"I'm not a doomscroller and don't spend much time on social media but when I do use my phone it is mostly for scrolling (websites, etc) and the taller screen just makes way more sense for that IMO.  I really only open my phone for watching videos but that's not something I'm doing often.  The hole punch camera is also a dealbreaker for me which is why I've stuck with my Fold 6 especially since they've jacked up the price.",22,2026-08-13T15:29:26Z
2026-10-03,P006,v1,QMFIPP_gV4M,UgwHU3av_HEChyKq2EV4AaABAg,My sister and daughter love the flips. They refuse to own another phone. As for me I haven't had a fold since the Fold 5 and I miss having a folding phone. I can't wait to get my new Fold 8,11,2026-08-14T22:15:49Z
2026-10-03,P006,v1,QMFIPP_gV4M,UgwT6uE0YtYpgSxVZZl4AaABAg,I've had a Z Flip 7 for the past couple months and I've been so happy with it. Glad I made the jump.,65,2026-08-13T19:03:59Z
2026-10-03,P006,v1,QMFIPP_gV4M,Ugy9Rq3UeibV7xHutfZ4AaABAg,all youtubers will be daily driving apple fold pretty soon,259,2026-08-13T15:05:34Z
2026-10-03,P006,v1,QMFIPP_gV4M,UgyXnLdTk9SpHXGTCCt4AaABAg,I love my pre owned fold 5 $360.00  reeblo 6 months in and I cant go back to a single screen. its amazing,4,2026-08-13T21:10:01Z
2026-10-03,P006,v1,QMFIPP_gV4M,UgwHP3kQVsePnJ2lEZ94AaABAg,I like the wider formfactor personally. Give me old school blackberry vibes. Samsung needs to make one of those and see how it does without the fold.,29,2026-08-13T15:20:57Z
2026-10-03,P006,v1,QMFIPP_gV4M,UgwiDYH6PM_z9MAHvzN4AaABAg,"I got the fold 8 ultra. Traded in my fold 6. Got it for 1147 after the trade in, instant credit, reserve credit and employee discount partnership with my employer. Used affirm for the rest with 0% interest. Could've gone cheaper with my cell phone provider, but didn't want to be trapped in a 3yr loan with no chance of upgrading to a new phone.",6,2026-08-15T05:23:49Z
2026-10-03,P006,v1,QMFIPP_gV4M,UgwBH_BwhgatxaQlL-Z4AaABAg,At this point only the nerved cameras are the biggest thing holding me back from getting a Fold or a Flip,1,2026-08-14T06:11:04Z
2026-10-03,P006,v1,QMFIPP_gV4M,UgzlzSH9mBCEbPxQ4hZ4AaABAg,We out here early my brother,5,2026-08-13T15:03:27Z
2026-10-03,P006,v1,QMFIPP_gV4M,UgyhNZkkZv8JXrT79_14AaABAg,"Best description ever right there. ""This phone feel right, this phone feels stupid""",1,2026-08-15T14:27:34Z
2026-10-03,P006,v1,QMFIPP_gV4M,UgwyQm6oNbXYiS6c7eV4AaABAg,The Flip is my formfactor of choice too. I absolutely love the less phone when folded.,11,2026-08-14T22:27:02Z
2026-10-03,P006,v1,QMFIPP_gV4M,UgytdduezReGhVHZ-R54AaABAg,"4:42 if they put the cameras on the other side, so they're more centered when unfolded it'd balance better.",1,2026-08-14T04:58:07Z
2026-10-03,P006,v1,QMFIPP_gV4M,UgyCvEM16Of2dTvMKzF4AaABAg,Was anyone able to scan the wifi card at @1:13,7,2026-08-14T07:09:10Z
2026-10-03,P006,v1,QMFIPP_gV4M,UgyV1TIZa8av7BZPrIh4AaABAg,Still rocking the same fold 4 for 3 years now still have no issues with it,1,2026-08-19T01:47:31Z
2026-10-03,P006,v1,QMFIPP_gV4M,UgxRiI81CAqnRn3pYM54AaABAg,"I actually find I like cover screen more than I expected. You get the easy one handed use of a small phone, but a little wider for a better keyboard experience. It's like going back to an iPhone 5 size, and switching back to a larger phone is awkward because they feel unbalanced in the hand.",27,2026-08-13T15:37:03Z
2026-10-03,P006,v1,QMFIPP_gV4M,UgyjAGCVS5YUexyopIx4AaABAg,The only reason I want the fold 8 wide is because it reminds me of the duo 2 and I loved that phone,2,2026-08-13T15:32:33Z
2026-10-03,P006,v1,QMFIPP_gV4M,UgzsIEdGpbObQ-WV-tB4AaABAg,Loving my Fold 8 and much prefer it to my Fold 7,62,2026-08-13T15:32:09Z
2026-10-03,P006,v1,QMFIPP_gV4M,UgztuddtZkn2o3RL0aZ4AaABAg,"These and the Pixel 11 series got me seeing my upgrade options even though I’m perfectly happy with iPhone 16 pro. Apparently, even though my 16 pro is free with bill credits, trading it in early would either require me to actually pay for it (making my previous trade in worthless), or surrendering it with zero trade value towards the new foldable. The good news is the exorbitant mark ups inevitably turn into huge depreciations, and much like how you could get that T-shaped two screen LG phone for less than a cracked glass iPhone SE after just a few years, these 2026 foldables will be like a third of their price on eBay by the time my bill credits run out.",1,2026-08-13T18:51:20Z
2026-10-03,P006,v1,QMFIPP_gV4M,UgzDym-4vrVxuqsYJT14AaABAg,Watching on my zfold8 ultra. Im loving it,3,2026-08-14T18:58:02Z
2026-10-03,P006,v1,QMFIPP_gV4M,UgxdJvEB7r091hj19cZ4AaABAg,Bro says he had the opposite of the honeymoon phase and proceeds to describe he had the honeymoon phase...,1,2026-09-16T22:21:04Z
2026-10-03,P006,v1,QMFIPP_gV4M,UgwIQJNivn44IhLkssh4AaABAg,"Proposal for the new wider and shorter zfold 8 aka: the fat fold. I will now and forever call the phone ""The muffin top""",1,2026-08-13T15:26:15Z
2026-10-03,P006,v1,QMFIPP_gV4M,Ugzt7w1NpMO-2ZvzNEN4AaABAg,Watching on my first foldable ZFold Ultra coming from the S23 Ultra enjoying this different form factor enjoying  this phone.,28,2026-08-13T22:42:02Z
2026-10-03,P006,v1,QMFIPP_gV4M,Ugzss8A8DIO22A3YyNB4AaABAg,"Got a Samsung fold 8 Ultra for $1,000. 512GB. A couple of co workers got the regular fold 8. So glad I got the bigger one.",1,2026-08-15T20:06:33Z
2026-10-03,P006,v1,QMFIPP_gV4M,UgzbUrj1CTXGI0thO4p4AaABAg,"To me is the opposite, with the Fold 8 I'm using the small screen a ton more",32,2026-08-13T15:17:57Z
2026-10-03,P006,v1,QMFIPP_gV4M,UgwEjtMpMnmOqobaavR4AaABAg,"I love my z fold 8, it is my first foldable and I was able to get £600 off trading in my old phone. When closed is is a great size for my hands, I had the S25 ultra before this and it often felt too tall and heavy ended for my hand whereas this one feels great. It is great for messaging and simple use while closed but when I want to watch content I open it up to the larger screen making it the best of both worlds. I'm so glad I upgraded

Edit: on tiktok I actually like the black bars as it means the UI covers less of the video but I like scrolling comments so I often open my phone now with comments on one side and the video on the other",1,2026-08-14T19:07:46Z
2026-10-03,P006,v1,QMFIPP_gV4M,UgxcG-8sjwyWsN1z8rF4AaABAg,16:13 sure Austin sure,12,2026-08-14T00:59:31Z
2026-10-03,P006,v1,QMFIPP_gV4M,UgwgvjRg0uVzriHKtMt4AaABAg,Glad samsung has fixed the battery life. You forgot to mention the inner displays had a big resolution bump too,1,2026-08-13T19:08:49Z
2026-10-03,P006,v1,QMFIPP_gV4M,UgxpbwaZwJeAEDmoG654AaABAg,"When Apple does their next foldable phones they need to call it the “I-Fold”
If they use this idea I deserve royalties",22,2026-08-14T21:13:55Z
2026-10-03,P006,v1,QMFIPP_gV4M,Ugy2Y2hSkN-Jw2hTUlx4AaABAg,Great review!,0,2026-08-21T04:48:36Z
2026-10-03,P006,v1,QMFIPP_gV4M,Ugy8tGPRKwTn0bbY__J4AaABAg,Thank you for being one of maybe 9 people that actually stand for the flip lovers </3,8,2026-08-15T04:37:59Z
2026-10-03,P006,v1,QMFIPP_gV4M,UgxTDtafnq2vhRb8flx4AaABAg,"Sheeeesh, early on this one. Keeping my S25U until the 27U though I think, but that fold8 does look fire",2,2026-08-13T15:51:14Z
2026-10-03,P006,v1,QMFIPP_gV4M,UgwhGEiTCOW6Q3Ua2s54AaABAg,i just bought the fold 8 ultra,12,2026-08-13T15:06:43Z
2026-10-03,P006,v1,QMFIPP_gV4M,UgzLPu9ecSJXgKgFjZd4AaABAg,Austin's video syncs up nicely with Groove is in the heart.,0,2026-08-15T10:19:01Z
2026-10-03,P006,v1,QMFIPP_gV4M,UgwmNBTo77GZkLEpbSx4AaABAg,I really want a folding phone but i already know the crease and plastic screen will definitely drive me nuts.,3,2026-08-13T16:59:09Z
2026-10-03,P006,v1,QMFIPP_gV4M,UgwMgLXavPuXffWsR4t4AaABAg,Messed around with the Z fold 8 and ultra in store and it’s the first time I really wanted a fold phone. Amazing stuff. Going to buy a 7 used,1,2026-08-13T21:03:17Z
2026-10-03,P006,v1,QMFIPP_gV4M,UgxOJBc1xHJtkjJonFR4AaABAg,1:59 It wouldn't kill you to specify that the Galaxy Z Tri-Fold 2 is coming around July 2027.,11,2026-08-13T21:42:41Z
2026-10-03,P006,v1,QMFIPP_gV4M,UgwvcKvmDWw0UKFSbW94AaABAg,"I've had the Z Fold 3, 4, 5, Pixel 9 Pro Fold, Z Fold 7. I needed a change up and got the Z Fold 8. I absolutely love the device. Browsing the internet, texting, gaming, videos are INCREDIBLE on both screens. My only complaint in the front cover with social media apps like reddit and X when it comes to photos they get cut off.",0,2026-08-13T21:00:50Z
2026-10-03,P006,v1,QMFIPP_gV4M,UgwlPEVSFpXb1xeaum14AaABAg,They really should have made a third telephoto camera for the Fold 8 and made it 200mp instead of having 50mp cameras. And also why did they remove the flex mode? That was the best feature ever,4,2026-08-14T00:08:15Z
2026-10-03,P006,v1,QMFIPP_gV4M,UgwZtLZFzNSEkv_sNox4AaABAg,"Absolutely love my Fold 8. The form factor is perfect. You get a very comfortable front screen that is more than enough on its own, but then you get that HUGE inner display for content and gaming.",0,2026-08-24T06:40:39Z
2026-10-03,P006,v1,QMFIPP_gV4M,Ugw7ddVRY7caACWD3sF4AaABAg,I feel like the guys who work with cameras and editing video on the daily care more about the cameras than most people.,12,2026-08-13T18:40:21Z
2026-10-03,P006,v1,QMFIPP_gV4M,UgyuYAt6Ty9yufuRj6J4AaABAg,"I definitely appreciate this video. Austin always gives honest reviews. I was 👌🏾 close to selling my Vivo x 300 ultra and getting the Z Fold 8, but I didn’t want to live with those camera compromises.",0,2026-08-13T18:12:21Z
2026-10-03,P006,v1,QMFIPP_gV4M,UgwwPojzLiWv4JdQzXB4AaABAg,Fold 8 has a tent more where you wouldnt need a case stand. Tent mode is perfectly usable,2,2026-08-13T15:59:21Z
2026-10-03,P006,v1,QMFIPP_gV4M,Ugw4kThqE6UlYhXJjSd4AaABAg,Gonna wait for the Tri Fold 2.,1,2026-08-13T23:08:18Z
2026-10-03,P006,v1,QMFIPP_gV4M,UgxwZWW8luw7asiQ3bZ4AaABAg,Im to old to justify A phone at the same cost as a used Car,19,2026-08-13T15:09:02Z
2026-10-03,P006,v1,QMFIPP_gV4M,UgzM9Uh4Z1KshNqeYvl4AaABAg,The Z fold 8 Ultra is the first time ive upgraded since the Z fold 5 and i am loving it honestly.,2,2026-08-15T21:12:30Z
2026-10-03,P006,v1,QMFIPP_gV4M,UgyhXacq0JTGHsysgwd4AaABAg,Hmmm nice video so far 11:28 WAIT HOSHIMACHI SUISEI ☄️ FROM HOLOLIVE/STUDIO STELLAR!?,3,2026-08-16T07:11:37Z
2026-10-03,P006,v1,QMFIPP_gV4M,UgxWgY8oielkm6Mb2HZ4AaABAg,I want the absolute opposite of a Fold: I want the iPhone SE small form factor for life.,1,2026-08-13T22:24:04Z
2026-10-03,P006,v1,QMFIPP_gV4M,Ugx4Q8ptH_e_4PzrwhJ4AaABAg,12:40 close your eyes and listen,3,2026-08-13T15:20:15Z
2026-10-03,P006,v1,QMFIPP_gV4M,UgwrNaK_If2GFr71yGV4AaABAg,I purchased the flip 8 and i have to say im in love with it the front camera is better then i expected,0,2026-09-07T09:56:09Z
2026-10-03,P006,v1,QMFIPP_gV4M,UgyK49zW8tbMVFJ8BH94AaABAg,We’re at the point in technology where I would trade off some camera performance for no camera bump. The Fold 8 rocking back and forth on that table is almost a deal breaker it’s actually crazy,13,2026-08-13T21:48:23Z
2026-10-03,P006,v1,QMFIPP_gV4M,UgxBaubICxdH9770qW94AaABAg,The inside screen will scratch easily but it heals itself over time as long as you didn't cut the screen,0,2026-09-01T13:19:57Z
2026-10-03,P006,v1,QMFIPP_gV4M,Ugxse77MTkAWndkjqqt4AaABAg,Give it another month. That honeymoon is about to ware off.,12,2026-08-14T01:36:24Z
2026-10-03,P006,v1,QMFIPP_gV4M,UgxLYauKfZDiyaQhjb14AaABAg,10:24 It's rumored that Apple is going to be doing the same form factor that the Fold 8 is currently using. Samsung just wanted that head start as usual,0,2026-08-14T23:53:13Z
2026-10-03,P006,v1,QMFIPP_gV4M,Ugyl8gcKQuaPwUs6-D54AaABAg,"Love my fold 8 ultra, it might be worse for a lot of things with the screen on the inside but lets be honest you still spend more than 70% of your time on the outside screen and that normal screen on the outside for most of your day to day tasks has become the standard on smartphones for years for a good reason, its that its the best and what things are designed around.",9,2026-08-13T15:29:42Z
2026-10-03,P006,v1,QMFIPP_gV4M,UgwlmftbOi1xhQ8_Xvx4AaABAg,"I had the fold 7, I just bought the Fold 8. I feel relief that the 
 ""brick"" is gone. The ultra never fit in my pocket, and would easily fall out. Its to large, I don't miss it at all, and the fold 8 is much lighter.",1,2026-08-14T18:31:14Z
2026-10-03,P006,v1,QMFIPP_gV4M,UgwJ5wdlF-tngs2ugsl4AaABAg,I got the Z fold 8 ultra 512gb. No complaints. Wanted the 8 but this time i wanted the best camera.... and thats really it,10,2026-08-13T22:55:48Z
2026-10-03,P006,v1,QMFIPP_gV4M,UgxvsR7daSusY42btON4AaABAg,"This sounds cheesy, but 200 likes Austin gets me a Samsung fold😊",7,2026-08-13T15:14:43Z
2026-10-03,P006,v1,QMFIPP_gV4M,Ugxke1LDu8bKmn6G4ER4AaABAg,Had the Z fold 3 and never looked back. Now have the 7 and absolute love it.,0,2026-08-13T16:20:08Z
2026-10-03,P006,v1,QMFIPP_gV4M,UgyoYqUa8LQ2yBTNSol4AaABAg,For $2100 dollars it better be waking me up in the morning with breakfast and head 😮,3,2026-08-14T04:28:37Z
2026-10-03,P006,v1,QMFIPP_gV4M,UgzJ_yRYC7AI2NERNIV4AaABAg,Next Level Information ❤,0,2026-08-21T09:30:34Z
2026-10-03,P006,v1,QMFIPP_gV4M,UgxTKhhtvuWqQW-hJHt4AaABAg,"I've used iPhones exclusively for years and recently started having a separate line for business. I had the S23 Ultra, Pixel 9 and didnt use them nearly as much. I picked up the Z Fold 8 wideboi along with a watch ultra 2, and I've been super impressed. So much so I've been picking up my z fold almost every single time.",4,2026-08-13T15:22:06Z
2026-10-03,P006,v1,QMFIPP_gV4M,Ugxm8vUNaA6HwsGDJ_94AaABAg,I've had my fold 8 for about a week now and I'm loving it. I consume a lot of video content so it seems basically perfect for me.,0,2026-08-13T23:29:34Z
2026-10-03,P006,v1,QMFIPP_gV4M,UgyCNPvyxIBC6jPUzzV4AaABAg,Appreciate you calling out the cons and the pros ..,0,2026-08-19T20:31:24Z
2026-10-03,P006,v1,QMFIPP_gV4M,UgyoNst6CN654vecm6J4AaABAg,dang... 5 mins is wild,8,2026-08-13T15:07:12Z
2026-10-03,P006,v1,QMFIPP_gV4M,UgzRi-pBA032eXgJn5t4AaABAg,I just got off a cruise last week and there was a lady who was rocking the tri-fold. It was pretty sweet looking.,0,2026-08-27T17:10:35Z
2026-10-03,P006,v1,QMFIPP_gV4M,UgzzCSQlRVqRbcN0bG94AaABAg,Folding phones must be mostly purchased by white collar workers because I would break these after 1 day at shop .,5,2026-08-13T15:21:08Z
2026-10-03,P006,v1,QMFIPP_gV4M,Ugyd7lUvDge-t-vbSox4AaABAg,"I stopped at flip 5, after a year all flips I had would get screen problems..",1,2026-08-13T16:57:59Z
2026-10-03,P006,v1,QMFIPP_gV4M,Ugy1O7J1o9mq-1blMkR4AaABAg,I considered getting the fold 8 until I got my hands on it. Not a fan of the weird shape of it and just went with the fold 8 ultra instead and man I love it as I really missed having a folding phone. I had a fold 4 but swapped back to a regular style phone when the inner screen on my fold4 failed after a little over 2 years and I found myself constantly missing having a bigger screen.,4,2026-08-13T15:20:49Z
2026-10-03,P006,v1,QMFIPP_gV4M,Ugy72DBfUWVZhYebyah4AaABAg,Out of everything being excited for the Flip is wild,0,2026-09-14T07:33:06Z
2026-10-03,P006,v1,QMFIPP_gV4M,UgyUTgqzH6IheGQ_bJt4AaABAg,I wish they would put an SPen in a fold.,3,2026-08-13T15:17:31Z
2026-10-03,P006,v1,QMFIPP_gV4M,Ugx0GkmSXZf2WSVcgQp4AaABAg,Glad to see Cody Banks doing tech reviews,0,2026-08-16T19:21:19Z
2026-10-03,P006,v1,QMFIPP_gV4M,UgydI8J-LW6gFYeUBfZ4AaABAg,2K likes and Austin gets me the Fold 8 Ultra,34,2026-08-13T15:02:05Z
2026-10-03,P006,v1,QMFIPP_gV4M,UgyDe6pu5RwdGz2v3P54AaABAg,"i got a zflip 3 from my grandma a few years back and it was solid, but the color layer was starting to come off its glass so i replaced it and the battery then it would constantly give an error that the phone was too cold to charge even though i readded everything, but because of this phone I really fell in love with the design, so i picked up a second hand zflip 5 with a tiny dead pixel for like £200 and i still use it, no issues aside the screen protector is finally peeling off, but i dont really wanna take it off till i can get a replacement",0,2026-08-14T10:37:06Z
2026-10-03,P006,v1,QMFIPP_gV4M,UgwmLFLTX0ATsjasLmB4AaABAg,"I want to remind everybody that the better these phones are today. The better. They'll be in a year when you can get them for way cheaper. 

Open box, clearance, sale and just used versions will be plentiful in a year or two and these devices will still be amazing.",5,2026-08-13T20:45:26Z
2026-10-03,P006,v1,QMFIPP_gV4M,UgywtlOtVYhMQzjmJjR4AaABAg,"Thank you for creating this video, I have been seeing so many people sing high praises of the fold 8 but not a lot of people talking about the flip 8. I have been wanting to get a phone that would make me spend less time on it and I was originally going to get a dumb phone until i saw this line being release",1,2026-08-15T10:08:04Z
2026-10-03,P006,v1,QMFIPP_gV4M,UgwMweHR2T620qDScWx4AaABAg,Feels illegal being this early!!,4,2026-08-13T15:02:51Z
2026-10-03,P006,v1,QMFIPP_gV4M,Ugxmat1arlyx-dGxB5J4AaABAg,He 😂literally kept the best part for the end,0,2026-08-14T16:22:11Z
2026-10-03,P006,v1,QMFIPP_gV4M,UgxBf9fim1H-EW4_LRJ4AaABAg,"300 bucks iPhone 14 eBay special. No debt, no overpaying, does exactly what’s needed.",3,2026-08-13T17:46:51Z
2026-10-03,P006,v1,QMFIPP_gV4M,Ugw8ka3bZRVLUhx1VFN4AaABAg,Great to see Mauritius on The Honeymoon Phase!,0,2026-08-13T22:32:35Z
2026-10-03,P006,v1,QMFIPP_gV4M,UgwF_Nde2cBRG6looxV4AaABAg,My 8 ultra was a huge improvement from my fold 6,4,2026-08-13T15:44:35Z
2026-10-03,P006,v1,QMFIPP_gV4M,UgwOdVIxnN-9mtlVKkR4AaABAg,"Austin, I had already burned trough the MOTOROLA RAZR 40 ULTRA, the HONOR MAGIC V3, and lastly the SAMSUNG GALAXY FOLD 7.. I got the FOLD 8 two days ago and I can say immediatly that this is something new and fresh..",0,2026-08-13T17:16:13Z
2026-10-03,P006,v1,QMFIPP_gV4M,UgwJruN-h1MC3pswx954AaABAg,"Thanks for the video but majority of us normal folks can only afford the Samsung ""Blind FOLD"" aka the Galaxy A27 5G hahaha",2,2026-08-13T16:36:42Z
2026-10-03,P006,v1,QMFIPP_gV4M,UgyxYCGvL55O0YEf_Sp4AaABAg,"5:37 this, this is why it is a “No Buy” for everyday use if you do a-lot outside with your smartphone",9,2026-08-13T16:37:03Z
2026-10-03,P006,v1,QMFIPP_gV4M,UgwN5R3iNXBPqePS4Sh4AaABAg,They got word of the iPhone duo and had to throw in the passport form factor before Apple released theirs lol,0,2026-09-17T23:46:16Z
2026-10-03,P006,v1,QMFIPP_gV4M,UgxiGBXvUhOXRHiF5zF4AaABAg,"Not usually one to comment about it, but being here within 5 minutes is something else",3,2026-08-13T15:07:49Z
2026-10-03,P006,v1,QMFIPP_gV4M,UgyccYAOZr1SFRYhsZx4AaABAg,"I long for the day when mobile phones stop focusing on camera quality, I don't need a 4K IMAX James Webb image of my cat. 😂",0,2026-08-21T06:08:24Z
2026-10-03,P006,v1,QMFIPP_gV4M,UgygbMnwAy6A6lLIY7N4AaABAg,"Idk man, I got the 8 ultra and I'm loving it! I got $1900 off from Verizon with a trade in, got the galaxy watch 9 for free and I think you gotta take that into consideration. 

Plus! Please consider a wallet case for the fold! It gets rid of your wallet, protects your phone and also acts as a stand.

I did upgrade from the fold 5 so it's quite the difference 😅",4,2026-08-13T15:29:35Z
2026-10-03,P006,v1,QMFIPP_gV4M,Ugz6SyCIlnVx7eonPuZ4AaABAg,I knew he was going to select the flip lol,0,2026-08-13T15:53:37Z
2026-10-03,P006,v1,QMFIPP_gV4M,Ugx5xz67tQH-TFomHOl4AaABAg,Watching this video on my tri-fold. Love it!!,4,2026-08-13T16:22:11Z
2026-10-03,P006,v1,QMFIPP_gV4M,UgwrETjm-ukvq7nqDK94AaABAg,"Tbh I really would love to get a trifold as my main phone. I use CAD software for designing furniture, and that would be such a cool device to have so I could just unfold and mock something up when inspiration strikes instead of lugging around a tablet or laptop.",0,2026-09-24T00:25:08Z
2026-10-03,P006,v1,QMFIPP_gV4M,UgxKsICwtkihSaPGQ4B4AaABAg,I went from the flip 5 to the flip 8 and i really like the upgrades since ive missed a few. I can check my notifications an not get distracted by another app and its easy in my pocket,0,2026-08-14T05:00:48Z
2026-10-03,P006,v1,QMFIPP_gV4M,UgyLl9YdghDJl2KmvaN4AaABAg,"What i would really love for the next Z Flip would be the normal foldable screen on the inside, but an eInk display on the outside. The outside display shouldnt be usable as though it were a main display, its for lightweight applications, checking notifications, quick access controls, etc.",0,2026-08-15T03:49:58Z
2026-10-03,P006,v1,QMFIPP_gV4M,UgzbYsqQtctiD5hmGB94AaABAg,3:13 holy sheet the iPhone Air looks so good.,1,2026-08-13T19:25:50Z
2026-10-03,P006,v1,QMFIPP_gV4M,Ugzul-ACQClaJj5nxVx4AaABAg,"Flip is fun for people from the 90s, I still have a flip 3 as a second phone",0,2026-09-19T06:59:10Z
2026-10-03,P016,v1,lFkjsRefays,UgxdZTCUH4QNaNWLsqB4AaABAg,"ये दुनिया का पहला आदमी है जिसे सभी फोन अच्छे लगते है , कोई कमी नहीं दिखती 😂😂",731,2026-09-04T07:18:58Z
2026-10-03,P016,v1,lFkjsRefays,UgxQTlH-1WMEyrco0Jt4AaABAg,This is one of the best channels for dishonest reviews ❤️,170,2026-09-04T09:21:26Z
2026-10-03,P016,v1,lFkjsRefays,Ugwn_xuaRwgTAK-hYUh4AaABAg,Phone is 2025🗿😍  Phone in 2026🤡🤑,216,2026-09-04T07:29:15Z
2026-10-03,P016,v1,lFkjsRefays,UgwEaObfiXV4R7AqFtt4AaABAg,Uncle ko saare phone abhi tak ke best lagte hai 😂,119,2026-09-04T06:34:52Z
2026-10-03,P016,v1,lFkjsRefays,Ugy8zH1z8NZrI6x9fKZ4AaABAg,Ye duniya ka pahla banda hai jise sare phone ache lagta hai😂😂😂,282,2026-09-04T07:43:53Z
2026-10-03,P016,v1,lFkjsRefays,UgwfgxfDu7O66aA4NXx4AaABAg,Happy janmashtmi ❤🚩,67,2026-09-04T06:33:29Z
2026-10-03,P016,v1,lFkjsRefays,UgzDADGF_weia2be_GJ4AaABAg,अरे भाई इतने महंगे फोन हो गए हर फोन का तारीफ पर तारीफ करते जा रहे हो लगता है कि आपका तारीफ के कारण ही मोबाइल महंगा हो रहा है😂😂,47,2026-09-04T08:05:56Z
2026-10-03,P016,v1,lFkjsRefays,UgxQ5tlmMov-1ti9SYx4AaABAg,"Ek phone me bi bana deta hu, promotion to ye kr hi denge amazing , mind-blowing , oh my god😂😂kuki inke pas koi bi phone kharab ata hi ni h",29,2026-09-04T10:22:35Z
2026-10-03,P016,v1,lFkjsRefays,UgwenMvB3O-hsEGjeBx4AaABAg,Wow POCO best mobile with superb features and cost. Uncompromising. My friend & family use POCO very well arrange moblie. BEST IN CLASS.,7,2026-09-04T08:50:53Z
2026-10-03,P016,v1,lFkjsRefays,UgydMLjWIpfk_wGcfoF4AaABAg,13:07 Very Smarty you covered scratch part 😂,79,2026-09-04T06:44:20Z
2026-10-03,P016,v1,lFkjsRefays,UgwUJfOLIEDV2N2mp_V4AaABAg,0:18 why are we normalising this i don't get it brands are using this as a advantage u saw Samsung m series phone super laggy if we adapt to this price hike than under 20k market will go away under 10k don't even think about it so don't normalise this these specs at 35k is a pain on the customer,33,2026-09-04T06:40:03Z
2026-10-03,P016,v1,lFkjsRefays,UgyQaLKE9q7mzRnrVO94AaABAg,Phone ess time sasta ho gaya hai hame le lena chahiye iski price 1 lakh honi chahiy thi 😡,10,2026-09-04T07:41:46Z
2026-10-03,P016,v1,lFkjsRefays,UgwGWTKwPg3QO_1glO14AaABAg,Phone dekhke mja aa rha lekin jab uska border dekh k hagg diya 😂,8,2026-09-04T07:18:05Z
2026-10-03,P016,v1,lFkjsRefays,UgxDdLSj7PGYoM3S4nB4AaABAg,Bhai dhire dhire sabhi Phone ko ach6a boll raha hai... Aur sari burai aur price sab kuch justify karta jaaa raha hai😂😂,19,2026-09-04T07:39:20Z
2026-10-03,P016,v1,lFkjsRefays,Ugz0l4FTApKHUynwCgF4AaABAg,इसे केहते है रियल ड्रॉप टेस्ट 😂love you arum bhaai😂❤,5,2026-09-04T10:00:13Z
2026-10-03,P016,v1,lFkjsRefays,UgyJgNH5MYaESApfM3t4AaABAg,3:33 it is paid promotion?,34,2026-09-04T08:27:00Z
2026-10-03,P016,v1,lFkjsRefays,UgyPz1JvWsMvBBzCS0Z4AaABAg,"Bahar se sher andar se dher, Just Poco things🤧😂",33,2026-09-04T07:37:47Z
2026-10-03,P016,v1,lFkjsRefays,UgwQCCBeKWzHf5wCX2V4AaABAg,Kis kis ne notice kiya k aaj tak is chanel ke drop test me kisi bhi phone ka glass nahi tuta 😂😂😂,13,2026-09-04T08:10:44Z
2026-10-03,P016,v1,lFkjsRefays,UgzFvt8OV5fdpkmPMlt4AaABAg,1st comment ❤,1,2026-09-04T06:33:08Z
2026-10-03,P016,v1,lFkjsRefays,Ugxm7AGdhOah0HftWpp4AaABAg,Iqoo z 11 se lekar ab tak jitney bhi mobile hai value for money aaye hai aur yeh bhi value for money hai,3,2026-09-04T06:54:18Z
2026-10-03,P016,v1,lFkjsRefays,UgwXOlsgksrgcKYmrI94AaABAg,"One of the best channel for tech 
Thanks a lot for the Arun sir for making these types of video",1,2026-09-04T06:34:51Z
2026-10-03,P016,v1,lFkjsRefays,UgxyOnhzDN9Yvj7yZ0B4AaABAg,Maja aya har baar ki tarah ❤,0,2026-09-04T12:49:46Z
2026-10-03,P016,v1,lFkjsRefays,UgwLQa2inEUkgcrjC1N4AaABAg,12:00 Gupta information: wait for my video 😅,1,2026-09-04T08:22:36Z
2026-10-03,P016,v1,lFkjsRefays,UgyI09rLUvHgw9t2mDp4AaABAg,6:45 My guess 230g,10,2026-09-04T06:56:02Z
2026-10-03,P016,v1,lFkjsRefays,UgxhYoBkXq2qrgWJfZV4AaABAg,apke video ki editing badiya hai,0,2026-09-05T12:07:00Z
2026-10-03,P016,v1,lFkjsRefays,Ugz1mWMWLXJXQFUb0aJ4AaABAg,One of the first 10 comments,0,2026-09-04T06:33:14Z
2026-10-03,P016,v1,lFkjsRefays,UgxBCEeSUJ3asFi3_S14AaABAg,"Bro your presentation is excellent, never get bored. While other youtubers gives bore till end their presentation.
Your voice and tune of presentation wow. Hats off.",0,2026-09-04T17:07:36Z
2026-10-03,P016,v1,lFkjsRefays,UgwOF7bsJZm1p7vQA8t4AaABAg,Islye tech bar k review muje psnd आते है,0,2026-09-04T09:33:57Z
2026-10-03,P016,v1,lFkjsRefays,UgywjsaUTg_R92gk_kh4AaABAg,The only youtuber who love all the phone,0,2026-09-11T02:34:53Z
2026-10-03,P016,v1,lFkjsRefays,UgwIzJtU9UipI77F2ih4AaABAg,Upcoming poco F9 series is going to Boom 💥.,1,2026-09-04T11:32:00Z
2026-10-03,P016,v1,lFkjsRefays,UgwWcPPH2Vdvduv_Je94AaABAg,Best Reivew 👌,0,2026-09-04T14:22:16Z
2026-10-03,P016,v1,lFkjsRefays,UgxgGRCgcA3JGzsm7NF4AaABAg,screen tut gayi thi corner se.. bhai ne ungli rakh ke chupa diya last mein 😂,1,2026-09-05T09:32:20Z
2026-10-03,P016,v1,lFkjsRefays,UgzqAEADyazgKUw4DAp4AaABAg,2:02 design accha dikhra,1,2026-09-04T18:23:56Z
2026-10-03,P016,v1,lFkjsRefays,UgyXLTcN7CiMDY-lbQt4AaABAg,Huge applause to editing team🫶,0,2026-09-04T06:46:16Z
2026-10-03,P016,v1,lFkjsRefays,UgwaUEmsdn-trvMce214AaABAg,"6:04 LPDDR5 & UFS 3.1 dedete par processor aur better de sakte the like 7 gen 4 or MD8500,8400,8350 even no UW cam & battery 7,000mah rakte par processor aur acha hota toh maza ajata",15,2026-09-04T09:06:26Z
2026-10-03,P016,v1,lFkjsRefays,Ugzc0S4q2QlgtL8oDXV4AaABAg,Super,3,2026-09-04T06:32:29Z
2026-10-03,P016,v1,lFkjsRefays,UgzjPVxikFpM-ZOQu494AaABAg,"ये दुनिया का पहला आदमी है जिसे सभी फोन अच्छे लगते है , कोई कमी नहीं दिखती",0,2026-09-15T11:43:46Z
2026-10-03,P016,v1,lFkjsRefays,UgwVzFEP-iMlrmRKGwF4AaABAg,Every video- this is the phone.... Ohhh my god ... 😂😂😂,1,2026-09-04T14:10:12Z
2026-10-03,P016,v1,lFkjsRefays,UgxgKJWP0v1LSCBP-yt4AaABAg,First from Nepal ❤,1,2026-09-04T06:33:36Z
2026-10-03,P016,v1,lFkjsRefays,UgzMO51hRz64usZ4dnd4AaABAg,Ye bara accha laga apne meme add Kia kabhi kabhi aise meme add kijiye ga accha lagta hain maza ata hain,0,2026-09-09T14:03:40Z
2026-10-03,P016,v1,lFkjsRefays,UgzTiefHeP6C58Oh3Kd4AaABAg,😂😂 Isi phone ki launching ko dekhne youTube open kiya tha aur samne unboxing aa gyi. Bas ummid karta hun price rate achhi ho. Poco ki.,3,2026-09-04T06:34:26Z
2026-10-03,P016,v1,lFkjsRefays,UgypfN0kvQTdHNKkj-x4AaABAg,Itna bada battra kyu lagate hai bhai 😂😂,54,2026-09-04T06:32:35Z
2026-10-03,P016,v1,lFkjsRefays,UgwDlSwptYf7xVFreWd4AaABAg,"9:40 once upon a time, in there leaves a monster name is The POCO M2 Pro",7,2026-09-04T07:40:59Z
2026-10-03,P016,v1,lFkjsRefays,Ugxs7M4Z199IvR5OFqp4AaABAg,Happy Janmastmi ❤❤,15,2026-09-04T06:32:22Z
2026-10-03,P016,v1,lFkjsRefays,UgyKNNHs_rn7QE9VQYF4AaABAg,Price hike ka time nai hota toh yahi phone 26k-27k tak hame mil jata 😂😂,8,2026-09-04T07:13:34Z
2026-10-03,P016,v1,lFkjsRefays,UgxlsbkvNZ_lFtl9XxF4AaABAg,Bas dekhnai k liye kon kon aaya hai 😂,3,2026-09-04T06:56:02Z
2026-10-03,P016,v1,lFkjsRefays,UgzRsv2ALNgOGsNT10t4AaABAg,My birthday is on 12th September 🎉,2,2026-09-04T07:40:07Z
2026-10-03,P016,v1,lFkjsRefays,UgwWdQEIbIyJ5zmXec14AaABAg,भाई तुझे सारे फोन बेस्ट लागते है,0,2026-09-04T09:27:32Z
2026-10-03,P016,v1,lFkjsRefays,UgxKcP4O49Wh4JzRb1F4AaABAg,4:22 after price increase jab kuch batane ko na ho tabhi aisi ghatiya acting karni padti hai😂😂😂,3,2026-09-04T07:43:15Z
2026-10-03,P016,v1,lFkjsRefays,UgyhdxRORSgxRfM-o0J4AaABAg,A 1 hai sir ji,0,2026-09-05T11:27:30Z
2026-10-03,P016,v1,lFkjsRefays,UgzyrZad3Sz-k0nmb2d4AaABAg,Very good job,0,2026-09-04T08:36:15Z
2026-10-03,P016,v1,lFkjsRefays,UgwcEv1kqcC9WB4-v794AaABAg,Feels so nice watching Arun Sir the same way I used to back in 2020 ❤️,1,2026-09-04T16:18:24Z
2026-10-03,P016,v1,lFkjsRefays,Ugzhnp-j68tYGGH0vw94AaABAg,"Processor 🤡 
Display and battery 🔥 ❤️",0,2026-09-04T17:42:14Z
2026-10-03,P016,v1,lFkjsRefays,UgxZ4ooPaLc-J5KFBSN4AaABAg,POCO x8 power ke video per poco x8 power ka ads bhi aa rahe hain😂,1,2026-09-04T06:41:40Z
2026-10-03,P016,v1,lFkjsRefays,Ugw39pe1LINwIWcYwPp4AaABAg,Noice,1,2026-09-04T06:32:12Z
2026-10-03,P016,v1,lFkjsRefays,UgzvkJpwM3SqfFjVRfp4AaABAg,Dual camera video ko bhi dikhaya kro sir plz,0,2026-09-04T06:50:56Z
2026-10-03,P016,v1,lFkjsRefays,UgwZfVVdVrHx-nJklAd4AaABAg,Poco x series used to be budget friendly phone with very good specifications.,0,2026-09-04T10:15:13Z
2026-10-03,P016,v1,lFkjsRefays,UgxalqFlzt6b14x69sd4AaABAg,Poco Be Like- Video Bhi Hamari Or Ads Bhi Hamari 🔥😂,0,2026-09-04T07:04:29Z
2026-10-03,P016,v1,lFkjsRefays,UgwHSJhILwQ_kZg1DWd4AaABAg,Next level test,0,2026-09-05T04:50:43Z
2026-10-03,P016,v1,lFkjsRefays,UgzoxAnoQJUTN0Mg0_94AaABAg,THANK YOU,0,2026-09-08T18:45:54Z
2026-10-03,P016,v1,lFkjsRefays,UgzsfUXm7IH4FRQzC8d4AaABAg,Nice ❤,0,2026-09-06T14:20:22Z
2026-10-03,P016,v1,lFkjsRefays,UgwBk6vNYCo6nX_agAp4AaABAg,आपके व्हिडिओ देखकर मे पता चला चिफसेट का कोणसा फोन बढीया है कौन सा अच्छा no.1 video rahte hai लोगो कुछ भी कहने do,1,2026-09-05T21:36:21Z
2026-10-03,P016,v1,lFkjsRefays,UgxvCiVylqMyVofNsTR4AaABAg,This phone is value for money for gamers 😎😎,0,2026-09-04T15:40:29Z
2026-10-03,P016,v1,lFkjsRefays,UgzsCogyz9wZ-wgxifZ4AaABAg,"@Trakintech just a suggestion: could you mention the speaker loudness percentage in your comparison?
For eg - bottom-firing = 100% which is constant and front-firing = 50% loudness. It would make the comparison clearer not misleading as whole stereo speakers",0,2026-09-04T09:01:24Z
2026-10-03,P016,v1,lFkjsRefays,UgxMMPmvxjLnNquJ5Yl4AaABAg,Phone achhe hai yar is bar best combination,0,2026-09-06T08:36:09Z
2026-10-03,P016,v1,lFkjsRefays,UgzJho_G0O-FK3Hu91J4AaABAg,You are only one who likes every smart phone 😅,0,2026-09-04T08:33:17Z
2026-10-03,P016,v1,lFkjsRefays,Ugz7ja3jCbW3A1yyOXN4AaABAg,2nd comment,0,2026-09-04T06:32:07Z
2026-10-03,P016,v1,lFkjsRefays,UgzwsyvYyeHyp_L-SQZ4AaABAg,Nice Phone 📱,1,2026-09-04T06:39:09Z
2026-10-03,P016,v1,lFkjsRefays,UgzHmODuooXiITOf3Od4AaABAg,9:00 Bands support kam h 😅,2,2026-09-04T08:37:08Z
2026-10-03,P016,v1,lFkjsRefays,UgxalOb-64KuPyGmK2Z4AaABAg,Thank you support you,0,2026-09-04T10:27:26Z
2026-10-03,P016,v1,lFkjsRefays,UgyeR4XoaKAi_ZX4r0p4AaABAg,"Ek request hai..

Market me jitne bhi phone 7k se lekar 10k MAH Battery wale hai un sabhi ka battery test video banana chahiye..

Jisse ham jaise viewer jo apke video dekhte hai unhe help mil sake ki actual me battery real life me kis phone ki achhi hai..",0,2026-09-04T15:39:14Z
2026-10-03,P016,v1,lFkjsRefays,UgwCWsN8rg0IgVG2V7t4AaABAg,Sindhi laga kar last wala drop test pahli bar acha laga dil ko sukun mila hai 😂😂😂😂❤❤❤❤ aese hi drop test kiya karo phone mahnga le lenge par kamjor nahi lenge 😂😂😂😂😂😂😂😂😂 men to bhai display hai 😂😂😂😂😂😂,0,2026-09-04T09:41:38Z
2026-10-03,P016,v1,lFkjsRefays,UgxWvjruG98QrrZZi9d4AaABAg,हर बार आप इतने बेहतरीन तरीके से मेहनत करके हमारे लिए आप वीडियोबनाते हो आप सच में बहुत ही बेहतरीनआदमी हो आपको हर बार में दिल से सलाम करता हूं❤❤❤,0,2026-09-04T10:07:09Z
2026-10-03,P016,v1,lFkjsRefays,Ugx96sNvwFpLdPMCzp54AaABAg,MONEY follows my bradaas 😂😂,1,2026-09-05T03:22:24Z
2026-10-03,P016,v1,lFkjsRefays,Ugz75WewqsSN5vvL9RV4AaABAg,Poco phones used to set standards in terms of 'value for money' quotient. Now look at those power banks with screens!,0,2026-09-04T07:36:04Z
2026-10-03,P016,v1,lFkjsRefays,UgwMxqVYAFf12JtBsWh4AaABAg,Bhai ye riwiv dena wala admi nhi h ye naye phon lanch hote h uski sabse pehle details deta h alag insan h bada youtuber h❤😅,0,2026-09-04T15:10:13Z
2026-10-03,P016,v1,lFkjsRefays,UgxH1cvYNbJm9j76cQp4AaABAg,Nice 👍,0,2026-09-04T06:48:44Z
2026-10-03,P016,v1,lFkjsRefays,UgwgwTNR2o_iFBJcYNN4AaABAg,"चाँद देखकर सितारे बने, आसमान देखकर बादल बने, नदी देखकर किनारे बने, poco को देखकर दिवाने बने.❤",0,2026-09-04T06:44:58Z
2026-10-03,P016,v1,lFkjsRefays,Ugw0zPuUKR7UKOUOdCJ4AaABAg,Kya baat hai,0,2026-09-04T09:13:43Z
2026-10-03,P016,v1,lFkjsRefays,UgyPFsFHtPeG2oIgKwp4AaABAg,"Mujhe pata tha colab ka, bola ki patle bazzles wahi samajh gaya",0,2026-09-04T08:18:23Z
2026-10-03,P016,v1,lFkjsRefays,UgxGTT3i8thw40urfDJ4AaABAg,12:34 wolverine ka naam suna hai 😂,0,2026-09-04T18:08:00Z
2026-10-03,P016,v1,lFkjsRefays,UgyaH6O4dx9TD43Kefp4AaABAg,फोन तो लेना है नहीं फिर भी देख रहे हो😅,1,2026-09-06T06:39:56Z
2026-10-03,P016,v1,lFkjsRefays,UgyyG3n3gMPOw3-N_tB4AaABAg,Poco M8 and X8 best true value for money device's 💰💰,0,2026-09-04T13:59:29Z
2026-10-03,P016,v1,lFkjsRefays,UgwsI4Y89fVLwwaJKj54AaABAg,I always watch every video please English speaking Star koro❤❤,0,2026-09-05T09:58:37Z
2026-10-03,P016,v1,lFkjsRefays,UgxVrtEOu2zCVQ5Nh8B4AaABAg,Same tech k sath power bank b ate h kya?I mean to say Jesé mobile me battery mAh baad rhi h power bank m kyu nhi,0,2026-09-04T12:43:38Z
2026-10-03,P016,v1,lFkjsRefays,Ugw1HHc2kZEj3ouXdVh4AaABAg,Heavy phone 🤡,0,2026-09-04T09:09:13Z
2026-10-03,P016,v1,lFkjsRefays,UgyFg5xGc71eM15ImIJ4AaABAg,Battery 10k na deta toh v achha hai.. Lekin camera periscope dena chahiye tabhi toh achha hoga,0,2026-09-04T07:09:15Z
2026-10-03,P016,v1,lFkjsRefays,UgwFQLKorsgoprOmIFh4AaABAg,Poco x8 power 5g ke future video lao ❤❤❤❤❤❤❤,0,2026-09-07T09:32:50Z
2026-10-03,P016,v1,lFkjsRefays,Ugz8kgz-knzsACvwctB4AaABAg,❤❤,0,2026-09-04T06:34:22Z
2026-10-03,P016,v1,lFkjsRefays,Ugwfv2oHg1Q1v--63Bp4AaABAg,फोन मार्केट टोटली लेप्स   पहले  पैसो की बेस्ट वेल्यू मिलती थी अब टोटली पैसा वेस्ट,1,2026-09-11T17:08:35Z
2026-10-03,P016,v1,lFkjsRefays,UgxW4LryQ-LOyyfFDyx4AaABAg,Redmi 17 launch hua h.... Video kab ayega,0,2026-09-04T07:22:53Z
2026-10-03,P016,v1,lFkjsRefays,UgwgykWDuEaGi-73PEN4AaABAg,Koi phone bhi too sir giveaway kar do app kabhi subscriver ke liye 🙂🙂 kiya pta ese bhala hoo jiye applogo ko karna chahiye🙂🙂,1,2026-09-04T08:34:09Z
2026-10-03,P016,v1,lFkjsRefays,UgyCy2PRxQVwicgHzep4AaABAg,Coment parke khush ho jata hu mai to 😅,0,2026-09-06T03:06:36Z
2026-10-03,P016,v1,lFkjsRefays,Ugy1m1JSErZfq_2n-eZ4AaABAg,make a video on vivo budds,0,2026-09-04T11:57:44Z
2026-10-03,P016,v1,lFkjsRefays,UgwBQeJhw4dB_5Pv-M54AaABAg,Sir 60fps par video upload kijiya,0,2026-09-04T08:35:50Z
2026-10-03,P016,v1,lFkjsRefays,UgxIobRCNtQtMGUh9k54AaABAg,3:48  bhai ye 5 feet height thi kya 😮,0,2026-09-04T08:39:17Z
2026-10-03,P016,v1,lFkjsRefays,UgzjAAVC0pL05DFsXnd4AaABAg,woh weighing scale par gira karo weight bhi ho jayega aur drop test bhi,0,2026-09-05T09:24:07Z
2026-10-03,P016,v1,lFkjsRefays,UgyWpR0kHbViM_8y4al4AaABAg,Infinix hot 70 pro  video pls bhaiya,1,2026-09-04T06:50:25Z
2026-10-03,P016,v1,lFkjsRefays,UgxtIfNclf7UkaxlI7B4AaABAg,Realme P4S Unboxing Vedeo Bhul Gaye Ho Kya Bhai 😅,0,2026-09-04T18:27:36Z
2026-10-03,P016,v1,lFkjsRefays,UgxvkXndkRb8vnW8J0h4AaABAg,Aap kon sa phone use karte ho ya sirf video hi banate ho,0,2026-09-05T20:41:07Z
2026-10-03,P016,v1,jS9Hk0GulJI,UgyflaFZX3NStNHXLLB4AaABAg,4:49 Yes I like Flat Display 💯,151,2026-09-04T06:47:40Z
2026-10-03,P016,v1,jS9Hk0GulJI,UgzfOdN32RwMotZci1Z4AaABAg,Bhai log like mat karna😂,722,2026-09-04T06:33:25Z
2026-10-03,P016,v1,jS9Hk0GulJI,UgymPsD4z58IyHeFj-V4AaABAg,6:52 old memories 😢,40,2026-09-04T07:37:15Z
2026-10-03,P016,v1,jS9Hk0GulJI,UgwoaQ3gRjXhvKlLVL54AaABAg,"I liked Poco X8 Pro launched Earlier for it's Compact Design And Powerful Performance

Edit : that phone was overpriced too",12,2026-09-04T17:05:07Z
2026-10-03,P016,v1,jS9Hk0GulJI,Ugx9S4pJszo7l5vWn9x4AaABAg,3:24 poco x8 good design,93,2026-09-04T07:09:01Z
2026-10-03,P016,v1,jS9Hk0GulJI,UgyXptAmwRfSWDs6fnB4AaABAg,first cooment mera hai yeehh manoj bhaiiiiiii technology gyan,11,2026-09-04T06:32:57Z
2026-10-03,P016,v1,jS9Hk0GulJI,UgzTTqYM7ckbH7Hk8YF4AaABAg,Aashe feature 15k ke phone me aate the😂😂,178,2026-09-04T07:33:49Z
2026-10-03,P016,v1,jS9Hk0GulJI,UgyCbM51xRYqPfUoLYF4AaABAg,Bhai mee video chusthe maja vasthundhi 😊🎉,7,2026-09-04T07:12:35Z
2026-10-03,P016,v1,jS9Hk0GulJI,Ugx1FPH6_tnUQ5Jd6Ud4AaABAg,Yes flat display is durable and best for gaming 😊😊😊,5,2026-09-06T03:43:21Z
2026-10-03,P016,v1,jS9Hk0GulJI,UgxOzjc40QNyLYyTm0F4AaABAg,8:18 POCO X8 Pro bola apne 😂,25,2026-09-04T09:06:29Z
2026-10-03,P016,v1,jS9Hk0GulJI,Ugz4j0xN3SnF8BlTneF4AaABAg,Like this is real good news for peoples 😮,6,2026-09-04T09:27:14Z
2026-10-03,P016,v1,jS9Hk0GulJI,Ugxwoqi9emZB3B2aNGJ4AaABAg,Yes I like super amoled flat display,7,2026-09-04T07:07:10Z
2026-10-03,P016,v1,jS9Hk0GulJI,Ugy8_ifo99A7j1CVvu14AaABAg,4:49 I like flat Display ❤❤❤❤,5,2026-09-04T18:01:13Z
2026-10-03,P016,v1,jS9Hk0GulJI,Ugy-2eOyw5l6f4UJ27B4AaABAg,Bhai price 1 lakh to honi hi chahiye thi 😢,66,2026-09-04T06:43:06Z
2026-10-03,P016,v1,jS9Hk0GulJI,UgxuDwvWotabPBqutIN4AaABAg,Poco x8 is good looking,7,2026-09-04T07:14:20Z
2026-10-03,P016,v1,jS9Hk0GulJI,UgwBhLwMQW4Gf7GXRmx4AaABAg,13:17  Snapchat ki baat ho rahi hai 😂😂😂,34,2026-09-04T07:51:52Z
2026-10-03,P016,v1,jS9Hk0GulJI,UgxbTNO_Ztdr6w0N4iN4AaABAg,4:51 i love love love really love flat display 😘,3,2026-09-06T02:05:15Z
2026-10-03,P016,v1,jS9Hk0GulJI,UgwBgyTAg640glCPspZ4AaABAg,First comment ❤,2,2026-09-04T06:32:15Z
2026-10-03,P016,v1,jS9Hk0GulJI,Ugxbz7c9vNTHj71kc_F4AaABAg,Poco x7 pro is best 14:28,8,2026-09-04T11:13:45Z
2026-10-03,P016,v1,jS9Hk0GulJI,UgyX3bFMMkQvxy-wxNF4AaABAg,First watch❤,1,2026-09-04T06:32:28Z
2026-10-03,P016,v1,jS9Hk0GulJI,UgxRHuJ8LYnKOQB_D2N4AaABAg,0:22 kya hi music hai 😂,3,2026-09-05T09:49:47Z
2026-10-03,P016,v1,jS9Hk0GulJI,UgypBeIzbjkYdTRmrct4AaABAg,First❤,2,2026-09-04T06:32:34Z
2026-10-03,P016,v1,jS9Hk0GulJI,UgzmW-JL1waX_M6ZJMR4AaABAg,Poco x8 power look acha hai ❤❤❤❤❤,3,2026-09-05T01:36:29Z
2026-10-03,P016,v1,jS9Hk0GulJI,UgxbbJjEUUlZJtNJ4JZ4AaABAg,Op🤯🤯🤯,2,2026-09-04T06:33:24Z
2026-10-03,P016,v1,jS9Hk0GulJI,Ugza4Kiw3nZx7sK6tal4AaABAg,Manoj bhaiya ap jyadatar phone ke bare mai video banate ho aap laptop par bhi banaya karo big fan,4,2026-09-05T10:29:59Z
2026-10-03,P016,v1,jS9Hk0GulJI,UgzyFwdXHJ19w1A-i2t4AaABAg,First comment 💬❤,1,2026-09-04T06:32:51Z
2026-10-03,P016,v1,jS9Hk0GulJI,UgzbcQ4EtjR-GFC0pSl4AaABAg,Yes sir,4,2026-09-05T02:20:53Z
2026-10-03,P016,v1,jS9Hk0GulJI,UgxKxRKgLpaRQZKEXod4AaABAg,Frist comment🎉,1,2026-09-04T06:35:43Z
2026-10-03,P016,v1,jS9Hk0GulJI,UgzL1UxxZ0m43cNMXLd4AaABAg,38 views and 201 likes 😅😂😂,43,2026-09-04T06:33:47Z
2026-10-03,P016,v1,jS9Hk0GulJI,Ugypsmu0QRB44IhGj4V4AaABAg,Nice Poco x8 design 😊,2,2026-09-04T17:12:18Z
2026-10-03,P016,v1,jS9Hk0GulJI,UgzcmbzoHbG7Kpijs8p4AaABAg,Love from Karnataka 😍,11,2026-09-04T06:35:43Z
2026-10-03,P016,v1,jS9Hk0GulJI,UgzbxlBs_y93VS4JqvB4AaABAg,Poco x8 power win 4:02,6,2026-09-04T07:58:42Z
2026-10-03,P016,v1,jS9Hk0GulJI,UgzfrtJVbGSMyAk45JF4AaABAg,Love you bhiya ❤,2,2026-09-04T07:09:51Z
2026-10-03,P016,v1,jS9Hk0GulJI,UgxMacdLikg88B4T8Ld4AaABAg,"Sir-ji, all the way from Goa, thank you for your videos, happy teachers day to you, as you teach us about diifferent phones, it would be of much help if you could do on Honor Win RT phone",3,2026-09-05T02:55:52Z
2026-10-03,P016,v1,jS9Hk0GulJI,UgwkW25Mcn13E6kaTbV4AaABAg,Nice editing broo,1,2026-09-04T16:03:50Z
2026-10-03,P016,v1,jS9Hk0GulJI,UgwdrJdAnLbeBZgHyEt4AaABAg,Processor mai hag diya 😅😂,4,2026-09-04T17:09:59Z
2026-10-03,P016,v1,jS9Hk0GulJI,Ugw6pAk4rmYlxzdQSOJ4AaABAg,Fast,2,2026-09-04T06:32:15Z
2026-10-03,P016,v1,jS9Hk0GulJI,UgzwWQ-zIxtx0GFJrKx4AaABAg,Kaun kaun meri tarah berojgar hai turnt notification dekte hi aa gya😅,5,2026-09-04T06:33:10Z
2026-10-03,P016,v1,jS9Hk0GulJI,UgxHdItTNi5KfRLxJbF4AaABAg,❤❤❤❤ nice video bhai🎉,0,2026-09-14T01:24:26Z
2026-10-03,P016,v1,jS9Hk0GulJI,Ugzm4WpyjfT_dT1hC8F4AaABAg,Love from Mars ❤,3,2026-09-04T06:51:03Z
2026-10-03,P016,v1,jS9Hk0GulJI,UgwXaydwo1Oe6xKnkWR4AaABAg,I'm the first 🥇,1,2026-09-04T06:33:10Z
2026-10-03,P016,v1,jS9Hk0GulJI,UgxeirqpqgxGsPQYIf54AaABAg,Iss phone se accha Mera realme 6 hai Purana phone accha hai  6 year ho gaya hai 😅,7,2026-09-04T17:13:01Z
2026-10-03,P016,v1,jS9Hk0GulJI,UgzrkcbnMNsabHA0uyp4AaABAg,First,1,2026-09-04T06:33:20Z
2026-10-03,P016,v1,jS9Hk0GulJI,Ugy9zG65kLRPAD0XM3V4AaABAg,Techno popx 5g ❤❤,3,2026-09-05T05:44:43Z
2026-10-03,P016,v1,jS9Hk0GulJI,Ugx09YYDU6qvUQuyt1N4AaABAg,Me fast,0,2026-09-04T07:46:06Z
2026-10-03,P016,v1,jS9Hk0GulJI,UgxdxIxiYJJvtYYVdqJ4AaABAg,"0:44 sir companies battery ko ghata kar aur necessary chijo par bhi to focus kar sakti hai like processor, display quality, build quality etc ???",12,2026-09-04T06:38:29Z
2026-10-03,P016,v1,jS9Hk0GulJI,Ugzs_LnAzAm6LS-onkF4AaABAg,love from UP,1,2026-09-04T06:46:07Z
2026-10-03,P016,v1,jS9Hk0GulJI,UgwhwbaWG4KAkcp5euR4AaABAg,Bhai sab kuchh theek hai bus performance itni acchi nahin Hai kam se kam Snapdragon 7 gan 4 to hona Hi chahie tha ya MediaTek diamond City 8350 itna to hona Hi chahie tha bus performance mein maja nahin aaya,3,2026-09-04T17:14:53Z
2026-10-03,P016,v1,jS9Hk0GulJI,Ugx5U8XgbVCQ06GqoQZ4AaABAg,Poco Ads Kisko Aaya 😮😮😮😮,6,2026-09-04T06:50:17Z
2026-10-03,P016,v1,jS9Hk0GulJI,UgwM66zqH69rKwBrLN54AaABAg,the best vid,0,2026-09-04T06:33:05Z
2026-10-03,P016,v1,jS9Hk0GulJI,UgxyiZ9CawryLjw3FmR4AaABAg,All smartphone now 🤡🤡🤡🤡🤡🤡🤡🤡🤡🤡🤡🤡🤡🤡🤡🤡🤡🤡🤡🤡🤡🤡🤡🤡🤡🤡🤡🤡🤡,3,2026-09-04T14:55:52Z
2026-10-03,P016,v1,jS9Hk0GulJI,Ugw2_aA3YfngJwLunlF4AaABAg,Dada 23k under best phone . Next video 🩷🩷🩷🩷🩷🩷🩷🩷🩷🩷🩷🩷🩷🩷🩷🩷🩷🩷🩷🩷🩷🩷🩷,3,2026-09-04T06:33:25Z
2026-10-03,P016,v1,jS9Hk0GulJI,UgyXI_xD3hvUzOt3IRx4AaABAg,Love u bai❤❤,0,2026-09-04T06:33:27Z
2026-10-03,P016,v1,jS9Hk0GulJI,Ugz4xL56jSVzXBaOdgh4AaABAg,11:14 Meanwhile my poco x6 pro give me 14m antutu in just 19k 💀,3,2026-09-04T11:03:21Z
2026-10-03,P016,v1,jS9Hk0GulJI,UgxteDLf1jFsrzEJs7Z4AaABAg,Kadak mal hai🫡,1,2026-09-04T06:47:50Z
2026-10-03,P016,v1,jS9Hk0GulJI,UgyD3NPIooiSa3khrMl4AaABAg,0:23 49sec,4,2026-09-04T06:32:52Z
2026-10-03,P016,v1,jS9Hk0GulJI,UgyarHEqsXanCHO0PrJ4AaABAg,Big fan sir ❤❤🎉🎉🎉,0,2026-09-04T06:33:33Z
2026-10-03,P016,v1,jS9Hk0GulJI,UgwvfyEZ1qhir4j7kw94AaABAg,Who all loves poco phones??,34,2026-09-04T06:32:02Z
2026-10-03,P016,v1,jS9Hk0GulJI,UgwY0_jGd0KrYD19J6B4AaABAg,Aap ka video dekh 2 phone liya 🎉❤😊,0,2026-09-05T03:42:38Z
2026-10-03,P016,v1,jS9Hk0GulJI,Ugwl4_qSBgerPJKTbc54AaABAg,Aaj Mera janamdin hai ❤,3,2026-09-04T06:36:18Z
2026-10-03,P016,v1,jS9Hk0GulJI,Ugw8iRfq9z3OUJ4f-LV4AaABAg,Bhai big fan,0,2026-09-04T06:33:23Z
2026-10-03,P016,v1,jS9Hk0GulJI,UgyMiLeZVKzvk0tQVB54AaABAg,Processor 🤡,10,2026-09-04T09:06:10Z
2026-10-03,P016,v1,jS9Hk0GulJI,Ugy-g2D1xSTbEHIKiMF4AaABAg,Fast coment 😂,0,2026-09-04T06:33:39Z
2026-10-03,P016,v1,jS9Hk0GulJI,UgwiX_14KIVsXbA9lqh4AaABAg,Okay freand 🌹 good night 🌃 Assam State,2,2026-09-04T17:09:28Z
2026-10-03,P016,v1,jS9Hk0GulJI,Ugy6H7MjeJKJlWctqW94AaABAg,Love from manipur,0,2026-09-04T06:54:49Z
2026-10-03,P016,v1,jS9Hk0GulJI,Ugzpn3ANSA_k3zGjqdx4AaABAg,Bhaiya yeh wala ka unboxing aur details ❤❤,2,2026-09-05T05:44:27Z
2026-10-03,P016,v1,jS9Hk0GulJI,UgwuMKvpns0RffsDcuN4AaABAg,Mannu bhai day by day 😂😂,1,2026-09-04T06:33:20Z
2026-10-03,P016,v1,jS9Hk0GulJI,UgxqAdz1bqd2Vq8M-7h4AaABAg,Nice information 👍👍,0,2026-09-06T07:40:47Z
2026-10-03,P016,v1,jS9Hk0GulJI,UgyRA4mfXBxtKTU4VL54AaABAg,I love Flat display plus AMOLED ❤,1,2026-09-04T07:25:47Z
2026-10-03,P016,v1,jS9Hk0GulJI,UgwOHot8MAqNUz74hX14AaABAg,21 second brroh,2,2026-09-04T06:32:11Z
2026-10-03,P016,v1,jS9Hk0GulJI,UgzyrxQrSx5lKSppxHJ4AaABAg,Hamara dost  ❌Om yantra ✅,0,2026-09-04T18:56:24Z
2026-10-03,P016,v1,jS9Hk0GulJI,Ugwu-bdiHdmUYkpPR7F4AaABAg,Manoj Sir Ke Video Se Bhaut Achhi Cheez Sikhne Ko Milta Hai ❤ ❤,0,2026-09-04T17:40:11Z
2026-10-03,P016,v1,jS9Hk0GulJI,UgwUuNnrVxjdq11m5-B4AaABAg,Bhai jo tum check krte ho n phones ko ane ke trunt hi ye acchi bt 👍💯,0,2026-09-07T17:24:05Z
2026-10-03,P016,v1,jS9Hk0GulJI,UgwwWGLFZEr4LISVtD14AaABAg,Another phone to be added to my collection,0,2026-09-04T06:36:42Z
2026-10-03,P016,v1,jS9Hk0GulJI,UgyPtng_ohfAXu6XtTN4AaABAg,"3:26 , X8 ka design acha laga",0,2026-09-04T15:09:22Z
2026-10-03,P016,v1,jS9Hk0GulJI,UgxE2jjMsUK9OCBXG5F4AaABAg,❤️🔥,0,2026-09-04T06:32:40Z
2026-10-03,P016,v1,jS9Hk0GulJI,UgwoVVS7kOjOnuAMP854AaABAg,bhai apke video ka  BG music badiya hota hai ..,0,2026-09-05T12:08:43Z
2026-10-03,P016,v1,jS9Hk0GulJI,UgzUxa2P9D_HOuky4Kd4AaABAg,Last 🎉,0,2026-09-04T06:32:47Z
2026-10-03,P016,v1,jS9Hk0GulJI,UgxXP10tqEMe3pItQJp4AaABAg,0:07 what an intro🔥,0,2026-09-05T07:12:28Z
2026-10-03,P016,v1,jS9Hk0GulJI,Ugzmsmy6DyD0jj-nPQl4AaABAg,Poco x8 power classic disine 😘,2,2026-09-04T07:16:24Z
2026-10-03,P016,v1,jS9Hk0GulJI,Ugw5Evc1A_CVJvK8DH54AaABAg,Thanks for 975 subscribers 😊❤,0,2026-09-04T09:23:57Z
2026-10-03,P016,v1,jS9Hk0GulJI,UgzQre-qM9prLr7TKM14AaABAg,Wow,0,2026-09-06T05:51:43Z
2026-10-03,P016,v1,jS9Hk0GulJI,UgwhLkx3OEWxDfoAqjF4AaABAg,Vidio kis mobile se bnate ho bh6,0,2026-09-05T08:46:03Z
2026-10-03,P016,v1,jS9Hk0GulJI,UgyiA_lCz_PXlp4JLYN4AaABAg,🔥🔥🔥🔥,0,2026-09-04T06:32:57Z
2026-10-03,P016,v1,jS9Hk0GulJI,UgyvBab0VYfCwscQPHF4AaABAg,Ek like to banta h,0,2026-09-04T09:26:40Z
2026-10-03,P016,v1,jS9Hk0GulJI,UgxHzHSBVfGbcKz3_AV4AaABAg,Aap bahut pyare ho bhaiya❤❤,0,2026-09-13T11:43:33Z
2026-10-03,P016,v1,jS9Hk0GulJI,Ugw5jv5XYGXiSoTKJQ54AaABAg,0:52 bhai Badi battery 🔋 dene se nahi hota bada backup bhi milna chahiye 😅,1,2026-09-04T07:12:37Z
2026-10-03,P016,v1,jS9Hk0GulJI,UgzLtKl9gG0CaLol5V14AaABAg,"I use Poco X7 from one year.
In this series, Poco X8 Power is very beautiful design, i like it❤",0,2026-09-04T13:03:39Z
2026-10-03,P016,v1,jS9Hk0GulJI,Ugx4UpBkUuu9jdq_j5J4AaABAg,Poco x8 😊😊😊😊😊😊❤❤❤❤❤❤,1,2026-09-04T09:34:43Z
2026-10-03,P016,v1,jS9Hk0GulJI,Ugw22BLBp-SlzVVm1y54AaABAg,wow phone ❤,0,2026-09-10T09:22:30Z
2026-10-03,P016,v1,jS9Hk0GulJI,Ugxq5uqQOLdP9rYpnz94AaABAg,📱🤳 Top Class Phone Review 🤳📱,0,2026-09-04T08:14:43Z
2026-10-03,P016,v1,jS9Hk0GulJI,UgyrHCC1G1Fsf8Fh0GV4AaABAg,Am bihar❤❤❤❤❤❤,1,2026-09-04T06:46:12Z
2026-10-03,P016,v1,jS9Hk0GulJI,UgzIg-sXh4iUiKJGkGx4AaABAg,X8 Design 👌,0,2026-09-05T12:34:34Z
2026-10-03,P016,v1,jS9Hk0GulJI,Ugx0g6Vwmp0nkgIlvYp4AaABAg,I like POCO X8 ka design awesome hai,0,2026-09-04T12:10:53Z
2026-10-03,P016,v1,jS9Hk0GulJI,Ugy0Y7zNX52hjj5UMD14AaABAg,"Saru bhai jo bolna sach bolna 
Apke uper bhrosa bahut hai 2 se apke uper trust hai",0,2026-09-10T17:11:04Z
2026-10-03,P016,v1,jS9Hk0GulJI,UgzB2wLBD20UwnJHand4AaABAg,Oo bhai,0,2026-09-04T08:19:34Z
2026-10-03,P016,v1,jS9Hk0GulJI,Ugz0AiFX0oOhCBdOCr54AaABAg,Poco 8x 🔥,1,2026-09-04T09:14:25Z
2026-10-03,P016,v1,jS9Hk0GulJI,Ugx1DJ6FPu5tk02lLgp4AaABAg,Camera gaming poor 😢kardiya aur acha karnata but display and bettery ❤so nice 🙂,0,2026-09-04T08:25:29Z
2026-10-03,P016,v1,jS9Hk0GulJI,Ugy-vbxsiGvF9Bhyk8h4AaABAg,Flat amoled 🤩 but I like handy(Screen size under 6.5inch). nowadays phone battery and screensize getting bigger.,0,2026-09-04T10:37:13Z
2026-10-03,P016,v1,jS9Hk0GulJI,UgxvxiEYdEqHxG_Tq494AaABAg,Drop test k time acting bahot accha karta hai bhai tu,0,2026-09-08T10:39:50Z
2026-10-03,P016,v1,snbbS2Q3KoE,Ugzz3LkXtnDHMjkmD-h4AaABAg,"""Snapdragon 6 series"" and ""Good performance"" should not be said in the same line.",2612,2026-09-01T19:05:25Z
2026-10-03,P016,v1,snbbS2Q3KoE,UgyTtwDZpPkAoNFpWH14AaABAg,Under water shot created with AI 😅,889,2026-09-01T17:53:05Z
2026-10-03,P016,v1,snbbS2Q3KoE,UgwFA-_X70tviR-dA_l4AaABAg,How much you charge for this ads😂😂😂😂😂,278,2026-09-02T12:48:12Z
2026-10-03,P016,v1,snbbS2Q3KoE,UgzvPFTwuprTOvH-raF4AaABAg,What about camera 📸,637,2026-09-01T15:51:00Z
2026-10-03,P016,v1,snbbS2Q3KoE,UgzbayOJXZ37y5e22Wd4AaABAg,Snapdragon 6 gen 5 does not support ufs 4.0....,40,2026-09-01T17:53:00Z
2026-10-03,P016,v1,snbbS2Q3KoE,UgxWmiwIJnrAeGsVu-l4AaABAg,"X8 at 25K
Power at 32K",648,2026-09-01T15:47:31Z
2026-10-03,P016,v1,snbbS2Q3KoE,Ugz1e_K5Wm2XgSPnoGh4AaABAg,"""what's wrong with this phone?""

The Price",134,2026-09-02T07:06:45Z
2026-10-03,P016,v1,snbbS2Q3KoE,Ugwm_RtPNaGa52wLMih4AaABAg,Editor Ko 21 top ki salami😅😅,76,2026-09-01T16:01:21Z
2026-10-03,P016,v1,snbbS2Q3KoE,UgxS8J1CMUQsgi4jKph4AaABAg,Frankly speaking Poco phones attract me so much but the immense reports of software issues and not so good after sales services by Xiaomi holds me back.,51,2026-09-01T16:03:28Z
2026-10-03,P016,v1,snbbS2Q3KoE,UgztCUW2kWGckZbMIMx4AaABAg,Antutu score lower than a million should not be called a  performance phone.. considering the recent version gives much more scores than the previous ones.,7,2026-09-03T01:42:25Z
2026-10-03,P016,v1,snbbS2Q3KoE,Ugzj4t7RyQEVEMBQSbN4AaABAg,And the motherboard will go to deep sleep after 1 month!,12,2026-09-02T03:07:11Z
2026-10-03,P016,v1,snbbS2Q3KoE,Ugwii4jsbTovyDgKDlt4AaABAg,Nothing talked about camera .does it have camera sensors?,59,2026-09-02T04:50:03Z
2026-10-03,P016,v1,snbbS2Q3KoE,Ugza9-YiM_gpc1brtu54AaABAg,Why did you do that to the banana?,41,2026-09-01T18:20:02Z
2026-10-03,P016,v1,snbbS2Q3KoE,UgxJ0pG61OEDPqKmPI94AaABAg,Igl was personal,15,2026-09-01T15:44:29Z
2026-10-03,P016,v1,snbbS2Q3KoE,UgzrDpfJ0Nyf0N-nn2R4AaABAg,40k and 35k after bank offer 30k and 35k😂,12,2026-09-01T22:52:50Z
2026-10-03,P016,v1,snbbS2Q3KoE,UgxwPw8sVUv-yDftAXt4AaABAg,100% sure it's going to be 40k+ like the redmi K series which was also a very good allrounder at that time,2,2026-09-02T04:04:28Z
2026-10-03,P016,v1,snbbS2Q3KoE,UgwDgONFPI6BHlc9r394AaABAg,underwater photography huh? why did yall make it in ai then? (the gemini logo on the bottom right),17,2026-09-01T16:33:14Z
2026-10-03,P016,v1,snbbS2Q3KoE,UgxhO4TijpRXewfo6y94AaABAg,Looks like a launch that was supposed to be on 1st April.,1,2026-09-03T17:02:48Z
2026-10-03,P016,v1,snbbS2Q3KoE,UgwcZhSECGQF5uKIjNV4AaABAg,Bro be imitating Subaru Natsuki in the start of the short....☠️🔥,1,2026-09-08T17:06:28Z
2026-10-03,P016,v1,snbbS2Q3KoE,Ugyu4DP8rsDRgKW4ktF4AaABAg,Price - Giveaway  free 😊,23,2026-09-01T15:50:54Z
2026-10-03,P016,v1,snbbS2Q3KoE,UgzdWv23gGQWWDJSjgZ4AaABAg,The way you keep efforts in making and explaining is Great bro.. 👏,1,2026-09-02T08:25:39Z
2026-10-03,P016,v1,snbbS2Q3KoE,UgyiNtVrIgQiQXIdOfV4AaABAg,They just stole the back panel of iQOO z11x,2,2026-09-04T04:41:31Z
2026-10-03,P016,v1,snbbS2Q3KoE,UgzWVGFvkrOSL3XlxhN4AaABAg,In this price high season it might come around 35k that's what I feel,8,2026-09-02T01:19:19Z
2026-10-03,P016,v1,snbbS2Q3KoE,Ugw_goQ7Fi7TOblV7NR4AaABAg,Camera and optimisation,1,2026-09-01T19:31:08Z
2026-10-03,P016,v1,snbbS2Q3KoE,Ugw3WxoP9GjXnyiQHfx4AaABAg,Ai shot for underwater footage is wild,0,2026-09-02T15:21:53Z
2026-10-03,P016,v1,snbbS2Q3KoE,UgyMj4fMXIwvwMk0WqV4AaABAg,"Bhai t shirt or jeans kahase li hai, please share, love this combo.",1,2026-09-01T15:44:08Z
2026-10-03,P016,v1,snbbS2Q3KoE,Ugw-xcP45jQwkqK5zt54AaABAg,Aapne jo tshirt 👕 pehani hai vo kaha se li uska link 🔗 dedo please 🙏🏼,1,2026-09-07T07:03:37Z
2026-10-03,P016,v1,snbbS2Q3KoE,Ugx1Vor2gZEJXHEcB1t4AaABAg,"This is how you promoted iQOO neo 10, i purchased it now after a year suffering from battery issues and camera issues",0,2026-09-01T19:45:12Z
2026-10-03,P016,v1,snbbS2Q3KoE,UgyQFuoXuHET6WYE4154AaABAg,Power at 39k and x8 at 28999,17,2026-09-01T16:09:10Z
2026-10-03,P016,v1,snbbS2Q3KoE,UgzdmoV6PYphXtxU-Hp4AaABAg,I heard a rumor about u that u channel is pure advertisement,1,2026-09-02T19:18:58Z
2026-10-03,P016,v1,snbbS2Q3KoE,UgykyryRZmKUUjW2SAt4AaABAg,Justice for. That banana,1,2026-09-01T22:23:43Z
2026-10-03,P016,v1,snbbS2Q3KoE,Ugwmd9dogZPHO8syT1N4AaABAg,Bor give the backpacks link it looks cool,1,2026-09-01T18:10:00Z
2026-10-03,P016,v1,snbbS2Q3KoE,Ugyru4Wo6816O-qoc2t4AaABAg,I have seen that exact design somewhere 🤔,0,2026-09-02T12:57:27Z
2026-10-03,P016,v1,snbbS2Q3KoE,Ugx0bki2RSLexgkLIFp4AaABAg,Make long term review on fitbit air,0,2026-09-01T16:50:50Z
2026-10-03,P016,v1,snbbS2Q3KoE,UgyCdH5rjKhz6fw2mnt4AaABAg,Aaj techwiser paneer khaega🥀😊,1,2026-09-03T17:34:35Z
2026-10-03,P016,v1,snbbS2Q3KoE,UgyHr39ZbTTvzFzc_tl4AaABAg,This looks exactly like vivo v70 at first glance just with a vibrant yellow on back side,0,2026-09-02T04:00:58Z
2026-10-03,P016,v1,snbbS2Q3KoE,UgyO2EIn7NWwu3R5hxV4AaABAg,Gemini did a good job creating that underwater shot👍🏼,0,2026-09-02T17:08:46Z
2026-10-03,P016,v1,snbbS2Q3KoE,UgyjWSOi3UDqXHHeiZR4AaABAg,Bro said if you are looking for durable phone go for poco 😂,0,2026-09-04T08:04:50Z
2026-10-03,P016,v1,snbbS2Q3KoE,Ugxv7Ls2x9BP6edtLtV4AaABAg,When he was saying the battery image I was thinking that this is the price. 😂😅,1,2026-09-02T01:44:28Z
2026-10-03,P016,v1,snbbS2Q3KoE,Ugwt3DUQY7XQh7a1y154AaABAg,No 3.5 mm audio jack😢,0,2026-09-02T07:13:02Z
2026-10-03,P016,v1,snbbS2Q3KoE,UgzzSqw9hdansRO8CRZ4AaABAg,Brother did not mention the price.... So it's not for common people... They can settle with old phones,0,2026-09-02T17:01:33Z
2026-10-03,P016,v1,snbbS2Q3KoE,UgwUd7a8WpqIA9tNAjl4AaABAg,X8 power under 20K is a good deal.,1,2026-09-02T19:19:41Z
2026-10-03,P016,v1,snbbS2Q3KoE,Ugx2vG8-_V2YyAL074d4AaABAg,We need storage also along with RAM,0,2026-09-01T18:11:59Z
2026-10-03,P016,v1,snbbS2Q3KoE,Ugy51WKjMGcuBgwx1qF4AaABAg,Chalta firta boooomb 💥,0,2026-09-01T16:33:27Z
2026-10-03,P016,v1,snbbS2Q3KoE,UgzsHqw54UtIUt2NUQF4AaABAg,Poco x7 is goated 🗿☠️,1,2026-09-29T16:41:27Z
2026-10-03,P016,v1,snbbS2Q3KoE,UgzUorc6UbsfDZ06dfZ4AaABAg,Forgot the cameras bro,0,2026-09-04T03:12:15Z
2026-10-03,P016,v1,snbbS2Q3KoE,UgzmboivUT2odEbDJBh4AaABAg,Ad that makes sense,0,2026-09-01T16:17:10Z
2026-10-03,P016,v1,snbbS2Q3KoE,Ugz35S8dkqtRHYZgX8V4AaABAg,50k for sure!,0,2026-09-02T06:00:34Z
2026-10-03,P016,v1,snbbS2Q3KoE,Ugz429WjCoBX8He1YQF4AaABAg,Want a full review,0,2026-09-02T17:44:48Z
2026-10-03,P016,v1,snbbS2Q3KoE,UgzF9JQevsKXnDYNXTx4AaABAg,What the hell companies have been doing..only increasing the battery capacity doesn't make any sense to the price. Instead it makes the phone heavy and bulky,0,2026-09-02T15:40:25Z
2026-10-03,P016,v1,snbbS2Q3KoE,Ugzskri1GUEp3vznZhl4AaABAg,Should have been the seven gen series😢,0,2026-09-07T16:40:56Z
2026-10-03,P016,v1,snbbS2Q3KoE,UgwqiKRo6ZoGSqt16L54AaABAg,Stop yapping after getting paid nga😂,1,2026-09-03T08:03:10Z
2026-10-03,P016,v1,snbbS2Q3KoE,Ugz4cx83b9T-EPBD_8Z4AaABAg,Storage quantity?,0,2026-09-01T16:00:10Z
2026-10-03,P016,v1,snbbS2Q3KoE,UgxHcaaINKfvDbSI4y94AaABAg,Basically it is RE350 with platina 100 cc engine,0,2026-09-17T19:26:48Z
2026-10-03,P016,v1,snbbS2Q3KoE,Ugy-xHHEjWaZce1L5HR4AaABAg,Big battery bigger blast.,0,2026-09-03T12:59:21Z
2026-10-03,P016,v1,snbbS2Q3KoE,UgxnZSaKWqJCr1Dn-MB4AaABAg,My poco x6 pro has a 1.2 million antutu score. Which costed 23k❤,13,2026-09-01T17:15:52Z
2026-10-03,P016,v1,snbbS2Q3KoE,UgywLj0zNQ7vaNToHh94AaABAg,Of it's 6gen 5 then approx 30k at the very least,0,2026-09-01T19:04:11Z
2026-10-03,P016,v1,snbbS2Q3KoE,Ugw_rQVHnQOt7UuZLBl4AaABAg,"If chip prices gone up, then fix your camera we dont need big batteries",0,2026-09-02T12:52:56Z
2026-10-03,P016,v1,snbbS2Q3KoE,UgwkmGLvpXuRrYVHE_14AaABAg,"at least 40000, given the price of narzo power and p4 power",0,2026-09-02T04:53:05Z
2026-10-03,P016,v1,snbbS2Q3KoE,UgwiMEe-2X5qLfsjWFd4AaABAg,Ayyy.... You thought we wouldn't notice😂 ....but we did....SD 6 gen 5 and good performance? That's cap ...,0,2026-09-01T19:37:01Z
2026-10-03,P016,v1,snbbS2Q3KoE,Ugyo_CJXzfKBY_NypUJ4AaABAg,i think those cameras doesn't work 🤭🤭,0,2026-09-02T08:18:27Z
2026-10-03,P016,v1,snbbS2Q3KoE,UgzSpmreHptjtkPA9gN4AaABAg,bro SD 6 Gen 5 is similar to the dimensity 7500,0,2026-09-03T04:09:50Z
2026-10-03,P016,v1,snbbS2Q3KoE,UgxyvdBmOjFCBv2vs5F4AaABAg,Camera????,0,2026-09-06T21:43:44Z
2026-10-03,P016,v1,snbbS2Q3KoE,UgzXUhr7m5Ztz8NVrMF4AaABAg,Why am I getting ads even after youtube premium,0,2026-09-02T04:01:17Z
2026-10-03,P016,v1,snbbS2Q3KoE,Ugyhq9OSoNXXpnA-fFd4AaABAg,The catch is the Price 💸,0,2026-09-02T15:40:17Z
2026-10-03,P016,v1,snbbS2Q3KoE,UgwFNmVDbWIL1b4mnHJ4AaABAg,"The phone which i had before shifting to an iphone 17 pro was a poco X6 (512/12) I had paid 19,999 for it during Diwali sale @2024. And oh boy it was a good one.",0,2026-09-02T21:19:07Z
2026-10-03,P016,v1,snbbS2Q3KoE,Ugznt6Fel4x9xEwVA9h4AaABAg,Almost same price as the iPhone 15,0,2026-09-02T13:10:48Z
2026-10-03,P016,v1,snbbS2Q3KoE,UgyHnbPCPXLUhtlI5Dx4AaABAg,Then the catch is camera,0,2026-09-08T19:01:06Z
2026-10-03,P016,v1,snbbS2Q3KoE,UgyNL9lEtAZQqiR-4Hl4AaABAg,No ir sensor 😢,0,2026-09-05T15:04:23Z
2026-10-03,P016,v1,snbbS2Q3KoE,Ugyk_dZUbOUNlOmOpid4AaABAg,"Motherboards.... 
Im thrilled 😂",0,2026-09-03T12:16:06Z
2026-10-03,P016,v1,snbbS2Q3KoE,UgytBl8SEnXHZvPVuYB4AaABAg,Whts the price of poco x8 power 🥹,1,2026-09-02T16:42:21Z
2026-10-03,P016,v1,snbbS2Q3KoE,UgyGhkO4ShICQDQy_1F4AaABAg,"Seeing the current scenario price maybe comes under 30k, if it were mid 2025, poco would have launched in under 25k",0,2026-09-02T06:21:14Z
2026-10-03,P016,v1,snbbS2Q3KoE,Ugx52RekO0AS2M031rt4AaABAg,After telling 6 gen 5 processor 🤡🤡,1,2026-09-07T08:55:42Z
2026-10-03,P016,v1,snbbS2Q3KoE,UgzqnT6xqw6-BinSkE94AaABAg,How they are giving ufs 4.1 I mean it's so costly right,0,2026-09-02T12:52:06Z
2026-10-03,P016,v1,snbbS2Q3KoE,Ugz7ygZ7lqj4usDpHwR4AaABAg,Metal frame???,0,2026-09-06T16:33:50Z
2026-10-03,P016,v1,snbbS2Q3KoE,Ugxb0B5Dq1MO4mGm1ph4AaABAg,FYI the 6 series cpu from snapdragon is made for efficiency not power... It is capable not powerful not meant to be but people saying it's weak are more likely using a flagship cpu.,0,2026-09-02T20:12:30Z
2026-10-03,P016,v1,snbbS2Q3KoE,Ugzv7o18JXHszf-Fvel4AaABAg,Camera 🤡🤡,1,2026-09-04T03:06:16Z
2026-10-03,P016,v1,snbbS2Q3KoE,UgxWMhZ7lVu6XeIAJ1d4AaABAg,Price bhi bata deta bro,0,2026-09-01T18:59:26Z
2026-10-03,P016,v1,snbbS2Q3KoE,UgxhxY8lCN-TW1mWe-14AaABAg,Yeah around 27-30k,0,2026-09-01T17:35:03Z
2026-10-03,P016,v1,snbbS2Q3KoE,Ugw5uHdwd1JqcL6F1n14AaABAg,Looks small. What's the device size?,0,2026-09-02T07:45:03Z
2026-10-03,P016,v1,snbbS2Q3KoE,UgxYjPJKfK7NT3Mz0Jx4AaABAg,It will be launching at 40-45k as in Japan they launched 8gb-256 at 48k for SD 6Gen5 with mediocre Camera,0,2026-09-02T10:59:56Z
2026-10-03,P016,v1,snbbS2Q3KoE,UgxnlgeVJpAk5ZPGbX94AaABAg,What about camera,0,2026-09-15T11:47:50Z
2026-10-03,P016,v1,snbbS2Q3KoE,UgxVybu927YFawX_Eud4AaABAg,Bag pack details pls?,0,2026-09-01T16:52:24Z
2026-10-03,P016,v1,snbbS2Q3KoE,Ugye3YrI-7XOZrFAUgZ4AaABAg,Why it looks like iPhone 14 Pro Max from the back?😂,0,2026-09-03T08:35:34Z
2026-10-03,P016,v1,snbbS2Q3KoE,Ugz9O4ktSF7EJVelV6N4AaABAg,Powerbank ke upar screen laga rakha hai,0,2026-09-03T13:15:25Z
2026-10-03,P016,v1,snbbS2Q3KoE,UgwHPea7WYRstQ38uV14AaABAg,What about camera please tell is the phone value for money,0,2026-09-01T16:13:04Z
2026-10-03,P016,v1,snbbS2Q3KoE,UgxWpD6J_VsG7eTXpy54AaABAg,"Techwisher ❌
Adwisher ✅",0,2026-09-02T21:12:17Z
2026-10-03,P016,v1,snbbS2Q3KoE,UgwJDZvaPgXMBzB8wbJ4AaABAg,It has more battery than my 12inch tablet 😮,0,2026-09-02T03:26:20Z
2026-10-03,P016,v1,snbbS2Q3KoE,UgzFmYDs-RpUlyTEs6x4AaABAg,Nice ❤,0,2026-09-03T00:37:04Z
2026-10-03,P016,v1,snbbS2Q3KoE,UgxbUUGiNjb7j_a4Q6R4AaABAg,Poco phone only last 2 years. I had 2 phone and both started giving problems after 2 years,0,2026-09-03T16:52:03Z
2026-10-03,P016,v1,snbbS2Q3KoE,UgwF1wdRJrlKa1r4-kt4AaABAg,"Well, it's basically the same performance as the 7s gen 4, which is perfectly fine.",0,2026-09-05T02:05:20Z
2026-10-03,P016,v1,snbbS2Q3KoE,Ugx2Biwp_4aHhAZKNOd4AaABAg,"Where UFS 4.1?
Just 2.2",0,2026-09-28T12:24:50Z
2026-10-03,P016,v1,snbbS2Q3KoE,Ugwa1nZhGaToD_Esi1B4AaABAg,X3 ke baad x8 jo tagda lag raha ha,0,2026-09-02T19:03:45Z
2026-10-03,P016,v1,snbbS2Q3KoE,UgzPmrXTLRQlSgRp5Ih4AaABAg,30 to 35 k considering current situation,0,2026-09-02T09:36:09Z
2026-10-03,P016,v1,snbbS2Q3KoE,UgyTQZ890WOkEs89jAd4AaABAg,Are price toh batate jaoo Prateek bhai !!👋🏻,0,2026-09-01T19:18:45Z
2026-10-03,P016,v1,snbbS2Q3KoE,Ugzxb0Aqs0Bmg15prbx4AaABAg,"i use poco phones but its software is full of bugs and glitches and because of that sometimes you cant use the phone.
and also now my poco x7 having some major problems where it locks itself automatically and doesn't unlock for arround 1 to 2 hours 
and yes i have done all corrective measures to stop it but i cant",0,2026-09-02T03:19:02Z
2026-10-03,P016,v1,snbbS2Q3KoE,Ugxc2ccn7AVBTVPDnv14AaABAg,Is that poco making a comeback?,0,2026-09-02T00:17:45Z
2026-10-03,P016,v1,snbbS2Q3KoE,UgxZgWEgI-sHoyUC02p4AaABAg,"Poco bhai, it's done bro 😂",0,2026-09-03T18:31:51Z
2026-10-03,P016,v1,snbbS2Q3KoE,UgxIWxUw6VYIWvn0K5V4AaABAg,CHEAP RENO 14 SERIES 😂,1,2026-09-03T13:56:28Z
2026-10-03,P016,v1,snbbS2Q3KoE,UgwaWrY5wlZwQpxtRpF4AaABAg,"Kya faida ads, bloatware and software experience mai hug deta hai",0,2026-09-02T07:44:11Z
2026-10-03,P016,v1,kGU6fiO9WuU,UgzBbeHdQL4ei2ADYOJ4AaABAg,Poco f7 better mobile and best mobile ❤💥,30,2026-09-04T11:46:36Z
2026-10-03,P016,v1,kGU6fiO9WuU,UgymGf1NPlFU6Qsf6eN4AaABAg,Poco ad vacchi vallu oka veskondi,224,2026-09-04T11:34:11Z
2026-10-03,P016,v1,kGU6fiO9WuU,UgwZABcrIhvyjkWTkOZ4AaABAg,కృష్ణ జన్మాష్టమి శుభాకాంక్షలు,31,2026-09-04T12:53:29Z
2026-10-03,P016,v1,kGU6fiO9WuU,UgzL2Ffz4jKshNrVsel4AaABAg,Gaming and normal use ki okaa phone cheppu broo,23,2026-09-04T11:53:03Z
2026-10-03,P016,v1,kGU6fiO9WuU,UgxvquhyGM0HASpe4f54AaABAg,"2:55 anna kuda manalage 😅
STRANGER THINGS FAN ❤",4,2026-09-05T19:40:44Z
2026-10-03,P016,v1,kGU6fiO9WuU,UgwA-bCzi-Jx4rw1uPd4AaABAg,"Realme P4s unbox cheyi bro... 😏😏😏


Wait chesthunaa plzzzz 😏😏😏",6,2026-09-04T11:45:40Z
2026-10-03,P016,v1,kGU6fiO9WuU,UgyclaRjhCTXujNLTEh4AaABAg,Hello bro watching from khammam💝💝💝,5,2026-09-04T16:23:12Z
2026-10-03,P016,v1,kGU6fiO9WuU,UgwB1YhapKw9sP-0_fx4AaABAg,Both phones are amazing with heavy duty Battery 💪,2,2026-09-04T15:00:54Z
2026-10-03,P016,v1,kGU6fiO9WuU,UgzRUbrdmc8-Hfghwh54AaABAg,Nice 👍 Review Bhaiya,1,2026-09-04T14:31:55Z
2026-10-03,P016,v1,kGU6fiO9WuU,Ugwe2DC6yLIlmbUWyGh4AaABAg,Super anna ❤,2,2026-09-04T12:28:12Z
2026-10-03,P016,v1,kGU6fiO9WuU,Ugz_fGE0mrJSYMJk6cB4AaABAg,❤❤ FOR UNBOXING,0,2026-09-21T13:40:56Z
2026-10-03,P016,v1,kGU6fiO9WuU,Ugxvc6n3TPkxRfRYMXJ4AaABAg,Intresting Anaya❤,0,2026-09-06T20:09:04Z
2026-10-03,P016,v1,kGU6fiO9WuU,UgxXitdTFlFwxi77JXd4AaABAg,SUPER BRO,1,2026-09-04T12:13:14Z
2026-10-03,P016,v1,kGU6fiO9WuU,Ugxn0JU-kkmf3mBVUAB4AaABAg,Nice ❤,1,2026-09-04T12:02:17Z
2026-10-03,P016,v1,kGU6fiO9WuU,Ugx9ovvhO-BnFNsWHx54AaABAg,Super ❤,0,2026-09-04T15:10:14Z
2026-10-03,P016,v1,kGU6fiO9WuU,UgzCI_n40ERzFPZ4JSB4AaABAg,Hai Prasad anna 🎉🎉🎉🎉🎉,1,2026-09-04T14:37:58Z
2026-10-03,P016,v1,kGU6fiO9WuU,Ugzaxh8xSCHRfytqPwd4AaABAg,Nice Anna,0,2026-09-07T01:34:34Z
2026-10-03,P016,v1,kGU6fiO9WuU,Ugypg_DNOzx0dU23tLl4AaABAg,Poco x8 power 🔋 📱💪👍👍,1,2026-09-04T14:21:05Z
2026-10-03,P016,v1,kGU6fiO9WuU,Ugw2jq4qKp722DHiAOl4AaABAg,POWERBANK   X   POCO  😂,8,2026-09-04T12:16:45Z
2026-10-03,P016,v1,kGU6fiO9WuU,UgxmConP1gBrXebKSop4AaABAg,Suppper vides bro 😘😘❤❤,0,2026-09-04T15:14:18Z
2026-10-03,P016,v1,kGU6fiO9WuU,Ugzcx7uIZruIoqWxa8t4AaABAg,Nice,1,2026-09-04T13:08:02Z
2026-10-03,P016,v1,kGU6fiO9WuU,UgwrC_td1a2_KcRrhTB4AaABAg,"anna..work and video editing ki manchi gaming laptop suggest chey anna
50k range lo",5,2026-09-04T11:43:06Z
2026-10-03,P016,v1,kGU6fiO9WuU,UgwAaUqqlhhGoTQA_D94AaABAg,Em Ads raani vallu like here 😅😜,3,2026-09-04T13:43:51Z
2026-10-03,P016,v1,kGU6fiO9WuU,UgxnGTS4McgWdUUTJ6B4AaABAg,Nice bro,0,2026-09-04T14:57:09Z
2026-10-03,P016,v1,kGU6fiO9WuU,UgyoxndYgVjU1lTofgB4AaABAg,First like,1,2026-09-04T11:34:06Z
2026-10-03,P016,v1,kGU6fiO9WuU,Ugz0qHi0QrMvFOugrqt4AaABAg,Good,1,2026-09-04T12:23:53Z
2026-10-03,P016,v1,kGU6fiO9WuU,UgziagxTp-z9d-MOW4J4AaABAg,Hi Anna ❤,1,2026-09-04T12:01:40Z
2026-10-03,P016,v1,kGU6fiO9WuU,UgwE6ZLNBpiOGRHSS2F4AaABAg,And anna we need your car review video which you are using 😊,0,2026-09-05T09:34:54Z
2026-10-03,P016,v1,kGU6fiO9WuU,UgysLJQt6GXlAo2tpZ54AaABAg,"Super, sir",0,2026-09-04T13:30:04Z
2026-10-03,P016,v1,kGU6fiO9WuU,UgwsDXBu-JNZXFq4El14AaABAg,Happy teachers day brother,0,2026-09-05T08:11:23Z
2026-10-03,P016,v1,kGU6fiO9WuU,Ugx4K4KZ9G1BAsFregZ4AaABAg,1st comment giveaway phone bro,1,2026-09-04T11:34:19Z
2026-10-03,P016,v1,kGU6fiO9WuU,UgwbdDvGjJl6bkjTgOV4AaABAg,❤,1,2026-09-04T11:34:10Z
2026-10-03,P016,v1,kGU6fiO9WuU,Ugxj33yZlXLW1U28fOR4AaABAg,Video recording lo voice sound bagundhi,0,2026-09-05T04:47:40Z
2026-10-03,P016,v1,kGU6fiO9WuU,Ugw-CumUWA3aVXTV4uN4AaABAg,Waiting for f8,0,2026-09-04T14:51:27Z
2026-10-03,P016,v1,kGU6fiO9WuU,UgwY_fmTfQ-a4Kzw3XJ4AaABAg,"Anni okay kani, okka processor manchidhi ichi unte baagundu.",1,2026-09-04T11:59:45Z
2026-10-03,P016,v1,kGU6fiO9WuU,Ugx22ZkV7pwQg0V_lfJ4AaABAg,Hi Anna first coment ana 14000 lopu ma ammaku manchi phone chappu ana,1,2026-09-04T11:34:33Z
2026-10-03,P016,v1,kGU6fiO9WuU,UgwpxjSAZIqHL9tkRKt4AaABAg,3rd comment,1,2026-09-04T11:34:23Z
2026-10-03,P016,v1,kGU6fiO9WuU,UgziLzMJdgxVu4Nipuh4AaABAg,Enti sir oke roju 2ndu unboxing vid lu,1,2026-09-04T12:18:36Z
2026-10-03,P016,v1,kGU6fiO9WuU,UgyInnZZfAZVIQ1A1F54AaABAg,Anna bagunav ga,1,2026-09-04T11:34:21Z
2026-10-03,P016,v1,kGU6fiO9WuU,Ugxy8iIx-cG3N9F3_Qt4AaABAg,Brother we need your body transformation video previously you have shared in YouTube we want to see that video please anna 🥺,0,2026-09-05T09:34:26Z
2026-10-03,P016,v1,kGU6fiO9WuU,UgztthFolJ_PLAgjphR4AaABAg,Hi anna,1,2026-09-04T11:35:38Z
2026-10-03,P016,v1,kGU6fiO9WuU,UgxMjElLYpXIh11e3Cd4AaABAg,Hi bro ❤️ ❤️ ❤️ 👍🏻 👍🏻 👍🏻 😊,0,2026-09-04T14:26:17Z
2026-10-03,P016,v1,kGU6fiO9WuU,UgzDvR30TxtiA_-Of_54AaABAg,Please add weight also in specifications,0,2026-09-05T06:46:52Z
2026-10-03,P016,v1,kGU6fiO9WuU,UgxXppErZlK5uwxWRiJ4AaABAg,Using poco x6 exactly from 2 years it's good but updates are slow and battery consumption is to fast only 2 negatives others are good,0,2026-09-04T15:30:42Z
2026-10-03,P016,v1,kGU6fiO9WuU,UgxkwQ0nRVT7jo5WDIl4AaABAg,Anna not first comment so phone give away😅,1,2026-09-04T12:04:05Z
2026-10-03,P016,v1,kGU6fiO9WuU,UgwIpfCj2O_E81Py7ch4AaABAg,Anna best gaming phones in 2026 video Cheyyi anna,0,2026-09-05T08:42:39Z
2026-10-03,P016,v1,kGU6fiO9WuU,Ugyke1H7nbxw6FTjjo54AaABAg,ప్రాసెసర్ లో పవర్ తక్కువ ప్రైజ్   ఎక్కువ ఏ తవరకు సెల్ అవుతుందో చూడాలి,10,2026-09-04T12:06:48Z
2026-10-03,P016,v1,kGU6fiO9WuU,Ugy38J5Hr0lIppNEVDZ4AaABAg,హాయ్ బ్రో,0,2026-09-04T14:50:55Z
2026-10-03,P016,v1,kGU6fiO9WuU,UgyiErjw0gM5aA_u24t4AaABAg,Tomorrow lava agni 4n .....first look will be na....,0,2026-09-04T15:36:49Z
2026-10-03,P016,v1,kGU6fiO9WuU,Ugx3HbcJj9S9Cp8IlsF4AaABAg,Hi bro wife కి mobile తీసుకోవాలి మొబైల్స్ ధరలు పెరిగాయి కదా offline store లో Realme P3 లేదా P4 దొరికితే తీసుకోవచ్చా,3,2026-09-04T11:56:56Z
2026-10-03,P016,v1,kGU6fiO9WuU,UgxZqs0nlqQbX45VSb54AaABAg,Watching from poco x8 pro,0,2026-09-04T17:23:13Z
2026-10-03,P016,v1,kGU6fiO9WuU,UgycmuwmPndYL3-nfHl4AaABAg,Anna poco x8 power review kavali.....🥰🥰🥰,0,2026-09-15T04:18:01Z
2026-10-03,P016,v1,kGU6fiO9WuU,Ugw6HJmmCvnLJC5bA914AaABAg,Poco f 9 ultra unboxing cheyandi bro,0,2026-09-05T03:29:12Z
2026-10-03,P016,v1,kGU6fiO9WuU,UgxQKpBAg771S96zYSd4AaABAg,Big billion days yeppudu Anna date Cheppu and alage detailing video chey anna,0,2026-09-04T13:31:00Z
2026-10-03,P016,v1,kGU6fiO9WuU,Ugz6KKJJqX7IvO-T5NR4AaABAg,"Anna meeru eesari mobiles unboxing lo qty. of 5g bands mention cheyyakunda, aa phone lo a sim pedithe real life lo signal strength baagundho cheppandi ann",2,2026-09-04T12:05:31Z
2026-10-03,P016,v1,kGU6fiO9WuU,UgxY6RjMRpqR0lm0If94AaABAg,Ufs 2.2 p8 power,1,2026-09-04T12:55:02Z
2026-10-03,P016,v1,kGU6fiO9WuU,UgwTyS3QEOGp6NHTwfp4AaABAg,Mobile weight check cheye bro,1,2026-09-07T15:49:47Z
2026-10-03,P016,v1,kGU6fiO9WuU,UgwUhlMNmjkbTo4lNnV4AaABAg,Hlo Anna,1,2026-09-04T11:34:42Z
2026-10-03,P016,v1,kGU6fiO9WuU,UgwEPJr4DReB_jN2c_J4AaABAg,Happy teachers day anna❤️🫂,0,2026-09-05T11:48:12Z
2026-10-03,P016,v1,kGU6fiO9WuU,Ugx4YekvQyPTzwrlxTF4AaABAg,"intha pedda channel.. dedicated editors.. but video starting lo chupinchuna storage specs okala laaga chepparu, ending lo inkolaaga chepparu.. inthakee yedhi correct???",0,2026-09-04T14:04:52Z
2026-10-03,P016,v1,kGU6fiO9WuU,Ugw5lPX66KQ7i9dOQbR4AaABAg,Anna IQ 15R oneplus nord 6 one video,0,2026-09-05T02:22:42Z
2026-10-03,P016,v1,kGU6fiO9WuU,UgyfDxrgIKYISrWUqD14AaABAg,Dji osmo pocket 4p review cheyyandi anna daily aduguthunna please respond,0,2026-09-05T07:32:56Z
2026-10-03,P016,v1,kGU6fiO9WuU,UgzODUvhVGH67xU1vVt4AaABAg,Poco అంటే ఏంటి 😊Bro,0,2026-09-07T10:25:21Z
2026-10-03,P016,v1,kGU6fiO9WuU,Ugwg-vzVbysk1Vqbh7t4AaABAg,Honor magic v6 review cheyandi anna,0,2026-09-06T02:29:01Z
2026-10-03,P016,v1,kGU6fiO9WuU,UgwpV2Fz8hlkdcjNeIV4AaABAg,Hi,1,2026-09-04T11:34:14Z
2026-10-03,P016,v1,kGU6fiO9WuU,UgzyyBp83veT6WTY_uR4AaABAg,Hi  prasad S ir☝🏻 .recent gaa agentic ai phones vastunai kada but aa features run avalte ram and storage ekkuva undali kada.ram &storage crisis ee agentic ai phones ni emanna  effect chestai🤔.,1,2026-09-04T12:08:45Z
2026-10-03,P016,v1,kGU6fiO9WuU,UgyDXB17iXvscFYCKXx4AaABAg,Nothing meda 5k increase chesaru Anna nenu 35 below lo konali anukunna but ippudu na budget Lo vachela ledu 😢,0,2026-09-04T13:32:01Z
2026-10-03,P016,v1,kGU6fiO9WuU,Ugx1PK_JhRaE-oZN4gh4AaABAg,Realme fans here😊,2,2026-09-05T04:52:54Z
2026-10-03,P016,v1,kGU6fiO9WuU,UgzHymif3nZVVN8ywox4AaABAg,Price ekkuva pettaru 😮😮,0,2026-09-07T09:59:00Z
2026-10-03,P016,v1,kGU6fiO9WuU,UgypdHg1ZB8fWV_CbMF4AaABAg,No buying only seeing😂,1,2026-09-04T11:35:31Z
2026-10-03,P016,v1,kGU6fiO9WuU,UgxB30stUy27oIsXOt54AaABAg,F9 review,1,2026-09-04T11:38:00Z
2026-10-03,P016,v1,kGU6fiO9WuU,UgxowhFWn0RiwVznMZ54AaABAg,Poco F9 Ultra Chappu Brother,1,2026-09-04T13:13:42Z
2026-10-03,P016,v1,kGU6fiO9WuU,Ugy9MbnuparcOA46cMh4AaABAg,YouTube 4k videos play chesthaya anna??,0,2026-09-04T15:02:04Z
2026-10-03,P016,v1,kGU6fiO9WuU,Ugz-y6v6zFEqKs7iq4J4AaABAg,"Anna peddha batterys ni pettebadhulu , battery manchi optimisation 1 full day vacchela cheasi , display aina manchivi ivvachu kadha , budget phones lo . And RAM , SSD , rates periginai kani display is still manageable ???",1,2026-09-04T11:58:06Z
2026-10-03,P016,v1,kGU6fiO9WuU,Ugzmkls6RkSEKaBBBXJ4AaABAg,Repu 5th kadha Eroju 4rth,1,2026-09-04T11:40:57Z
2026-10-03,P016,v1,kGU6fiO9WuU,Ugylhm3YlFxhDiJKIZJ4AaABAg,50k lo manchi gaming camara mobile chepu anna,0,2026-09-05T04:55:19Z
2026-10-03,P016,v1,kGU6fiO9WuU,UgwEwdC4AC0q3O3ymrB4AaABAg,Anna miru camera samples chupistharu kadha adhi original or colour grading editing chesi chupisthunnara ?,0,2026-09-04T15:01:55Z
2026-10-03,P016,v1,kGU6fiO9WuU,UgzjSSfGUYKsR7SXLmZ4AaABAg,Bro iQOO z11 vs vivo t5 best adho chepparaa,0,2026-09-05T07:48:37Z
2026-10-03,P016,v1,kGU6fiO9WuU,UgwN0Q7KDpadfYERax14AaABAg,Realme gt 7 long term review kavali anna,0,2026-09-04T13:39:24Z
2026-10-03,P016,v1,kGU6fiO9WuU,UgzlrAur1suLZ6lD96l4AaABAg,ఈ మొబైల్స్ కి ఇంత రేట్ పెట్టి ఎవరూ కొంటారు బ్రదర్,1,2026-09-04T12:13:19Z
2026-10-03,P016,v1,kGU6fiO9WuU,UgzLnVBXZaLPusU-HPx4AaABAg,Can we expect OPPO find N foldable series this year in India?,0,2026-09-07T07:02:04Z
2026-10-03,P016,v1,kGU6fiO9WuU,Ugy5inbK_QM2vAGqmCd4AaABAg,"Hi Anna, Video Editing ki Acer Aspire 7 theesukovacha? Leda 1 lakh lopu inka better options unnaya? Please cheppandi Anna.",0,2026-09-05T07:02:04Z
2026-10-03,P016,v1,kGU6fiO9WuU,UgxBdM50L51PzqglIl14AaABAg,Amazon great indian festival epudu undochu anna  expected date ?,0,2026-09-04T15:17:42Z
2026-10-03,P016,v1,kGU6fiO9WuU,UgzosMVl9fXGt1TSkSF4AaABAg,Amazon Kannada online apps,1,2026-09-04T12:14:53Z
2026-10-03,P016,v1,kGU6fiO9WuU,Ugw4ocojOwc7GGY7cwN4AaABAg,🎉,1,2026-09-04T11:34:49Z
2026-10-03,P016,v1,kGU6fiO9WuU,UgzdugAd1NNz3HDAjml4AaABAg,Watching poco m7 5g😅,1,2026-09-04T12:40:36Z
2026-10-03,P016,v1,kGU6fiO9WuU,UgwUOczgBMqG6tn2uQx4AaABAg,all round phone kavali anna oneplus 15r vs oneplus 13 or any best mobile suggest anna,0,2026-09-04T22:50:19Z
2026-10-03,P016,v1,kGU6fiO9WuU,Ugz5oea0Ykgenc0L6dd4AaABAg,"anna, physical overview kuda chupistha undu anna inka nundi, , storage costs baga perigay kada high end model theskovala leda 128gb storage model enough aa ani chuskoni theskovachu, memory card support unda leda ani cheppadam chala important anna inka nundi ..",0,2026-09-06T13:08:52Z
2026-10-03,P016,v1,kGU6fiO9WuU,UgzxgGRUlwqlJHd5QXh4AaABAg,Realme p4s endhuku unbox cheyyaledhu anna,0,2026-09-04T19:48:28Z
2026-10-03,P016,v1,kGU6fiO9WuU,UgzQ0tvtQ3rYvdF6s3Z4AaABAg,Sim slot for power,0,2026-09-05T04:21:07Z
2026-10-03,P016,v1,kGU6fiO9WuU,UgwHEabZFvBYMca4qJh4AaABAg,"I'm watching Poco x6 pro 🗿, This mobile better. 😅",3,2026-09-04T13:38:51Z
2026-10-03,P016,v1,kGU6fiO9WuU,Ugx57TyNlMbZIvAWlH54AaABAg,Prasad bro origin os 7 gurinchi update cheyyani bro,5,2026-09-04T11:34:15Z
2026-10-03,P016,v1,kGU6fiO9WuU,Ugxfkwr61-c5JhA19od4AaABAg,Technews  Pettu,0,2026-09-04T15:09:09Z
2026-10-03,P016,v1,kGU6fiO9WuU,UgzUtao3fVy8SVutt9t4AaABAg,Sir Under 15k lo camera performance and storage software manchi mobile name cheppara,0,2026-09-13T04:25:01Z
2026-10-03,P016,v1,kGU6fiO9WuU,UgyUAbJ8ooCJI49kmxh4AaABAg,Pixel 11 pro review,0,2026-09-05T14:46:06Z
2026-10-03,P016,v1,kGU6fiO9WuU,UgxiSXDfXqOf9XA2Nfh4AaABAg,Prasad Anna nenu REDMI NOTE 12 PRO 5G 6GB + 128GB LPDDR4X RAM + UFS2.2 Storage | SONY 50 MP camera 4K recording with 120Hz AMOLED HDR 10+ DOLBY VISION & AUDIO kuda undi 3 yrs ayipoindi and updates kuda agipoyayi & MAINLY STORAGE saripovatledu eppudu phone marchali ante a phone tesukunte best ??,0,2026-09-04T16:40:55Z
2026-10-03,P016,v1,kGU6fiO9WuU,UgzTb4EmGi3KNxum6Qp4AaABAg,Poco add 😂,2,2026-09-04T12:39:45Z
2026-10-03,P016,v1,kGU6fiO9WuU,Ugzcbd59sIw76siE7Zl4AaABAg,@R7,1,2026-09-04T12:08:21Z
2026-10-03,P016,v1,kGU6fiO9WuU,Ugwvl509Qrwgw9rEl0Z4AaABAg,Hi prasad anna i am using xiaomi 14 but xiaomi 14 lo google dialer undi anna custom dialer ledu eroju meru unboxing chesina phone lo custom dialer icharu but top model xiaomi 14 lo matram custom dialer ledu  i want custom dialer for my xiaomi 14 am cheyali anna cheppu nenu mobile lo search chesanu settings lo option change cheyochu amo ani ledu anna asalu please pick my comment and solution cheppu anna please,1,2026-09-04T11:51:31Z
2026-10-03,P016,v1,kGU6fiO9WuU,UgyI3GxTyEW26BqBDo94AaABAg,Poco x8 power vs vivo t5 pro a dhi best bro totally performance wise a dhi thisukovali,0,2026-09-05T03:57:53Z
2026-10-03,P016,v1,nmTzcAIBALU,UgzT2xGJpK0ya0VpkoJ4AaABAg,I think these smartphone will keep the market under 30k stable until 2028 until the prices go down. Its a positive sign of hope. I know we are not getting what we used to in this price but still these brands bringing a good value while stabilizing the mid range segment. I am hopeful.,15,2026-09-06T06:42:33Z
2026-10-03,P016,v1,nmTzcAIBALU,Ugw2j3u_8LFz0-7xHjp4AaABAg,"Same time last year, people were criticizing the 30k Poco F7 for its big size, poor cameras, heating and below par battery life relative to its battery size. One year later, F7 owners will be laughing at the phones selling for 35k.Those who purchased the F7 and oneplus Nord 5 last year will be the happiest at present.",14,2026-09-06T08:22:56Z
2026-10-03,P016,v1,nmTzcAIBALU,UgwiG99IvY2CE4hMqEB4AaABAg,8:14 Thanks for sharing this information ❤ when others just show casing the upper variant and completely ignoring the base variant storage type,4,2026-09-06T08:20:12Z
2026-10-03,P016,v1,nmTzcAIBALU,Ugx-xKvW5xLrJI68up54AaABAg,"00:00​ - The ₹30,000 Battery Revolution
00:15​ - POCO X8 vs POCO X8 Power: Specs & Battery Sizes
00:44​ - 10,000mAh Battery Reality & Brand Claims
01:21​ - Extreme Stress Test: Killing the Battery!
01:50​ - Heavy Gaming Drain Test (BGMI, COD, Genshin)
01:58​ - 27W Reverse Wired Charging Demo
02:11​ - 100W Charging Speed & 1600-Cycle Health Test
02:54​ - Build Quality, In-Hand Feel & Design Comparison
04:10​ - 1.5K AMOLED Display & Media Consumption
05:30​ - Snapdragon 6 Gen 5 vs Snapdragon 6s Gen 4 Performance
06:45​ - Camera Setup & 4K 30FPS Video Test
07:57​ - RAM & Storage Trap: UFS 2.2 vs UFS 4.1 Explained
08:28​ - Price, Variants & Final TechBar Verdict",1,2026-09-08T14:03:05Z
2026-10-03,P016,v1,nmTzcAIBALU,UgzClA-41RRN4EdTfYJ4AaABAg,"2019=redmi🥶
2026=poco👽",8,2026-09-06T09:14:57Z
2026-10-03,P016,v1,nmTzcAIBALU,Ugzq5UI24lS77WHdsGd4AaABAg,Bhai your videos are best and you are the most clean and good hearted indian reviewer.....your videos have really helped me a lot to buy myself a great phone.,0,2026-09-06T07:03:19Z
2026-10-03,P016,v1,nmTzcAIBALU,UgyXcyNdE5jB8L37bG14AaABAg,Thanks video le kar aane ke liye 🎉❤😊,2,2026-09-06T07:54:28Z
2026-10-03,P016,v1,nmTzcAIBALU,UgyFN2LcNhaRrqmzZtV4AaABAg,मिडिल फैमिली का तो शौक ही बन कर रह जाएगा,2,2026-09-10T10:35:57Z
2026-10-03,P016,v1,nmTzcAIBALU,UgysL54KU7_X4HsMfyF4AaABAg,"Next phone 
20000 mah battery 
with
Snap Dragon 4 gen processor
and
4 gb ram
and
64 gb storage",14,2026-09-07T06:44:38Z
2026-10-03,P016,v1,nmTzcAIBALU,Ugx823FI-_cfe2Zoc9V4AaABAg,Great video brother,0,2026-09-06T18:03:05Z
2026-10-03,P016,v1,nmTzcAIBALU,UgwVSeAW0arG-SrKe0d4AaABAg,Very good Techbar. A trustworthy Tech Channel,0,2026-09-06T09:51:21Z
2026-10-03,P016,v1,nmTzcAIBALU,UgyAUXZZ6iKvnAwfWbt4AaABAg,Bs thode chote phone 6.5 inch k niche manufacturer karna chahiye 😢,1,2026-09-08T06:06:46Z
2026-10-03,P016,v1,nmTzcAIBALU,Ugy6wumC1fjv_iJdE1B4AaABAg,Bhai ka video 1.25 x ke speed me dekhne me sahi lagta hai . Warna bhai bahut slow baat karte hai 4:36 😅,6,2026-09-06T09:16:12Z
2026-10-03,P016,v1,nmTzcAIBALU,Ugxdf14gHR-Q3tyM7y94AaABAg,Ho gaya advertisement 😂😂😂,2,2026-09-07T01:10:38Z
2026-10-03,P016,v1,nmTzcAIBALU,UgxUn9oHTn7dkMyfDQp4AaABAg,First experience,2,2026-09-06T06:36:31Z
2026-10-03,P016,v1,nmTzcAIBALU,UgyzMxMPGEcPqQJsVSJ4AaABAg,Bhai I like your videos make a video of comparison of ultra phones,0,2026-09-06T07:53:57Z
2026-10-03,P016,v1,nmTzcAIBALU,UgzTFqF6h3nu6zbxMg54AaABAg,"Bhai ,small screen,light weight, average price vale phones pe 1 VIdeo banao bhai🙏",0,2026-09-09T01:05:08Z
2026-10-03,P016,v1,nmTzcAIBALU,UgysxuSj_ykvziIrh714AaABAg,U r 2 good sir,0,2026-09-07T03:21:05Z
2026-10-03,P016,v1,nmTzcAIBALU,Ugy6WyjIpr77CcCKfpl4AaABAg,"Realme 8i 
Antutu score 3.5 lakh (approximately) 
5 year se chala raha hoo abhi bhi ye smooth chal raha 🗿",7,2026-09-06T08:23:52Z
2026-10-03,P016,v1,nmTzcAIBALU,UgzJBpLJmGyxXsrPgW14AaABAg,Nice aspect ratio,0,2026-09-06T10:26:06Z
2026-10-03,P016,v1,nmTzcAIBALU,Ugw2f027dxxMKrj9Fkl4AaABAg,W video,0,2026-09-06T06:40:48Z
2026-10-03,P016,v1,nmTzcAIBALU,UgxEjlSu3ETGlBzzJah4AaABAg,First comment❤❤,2,2026-09-06T06:36:11Z
2026-10-03,P016,v1,nmTzcAIBALU,UgxGfMubqWrV6884Aj14AaABAg,"Watching this on my 7 year old imported Mi Max 3 with 6GB/128GB. I don't game, but for normal use, it still kicks ass. HUGE FHD+ screen, dual stereo speakers, 3.5mm headphone port, notification light, 4k@30 fps rear video recording with stabilization... it is better than most 2026 phones under 35k of you don't care about gaming. Best part is spare parts for this are still available on multiple sites in India especially maxbhi even though this phone was not launched in India. Just bought a replacement 5500mAh battery from maxbhi and getting 8 to 9 hours SOT. And yes, there are a couple of 3rd party apps available using which I am able to run hyperos themes on it.",2,2026-09-06T08:16:47Z
2026-10-03,P016,v1,nmTzcAIBALU,Ugyop3DLUPv5kU3ctmd4AaABAg,"Phone behtreen hai bs camera ne dil tod diya , cost thoda high bhi karte per camera acha de dete",0,2026-09-07T18:05:43Z
2026-10-03,P016,v1,nmTzcAIBALU,UgzDlT6UDm1bGRs3weB4AaABAg,Poco x8 power 5g ke future video lao 🎉🎉🎉❤❤❤❤❤❤❤,0,2026-09-08T08:44:19Z
2026-10-03,P016,v1,nmTzcAIBALU,Ugx8ieiOpvWwcDt6Tn94AaABAg,Poco f5 3 saal se waper ra hu abhi bhi mast chalra hai jabardast phone hai ...1 year ke 27 Diwali mein  poco ka hee phone kareedunga,0,2026-09-28T17:39:10Z
2026-10-03,P016,v1,nmTzcAIBALU,UgwDGs5ymo36BWYiKId4AaABAg,"If this Chipset Price hike doesn't go Down than Many Youtubers and Small phone companies will Go down,
Recently i have noticed Many top Youtubers used to get 1 mill and above views before the smartphone Price hike cause people' were curious/excited knowing about new innovations and Budgets of smartphones but this recently price hike of smartphones really caused a cut to the youtubers and Smartphone Brands they are all going down hill by hill and they will fall eventually if it doesn't gets a solution, the only big Smartphone brands like apple, samsung and Google will remain possible cause they have their own Chipsets.

The sales of smartphones have reduced and dregarded in my local area shops and people barely Orders smartphones these days,  as iam an Ekart delivery boy, they local smartphones Shop that used to get 10-15 customers daily now Barely attracts 5-6 persons and i used to get atleast 10-15 smartphone orders a week now Barely gets even 2 smartphones orders delivers.",0,2026-09-12T21:23:11Z
2026-10-03,P016,v1,nmTzcAIBALU,UgwrUatpMFFxTzESOuZ4AaABAg,huweai pura 90s pro max ki vi review karo n,0,2026-09-06T08:52:03Z
2026-10-03,P016,v1,nmTzcAIBALU,UgzOkA-Rxm6Rc3ksmRN4AaABAg,"Kya  bhai ye phone ola,  uber, jaise app ko use karne per heat problem  to nhi aayegi please reply me ❤❤",0,2026-09-06T07:37:48Z
2026-10-03,P016,v1,nmTzcAIBALU,Ugz1t0k87gb80WcRxiB4AaABAg,Sound Quality Test Hona Chahiye,0,2026-09-08T21:10:53Z
2026-10-03,P016,v1,nmTzcAIBALU,Ugx6D9MOoX_Jze3FWPt4AaABAg,We used to get 8s gen 4 in 33k🥀😓,0,2026-09-06T17:25:21Z
2026-10-03,P016,v1,nmTzcAIBALU,UgxYoEGfnJ63QuPZ7st4AaABAg,Watching on my 5 years old Samsung f62 monster,0,2026-09-07T01:36:53Z
2026-10-03,P016,v1,nmTzcAIBALU,UgzDbJxsv3be9gMcZF54AaABAg,❤,0,2026-09-06T10:12:00Z
2026-10-03,P016,v1,nmTzcAIBALU,Ugx_3vHWsNNdefj6gXN4AaABAg,poco x8 power both varient have same LPDDR4X + UFS 2.2. kindly recheck,2,2026-09-06T08:55:15Z
2026-10-03,P016,v1,nmTzcAIBALU,UgzIxrlnvOrloznxlL94AaABAg,Poco os ki jagah redmi user interface diya hai is baar,0,2026-09-07T07:52:40Z
2026-10-03,P016,v1,nmTzcAIBALU,UgxkZbv7FsQEQMjP-FJ4AaABAg,"Online classes and mock ke liye konsa laptop lu
Lenovo ideapad slim3 snapdragon x 
Samsung galaxy book4 i5 13th generation 
Asus ya aur konsa",1,2026-09-06T09:16:32Z
2026-10-03,P016,v1,nmTzcAIBALU,Ugw0BA4YHR_9XpL4eHp4AaABAg,"120 FPS gaming mein dega kya 
Aur 4K 30 abhyas video stable rahata hai kya",0,2026-09-06T06:59:46Z
2026-10-03,P016,v1,nmTzcAIBALU,UgzBVoy93cynbhtWDwN4AaABAg,Delhi me aap kon si jagah mein rahete ho,0,2026-09-07T07:54:12Z
2026-10-03,P016,v1,nmTzcAIBALU,UgwmFYA1CAGb55myx0x4AaABAg,Bhai gameing pc 20k customise kar ke video,0,2026-09-06T17:23:25Z
2026-10-03,P016,v1,nmTzcAIBALU,UgxPbqPHZbXpDLpJxnJ4AaABAg,bhai i want to buy an iem should i go with fiio jd10 ? please kindly reply,0,2026-09-06T07:31:12Z
2026-10-03,P016,v1,nmTzcAIBALU,UgxOMcWIzo6PmZ3bJup4AaABAg,Please upload a full review,0,2026-09-14T04:52:01Z
2026-10-03,P016,v1,nmTzcAIBALU,UgwUH8T-7fQ1py_zA9Z4AaABAg,Jab gaming ke liye phone capable hi ni hai to itni battery ka kya karna hai???,1,2026-09-06T08:23:15Z
2026-10-03,P016,v1,nmTzcAIBALU,UgzkHPLbSen_uXGnTQN4AaABAg,😊😊,0,2026-09-06T06:36:13Z
2026-10-03,P016,v1,nmTzcAIBALU,UgyaC4MCTE16Up606_N4AaABAg,Bhai CASE ladne chale gaye the kya 🎉🎉🎉🎉🎉🎉🎉🎉,0,2026-09-06T07:00:03Z
2026-10-03,P016,v1,nmTzcAIBALU,UgzCDlMyMNJHoavjrsl4AaABAg,aawaj bta rhi h ….tabiyat kharab h 😊😊😊,0,2026-09-07T08:55:25Z
2026-10-03,P016,v1,nmTzcAIBALU,UgzcT4mWwqpwCE6Dpfx4AaABAg,"Please answer this vs moto edge 70 vs poco x7 pro(if any of these two comes back in stock)  ?
I think Realme P4 power, P4 pro or Moto edge 70 fusion, 70 pro would have been better option if they were not curved",0,2026-09-16T15:22:18Z
2026-10-03,P016,v1,nmTzcAIBALU,Ugzjrvgih4drgps6hLx4AaABAg,Hum Tho Waiting For Realme 16000 Mah battery,0,2026-09-06T08:37:43Z
2026-10-03,P016,v1,nmTzcAIBALU,Ugx7Wdl_KQ-csSO35It4AaABAg,"Wrong info: 256 gb also comes with UFS 2.2 and LPDDR4x , not 5x as per Flipkart .",0,2026-09-11T02:45:02Z
2026-10-03,P016,v1,nmTzcAIBALU,Ugxs8qpTcoWuTVixS0x4AaABAg,Techbra🔥🔥🔥🔥🔥🔥🔥,0,2026-09-08T12:20:39Z
2026-10-03,P016,v1,nmTzcAIBALU,Ugy3SR-5pAFWjl0RXnV4AaABAg,Agar Ham colour mein jakar colour correction mein SRGB set karte Hain to natural colour mil jaega,1,2026-09-06T14:51:06Z
2026-10-03,P016,v1,nmTzcAIBALU,Ugx_DoX9AKMF6HjbIFV4AaABAg,tech bar sir please review oppo f31and f31 pro i have commented this in last three video so please sir,0,2026-09-06T06:40:33Z
2026-10-03,P016,v1,nmTzcAIBALU,Ugz245G3Yx7abPbxMmZ4AaABAg,Wo GEEKBENCH KE CPU AUR GPU KA BENCHMARK ADD KAR SAKTE HO🎉🎉🎉🎉🎉🎉🎉🎉🎉🎉🎉🎉,0,2026-09-06T07:10:12Z
2026-10-03,P016,v1,nmTzcAIBALU,UgygMSKRRuafH0GNRIh4AaABAg,Isme video 4k me bana sakte h update ke baad batao bhai log sab,1,2026-09-07T17:20:35Z
2026-10-03,P016,v1,nmTzcAIBALU,UgyLHAlPeH7nxvEFYvJ4AaABAg,"In 30k to 40k rang realme p4s, poco x8 power and realme p4 power which is best to buy make full comparison video on this",0,2026-09-21T11:31:08Z
2026-10-03,P016,v1,nmTzcAIBALU,UgwHeffgPknwSZTw4o94AaABAg,Speaker...?,1,2026-09-06T07:39:33Z
2026-10-03,P016,v1,nmTzcAIBALU,UgzdjK4iKR2FUTc24_J4AaABAg,sanchit Sar best tracker ka video banaa do,0,2026-09-07T16:14:05Z
2026-10-03,P016,v1,nmTzcAIBALU,Ugyi8BBX8jKTFyp5pWZ4AaABAg,"Hi brother 
Can u review BOAT Rockerz 550 plus headphones 🎧 
Plz",0,2026-09-08T13:42:19Z
2026-10-03,P016,v1,nmTzcAIBALU,UgwAt-COLdhRurRP1gZ4AaABAg,Please make video on pixel serious,1,2026-09-06T06:52:28Z
2026-10-03,P016,v1,nmTzcAIBALU,Ugwf8Fpi2e82tcC_Gx94AaABAg,What about the speakers ?,0,2026-09-06T09:29:53Z
2026-10-03,P016,v1,nmTzcAIBALU,Ugz3J1n8NU6JY79fS-94AaABAg,"I'm currently using an S22, and it developed lines on the screen after a battery replacement. Which one should I consider now?",0,2026-09-06T10:02:01Z
2026-10-03,P016,v1,nmTzcAIBALU,Ugy_gNws3roDFlv7K4R4AaABAg,Realme p4 power ❤,0,2026-09-06T07:42:40Z
2026-10-03,P016,v1,nmTzcAIBALU,Ugxqzmk8qD7bGgGYX_R4AaABAg,"Can you suggest a phone to upgrade from redmi note 12 pro 5g. Budget around 25k to 30k if possible i could stretch to 35 to 40k only if there were no options. My main priority is good performance (casual gaming), camera, battery. I also use xiaomi pad 7 so if there's any good phone in xiaomi or poco, it'll be useful with the interconnectivity.",0,2026-09-07T05:48:05Z
2026-10-03,P016,v1,nmTzcAIBALU,Ugzq707rNtn7pLvLkk54AaABAg,Thoda late nahi hogaya  video😅😂,0,2026-09-06T10:12:11Z
2026-10-03,P016,v1,nmTzcAIBALU,UgyJ9HBZbw84nD5fAAp4AaABAg,Dono good 👍 phone❤,0,2026-09-06T11:24:19Z
2026-10-03,P016,v1,nmTzcAIBALU,UgxTDhWf5_Rn4_zWJjd4AaABAg,Sd6 gen 5 supports ufs 3.1 storage type,0,2026-09-10T11:51:50Z
2026-10-03,P016,v1,nmTzcAIBALU,UgyVhQVNBLAAKuFe_V94AaABAg,Processor ka bhi batate yaar,0,2026-09-06T06:46:34Z
2026-10-03,P016,v1,nmTzcAIBALU,Ugxmzzpd_54DaeNySOt4AaABAg,Poco f7 29000 ma mil gya tha bhot acha phone ha,0,2026-09-06T08:04:41Z
2026-10-03,P016,v1,nmTzcAIBALU,UgwNva657Bu1REeXT0d4AaABAg,"My moto Edge 30 Pro runs at 52 degrees while using Insta, and 85-90 degrees while playing GTA 4",0,2026-09-06T14:35:34Z
2026-10-03,P016,v1,nmTzcAIBALU,Ugw4Je87TM1xq1b8Bgx4AaABAg,"Both are of 12 bit panel, but X8 doesn't support HDR10+ and Dolby.

When the difference is 1000mah battery, why does power give 3 to 4 days and X8 give 2 to 2 and half days 🤔?
The difference should be half an hour or one hour as both have almost same massive battery. 🧐",0,2026-09-06T15:06:25Z
2026-10-03,P016,v1,nmTzcAIBALU,UgxHmhrfFn8HhmRSJql4AaABAg,Battery drain test laiye sir 9000-10000 mah battery wale mobiles ka,0,2026-09-06T09:28:51Z
2026-10-03,P016,v1,nmTzcAIBALU,UgwECLDGX896Rvg3RI14AaABAg,Kiya semsang ke fe siris ke second hand fon pe 1 video delete aap please ❤,0,2026-09-06T07:56:06Z
2026-10-03,P016,v1,nmTzcAIBALU,UgwI8sA4xLtZvr4mT414AaABAg,I once had redmi 9 power the battery was good in 1st year and later on disappointed me with the software and the phone died before two years of use.,0,2026-09-06T12:35:54Z
2026-10-03,P016,v1,nmTzcAIBALU,UgytETg1RxIK_rUzCJJ4AaABAg,"Bhaiya main UG 1st year me hu mere pass laptop nhi h aur bina laptop k kuchh nhi  ho raha Coding kaise karu mere pass bilkul bhi ekdm paise nhi h,... mere papa bhi nhi h mummy kasm sb kuchh sach kah raha hu.... please koi laptop dedo apna koi purana hi dedo jisse main manage kr lu apni padhai.... please bhaiya ye aap k liye bahut chhoti si cheez sayad hogi but mer3 liye mera life change ho skta h🥺🥺... Please Bhaiya apna koi purana hi dedo ekdm purana m1 hi dedo",2,2026-09-06T14:03:48Z
2026-10-03,P016,v1,nmTzcAIBALU,Ugy8hp9CuGFYZh1G3c54AaABAg,Vapor cooling System  ?,0,2026-09-11T08:32:03Z
2026-10-03,P016,v1,nmTzcAIBALU,Ugzm1R4jzLsHRAmLzY14AaABAg,but the chipset for that price isn't that good,0,2026-09-06T06:36:34Z
2026-10-03,P016,v1,nmTzcAIBALU,UgzjjFCe12CKVbTrVPV4AaABAg,Vivo x200t vs oppo find x9 full details review with in 2 aur 3 days,0,2026-09-08T06:19:31Z
2026-10-03,P016,v1,nmTzcAIBALU,UgxwPQXpsKawKghrCSR4AaABAg,Moto g57 ne SD 6s gen 4 prossecor 14k me launch hua tha 😂,0,2026-09-06T14:12:34Z
2026-10-03,P016,v1,nmTzcAIBALU,UgxFZEphJ0HcJvjqTc14AaABAg,"QS 6 Gen 5 should’ve been more powerful
at least 1.2M on AnTuTu.",0,2026-09-06T07:05:35Z
2026-10-03,P016,v1,nmTzcAIBALU,UgxDgmy2y9C5YZLIvAJ4AaABAg,if the power bus under 30k then it was ok,0,2026-09-06T14:21:26Z
2026-10-03,P016,v1,nmTzcAIBALU,UgzXGkWKYAG-X_qG85d4AaABAg,"I have Honor Win RT 10,000mAh battery",0,2026-09-06T12:58:59Z
2026-10-03,P016,v1,nmTzcAIBALU,Ugwv4-Ab0xRbO4EUmrR4AaABAg,Does sd 6 gen 5 really support ufs 4.1 I don't think so ... I think it's 3.1,0,2026-09-06T12:38:11Z
2026-10-03,P016,v1,nmTzcAIBALU,UgzZqX0Wl0hCi1m8Yil4AaABAg,"PLEASE GIVE A FULL REVIEW OF REALME GT 8 PRO 
Specially the camera part 
It has 80 percent camera features and quality of oppo find x9 ultra
And price is 72999",0,2026-09-07T03:39:05Z
2026-10-03,P016,v1,nmTzcAIBALU,Ugz0qjc5AvNWCjrlku14AaABAg,In my opinion poco x8 looks better than x8 power,1,2026-09-06T15:43:58Z
2026-10-03,P016,v1,nmTzcAIBALU,Ugw8jxHOOI-M9Azxh0N4AaABAg,Battery bomb.....,0,2026-09-08T03:08:52Z
2026-10-03,P016,v1,nmTzcAIBALU,UgzowytUfh96VOzHQFB4AaABAg,Bahi Poco X8 Power me toh 128 GB variant bhi UFS 4.1 hai na???,0,2026-09-06T07:24:35Z
2026-10-03,P016,v1,nmTzcAIBALU,UgySqu9Km_nYfY6IdtR4AaABAg,F9?? Kab aaega,0,2026-09-11T17:30:55Z
2026-10-03,P016,v1,nmTzcAIBALU,UgyksU3LI2YJJpkwATJ4AaABAg,Are bhai tera video ko tho dusra chennal me re-upload kiye gaye,0,2026-09-14T20:56:46Z
2026-10-03,P016,v1,nmTzcAIBALU,UgyZdsv4LaiJH_Ab6S14AaABAg,"Yeh bass , toys jesa he 
Zero update 
No security.",0,2026-09-06T08:47:36Z
2026-10-03,P016,v1,nmTzcAIBALU,Ugw4ENJe78efyrCHDCp4AaABAg,P4s se betar hai ya nahi,0,2026-09-06T15:56:44Z
2026-10-03,P016,v1,nmTzcAIBALU,UgxyLv94iRtfQ1T5Ght4AaABAg,1:51 bhai use karne se 1% bar gai kya 😂😂,0,2026-09-08T15:10:37Z
2026-10-03,P016,v1,nmTzcAIBALU,Ugy1YX6OlsNdwAl0Rdl4AaABAg,"Please suggest between Realme p4s vs poco x8 power.
Main priority good display and rear camera quality and long term use",1,2026-09-06T08:24:56Z
2026-10-03,P016,v1,nmTzcAIBALU,UgzYCsth0n5f1g7Nd154AaABAg,6 series Ke chips Itnai costly kabhi na lu mai... 😂😂,0,2026-09-15T07:45:08Z
2026-10-03,P016,v1,nmTzcAIBALU,UgzSHzbTFxjhgjQliXZ4AaABAg,What about nord 6,0,2026-09-06T09:15:00Z
2026-10-03,P016,v1,nmTzcAIBALU,UgyTK8VlFSb28tVZD_t4AaABAg,How fast is sd 6sgen 4 because my phone has 8gb ram and 128 gb storage with ufs 2.2 and antutu score is 8lakh slightly up and down . But this poco x8 has near 9 lakh 1lakh high. My phone is moto g57 power 5g I bought it before price hike at 15k. Now it's 22k price.,0,2026-09-06T07:30:51Z
2026-10-03,P016,v1,nmTzcAIBALU,UgwwHIzUMR1PeOz05Od4AaABAg,Phone ka weight kitna hai... Ye janna to jaruri hai ki 10000 mah battery ke saath phone ka weight kitna rakha gaya hai.,0,2026-09-06T12:21:35Z
2026-10-03,P016,v1,nmTzcAIBALU,UgzY9zQJi5RQA4UH2WZ4AaABAg,Poco m2pro steel use 5 year,0,2026-09-06T07:38:16Z
2026-10-03,P016,v1,nmTzcAIBALU,Ugz2wRm_AdjGHeW3tdh4AaABAg,Poco x8 bazzles are a little bit thin than poco x8 power,0,2026-09-06T07:55:51Z
2026-10-03,P016,v1,nmTzcAIBALU,Ugz2BqwR9kUPECL27I14AaABAg,"Hi👋🏼I’m actually looking for some advice from someone experienced in photography/videography.

I’m planning to start shooting nature videos, photos, and short-form content for social media. This will be my first time doing it seriously, and for now I don’t want to carry a camera, so I’m thinking of getting a good camera phone.

My current budget is around ₹30K, but I can extend it since I’ll be purchasing on EMI. I was initially considering the OPPO Find X9 (around ₹75K), mainly because of its camera/video capabilities, but a lot of people are telling me that spending that much for my first phone dedicated to this purpose doesn’t make sense. They’re suggesting I start with something more affordable and upgrade later if I become serious about it.

Now I’m honestly confused about where I should spend. 😅 I’ve also heard mixed opinions about Vivo’s video quality, so I was considering OPPO.

Could you please suggest a few phones ranging from around ₹30K to maybe an extended budget that you genuinely think would be good for nature photography, video, and Shorts/Reels? I’d really appreciate your advice on what makes sense for a beginner rather than just buying the most expensive option. 🙏",0,2026-09-07T20:29:16Z
2026-10-03,P016,v1,nmTzcAIBALU,UgwgLXOGaATNPL7O_VB4AaABAg,pixel phone ki display par dot aa gya or out of warranty hai kya company replacement dyaga without any scratches😭😭😭,0,2026-09-07T18:55:56Z
2026-10-03,P016,v1,nmTzcAIBALU,UgxlADJCHBO8zuVvA2V4AaABAg,"नमस्ते भाई, बहुत बढ़िया और जानकारीपूर्ण वीडियो। मैं लगभग 30 हज़ार रुपये का फ़ोन खरीदना चाहता हूँ, तो क्या आप मुझे इस बजट में सबसे अच्छे फ़ोन के बारे में बता सकते हैं? iQOO z11, Moto Edge 60 Pro, Moto Edge 70, Vivo T5 और Realme P4 Pro में से कौन सा फ़ोन बेहतर है? या क्या 30 हज़ार रुपये के आस-पास कोई और फ़ोन बेहतर है?",0,2026-09-10T13:24:11Z
2026-10-03,P018,v1,cItNDOSzBK0,UgwNjotPwcnaLXL46Rd4AaABAg,Hmara phone lene ka time aaya to price bhad gye 📈😢,316,2026-09-02T07:42:16Z
2026-10-03,P018,v1,cItNDOSzBK0,UgyIoV39DCPgCOSqgUd4AaABAg,Yay I am one of first viewers! And excited! T series is known for value hopefully,19,2026-09-02T06:33:01Z
2026-10-03,P018,v1,cItNDOSzBK0,UgxVuFv-A2fXAQaQWVx4AaABAg,T4 ULTRA🔥 always king,352,2026-09-02T06:38:25Z
2026-10-03,P018,v1,cItNDOSzBK0,UgwMs2G9kxUH1U8rLPN4AaABAg,A 25k phone is now a 40k phone 🙁,132,2026-09-02T08:14:02Z
2026-10-03,P018,v1,cItNDOSzBK0,UgygpAjYgWnpANua0fJ4AaABAg,Arun Sir Often Says Alright 😂,70,2026-09-02T06:31:32Z
2026-10-03,P018,v1,cItNDOSzBK0,Ugwwdyh1eS3aoSisk4x4AaABAg,Vivo T4 Pro always King🔥,78,2026-09-02T08:01:18Z
2026-10-03,P018,v1,cItNDOSzBK0,UgyK7NrldfCLWwAwNPt4AaABAg,Curved display sunte hi skip kar diya..,54,2026-09-02T07:07:41Z
2026-10-03,P018,v1,cItNDOSzBK0,Ugz-8I0AjmnkC66a5ZN4AaABAg,अरुण Tshirt भारी आहे 👌😀 Refreshing 😄,11,2026-09-02T06:52:14Z
2026-10-03,P018,v1,cItNDOSzBK0,Ugx6Q2TEwH2uRXIQyNl4AaABAg,"Content quality lazawab hai! 👌 Ek choti si request thi—audio ko stereo channels (Left/Right separation) me mix/edit karne ki koshish karein. AMOLED display skip karke stereo speakers wala phone liya tha taaki videos me badhiya audio experience mile, par videos mono sound me hone ki wajah se wo feel hi nahi aa pa raha hai! 😅 Stereo sound add karenge toh viewing experience 10x cinematic ho jayega. Keep up the great work! 🎧🔥",5,2026-09-02T08:00:58Z
2026-10-03,P018,v1,cItNDOSzBK0,UgxEgh0ePMOI8Mf_dRZ4AaABAg,0:58 Vivo t4 mein 90 watt ka charger tha ☠️,20,2026-09-02T08:19:12Z
2026-10-03,P018,v1,cItNDOSzBK0,Ugzy3AQ74pRwlUGIZaB4AaABAg,First comment ❤,3,2026-09-02T06:31:37Z
2026-10-03,P018,v1,cItNDOSzBK0,UgxBzjKqsHjDJQqNxKB4AaABAg,Phone ka price itna jada ho gya hai ki ab to mujhe i phone bhi aek vailu for money lagne laga hai 😂,146,2026-09-02T06:32:45Z
2026-10-03,P018,v1,cItNDOSzBK0,UgxrnOZzKzMHXs0-BVh4AaABAg,That peel is not about making noise Arun. 😂 The satisfaction comes from the quiet low sound and the peeling feel.,1,2026-09-02T07:14:46Z
2026-10-03,P018,v1,cItNDOSzBK0,UgyINjdkmtYZ3ep8MLB4AaABAg,2:02 good loving the in frame edits and all nice evolution,4,2026-09-02T08:45:31Z
2026-10-03,P018,v1,cItNDOSzBK0,UgwxW0hcLFjkFHdLTwd4AaABAg,Nice editing this video.....❤,1,2026-09-02T14:17:04Z
2026-10-03,P018,v1,cItNDOSzBK0,UgxAz6wuCJ8KZpM65894AaABAg,congratulation bhi...❤,0,2026-09-02T11:14:43Z
2026-10-03,P018,v1,cItNDOSzBK0,UgxbwdJWTqC1dJaBsY14AaABAg,Kab se wait kar raha tha bhaii video ka 😅,1,2026-09-02T06:34:41Z
2026-10-03,P018,v1,cItNDOSzBK0,Ugwap9YqxsohP-s45N14AaABAg,Just 4 months ago brought t4 pro for just 22k .. Super value for money a complete photo everything i damn wanted,1,2026-09-03T18:24:16Z
2026-10-03,P018,v1,cItNDOSzBK0,UgzSnxh6oB6_9fNrrqJ4AaABAg,"Arun Sir, phone ke piche Vivo ka lettering hai😂",5,2026-09-02T06:51:12Z
2026-10-03,P018,v1,cItNDOSzBK0,UgyllFFDZtTN6Nt_T9R4AaABAg,T3 khareeda tha isse jyada isme sirf battery hai...wo 16 thousand mai liya tha ab v makkhan jeisa chl rha hai T5 lunga soch raha tha ab nahi lunga😅,3,2026-09-02T14:17:36Z
2026-10-03,P018,v1,cItNDOSzBK0,Ugy0bzOmnlgJTy9_ajR4AaABAg,fast comment ❤,0,2026-09-02T06:31:27Z
2026-10-03,P018,v1,cItNDOSzBK0,UgyJb_bde1qGmKETGx94AaABAg,Look and design badhiya hai❤,1,2026-09-02T08:01:09Z
2026-10-03,P018,v1,cItNDOSzBK0,UgweV5bLv6eI2ciqUkp4AaABAg,"Awesome Video Sir ❤
Thank you so much sir for the video 🥹🙏",0,2026-09-02T11:13:42Z
2026-10-03,P018,v1,cItNDOSzBK0,Ugzvnc8HiCTWhOU5u0V4AaABAg,Maja aya har baar ki tarah ❤,0,2026-09-04T12:50:23Z
2026-10-03,P018,v1,cItNDOSzBK0,Ugw6szTy7CJsUUg8fYZ4AaABAg,Maine kal hii realme 15 pro liya 28k mai 😊🎉,4,2026-09-02T11:58:39Z
2026-10-03,P018,v1,cItNDOSzBK0,UgzxabcuPeqyYcogJwx4AaABAg,Oppo K13 turbo pro 5g always best in this price segment🔥,8,2026-09-02T07:04:51Z
2026-10-03,P018,v1,cItNDOSzBK0,UgzJrFEmBI3O6MVBcjJ4AaABAg,some of the considerable options 👍🏻,0,2026-09-02T08:08:04Z
2026-10-03,P018,v1,cItNDOSzBK0,UgzrDzuXUoSqaSQT43F4AaABAg,1st ❤,0,2026-09-02T06:32:26Z
2026-10-03,P018,v1,cItNDOSzBK0,UgxQMr96Dnk5ZxGTtDB4AaABAg,12:00 pm ka wait kar raha tha (aap hi ka),4,2026-09-02T06:32:17Z
2026-10-03,P018,v1,cItNDOSzBK0,Ugy5A4R_VH2YhEGfrgp4AaABAg,Notification ate hi hazir😂,0,2026-09-02T06:33:10Z
2026-10-03,P018,v1,cItNDOSzBK0,UgwSpwoMhQmXdCIqqQ54AaABAg,Aa geya finally 😮,0,2026-09-02T06:33:40Z
2026-10-03,P018,v1,cItNDOSzBK0,UgystXE3xON6k7IHgNJ4AaABAg,I'm watching from vivo x300😎😎,2,2026-09-03T20:11:49Z
2026-10-03,P018,v1,cItNDOSzBK0,UgwDAgGLaBKgAnx6uTZ4AaABAg,Vivo is just like Hero-Honda Selling like hot cakes...,2,2026-09-03T06:25:07Z
2026-10-03,P018,v1,cItNDOSzBK0,UgwzRXvHpaAbRo6jbzV4AaABAg,ALRIGHT DOSTO ❤❤❤❤❤,1,2026-09-02T09:04:41Z
2026-10-03,P018,v1,cItNDOSzBK0,UgwZtiq-IZzqBiYVOaZ4AaABAg,VIVO Y400 pro on top 🔥🔥,2,2026-09-02T16:48:40Z
2026-10-03,P018,v1,cItNDOSzBK0,UgwgsbZGvOaZhLH5XHF4AaABAg,"Eka-adh baar Live unboxing kariye sir, recorded video dekh kar bor ho gya hun 😅😂😂🎉❤",1,2026-09-02T07:40:18Z
2026-10-03,P018,v1,cItNDOSzBK0,Ugw1iYGjqOzo5nCvM_h4AaABAg,📱🤳Nice Video 🤳📱,0,2026-09-02T13:58:16Z
2026-10-03,P018,v1,cItNDOSzBK0,Ugw2RenelqBAqQyK9AZ4AaABAg,Watching from v70,1,2026-09-04T19:37:39Z
2026-10-03,P018,v1,cItNDOSzBK0,Ugx8dibN7ga3qcicdFx4AaABAg,1:40 Metal❌Mentel✅,7,2026-09-02T09:18:18Z
2026-10-03,P018,v1,cItNDOSzBK0,UgyRVOyesNhlq5M6XJx4AaABAg,Hi sir main aapka sab video fasting watch karta hun 👍👍👍🫡❤️🥰🥰🥰,2,2026-09-02T06:37:06Z
2026-10-03,P018,v1,cItNDOSzBK0,UgxLlAnklrb0o1FpZh94AaABAg,Best phone,2,2026-09-02T06:32:19Z
2026-10-03,P018,v1,cItNDOSzBK0,UgwanA_OBQ3gmyPpGMF4AaABAg,Curved screen sun k video band diya 😂,2,2026-09-02T15:41:52Z
2026-10-03,P018,v1,cItNDOSzBK0,Ugx-2ppaZHYyKUq4rfF4AaABAg,Vivo s2 Unboxing Kab Ayega Bhai ..,1,2026-09-02T10:59:21Z
2026-10-03,P018,v1,cItNDOSzBK0,UgytOb-9pr_BdIQAubx4AaABAg,Judua bhai of iQOO Z11 !,0,2026-09-02T10:32:27Z
2026-10-03,P018,v1,cItNDOSzBK0,Ugz9QKXWGr0FrJcZnsJ4AaABAg,Nice T-shirt 👍,0,2026-09-02T08:30:35Z
2026-10-03,P018,v1,cItNDOSzBK0,UgxRrtqV0w8JIupNtSN4AaABAg,Aapne already IQOO Z11 ka unboxing video banaya tha same to same phone hain isse accha agar bolt ke phone ke unboxing video banate to accha raheta sir,0,2026-09-02T21:15:50Z
2026-10-03,P018,v1,cItNDOSzBK0,UgyBgueo2MyDGWCJiKt4AaABAg,Super 👍,0,2026-09-02T15:08:29Z
2026-10-03,P018,v1,cItNDOSzBK0,UgwEbaOtsQY1yrJC_7R4AaABAg,Drop test me tho kbhi koi phone ni tuta lekin in real life koi phone nahi bachta😂😂😂,1,2026-09-02T07:16:33Z
2026-10-03,P018,v1,cItNDOSzBK0,UgzLD9DJqtAP8JR_I5V4AaABAg,Vivo T4 12 GB RAM IN 25 K always King for a reason 🔥,0,2026-09-02T17:02:33Z
2026-10-03,P018,v1,cItNDOSzBK0,Ugyez1zhYEI1XNfVODl4AaABAg,Sahi hai ✔️✔️,0,2026-09-03T18:33:01Z
2026-10-03,P018,v1,cItNDOSzBK0,UgxKYYDjDkFaq_0bIGh4AaABAg,Pls tell Collab video when video start,1,2026-09-02T09:07:21Z
2026-10-03,P018,v1,cItNDOSzBK0,Ugz2FbGsCCIvLqR4gCR4AaABAg,All time all phone are unique,0,2026-09-09T03:16:46Z
2026-10-03,P018,v1,cItNDOSzBK0,Ugw_j3NxtqUHlkq7gVp4AaABAg,Very nice 👍,0,2026-09-02T17:11:14Z
2026-10-03,P018,v1,cItNDOSzBK0,UgyYVtLMPyRLwt4y7CJ4AaABAg,Vah Vivo vah   vivo t4 ke andar 90 watt charger.. Vivo t5 ke andar 44 wat super,0,2026-09-02T13:30:32Z
2026-10-03,P018,v1,cItNDOSzBK0,UgwXnK7S9lJWq4DbJqd4AaABAg,Love u sir,0,2026-09-02T13:39:07Z
2026-10-03,P018,v1,cItNDOSzBK0,UgzNBqu0rqglCGNIuwh4AaABAg,"3:12 ""You have everything here"" me conviction kam laga",0,2026-09-02T10:56:07Z
2026-10-03,P018,v1,cItNDOSzBK0,UgzDGaIsaVVAOWW2dlB4AaABAg,"Compare this with vivo s2, both feels similar",1,2026-09-03T04:30:02Z
2026-10-03,P018,v1,cItNDOSzBK0,UgxXl1qks1nRv_r6Ap54AaABAg,i think camera is more important in these days and high performace activity is normal for Iphone and iphone have amzing camera in every range. That why in high price i onlu choose Iphone.,0,2026-09-02T07:04:59Z
2026-10-03,P018,v1,cItNDOSzBK0,Ugxs_UPw7pLaoUh9ZSB4AaABAg,India's biggest tech roundtable 2026 🎉,0,2026-09-03T03:34:06Z
2026-10-03,P018,v1,cItNDOSzBK0,UgzJoyE8YuDtdlogdWZ4AaABAg,"Well! I think Realme P4s is a better option in similar price segment. You should take a look on it and compare it with Vivo T5. Vivo has been known for its camera, but in T series if we look back to T4 series , they have downgraded the camera by a very large margin in T5. 
   Realme P4s is more balanced, value for money and reasonable choice. If you prefer flat displays then it is icing on the cake, you must choose Realme P4x blindly, for the price segment.",0,2026-09-02T15:53:45Z
2026-10-03,P018,v1,cItNDOSzBK0,UgyL6tVb59iIl4R4PsZ4AaABAg,3:31 good 👍 👌 😊,0,2026-09-02T10:47:57Z
2026-10-03,P018,v1,cItNDOSzBK0,UgxVfyCelYYgzhhLFn94AaABAg,T5 Ultra kab  arha hai  trakin jii😅😂,0,2026-09-02T07:50:59Z
2026-10-03,P018,v1,cItNDOSzBK0,Ugx-eoIwUX06yh-KMxN4AaABAg,"Bhai good morning 
Huawei pura 90 ka test kar ke video daalo bhai",1,2026-09-03T03:51:09Z
2026-10-03,P018,v1,cItNDOSzBK0,UgzCAccRqX9cr7kjSkh4AaABAg,Vivo T4 Ultra ☠️☠️☠️☠️🥶,1,2026-09-09T04:46:10Z
2026-10-03,P018,v1,cItNDOSzBK0,UgzZ_7R_E050G3KlFSF4AaABAg,Over price Bro🎉❤,0,2026-09-02T08:15:48Z
2026-10-03,P018,v1,cItNDOSzBK0,UgzsbN0ZxNS11jGwnZV4AaABAg,"Apple and Samsung are known as Mega Stars for camera.
Then came Oppo and Vivo.
Now Pixel and Xiaomi. 🤠",0,2026-09-03T13:26:15Z
2026-10-03,P018,v1,cItNDOSzBK0,Ugy5rQGVHZat8CvaRTh4AaABAg,ab to unboxing dekhane ke man nahi karta . lekin aadat hai isliye dekh lete hai. kyoki price itana increase ho gaya ki apne budget se bahar ke hi hai sab phone,0,2026-09-02T09:49:22Z
2026-10-03,P018,v1,cItNDOSzBK0,UgzeGHNc-6KvLDc5qo14AaABAg,"Flat display hi sahi hai yaar, curved ka drama nahi chahiye 🤣",0,2026-09-02T07:15:20Z
2026-10-03,P018,v1,cItNDOSzBK0,Ugyp9pzJcRpbQmoTEYl4AaABAg,Make one on Tecno Camon 50 Ultra,1,2026-09-03T06:16:49Z
2026-10-03,P018,v1,cItNDOSzBK0,Ugw7dfuN3xsFZQAsFgF4AaABAg,T5 series ka sirf t5r phone bacha hai... I hope t5r under 20k mein aaye,0,2026-09-02T09:48:20Z
2026-10-03,P018,v1,cItNDOSzBK0,UgyEoZQy1Um5VQPKvQN4AaABAg,Make a new video 2026 budget phone under 25-30K with full review and compare.,0,2026-09-03T16:14:21Z
2026-10-03,P018,v1,cItNDOSzBK0,UgxJ4-ksfiZL6_Tlnux4AaABAg,I am waiting for Vivo T5x,0,2026-09-02T12:55:13Z
2026-10-03,P018,v1,cItNDOSzBK0,UgymsSOPeq43-I7znuZ4AaABAg,"ये बंदा कभी भी खराब बातें नहीं बताता 
सिर्फ और सिर्फ अच्छी चीजें बताता है 
वो भी हर वीडियो में .",3,2026-09-04T20:33:47Z
2026-10-03,P018,v1,cItNDOSzBK0,Ugyqm5gPhBIkijj4LMp4AaABAg,Hello sir please tell me camera m ai k features ache h kya ya samsung a 36 best hoga muze lena h,0,2026-09-02T07:13:58Z
2026-10-03,P018,v1,cItNDOSzBK0,UgzRJk4zuPp1uL7O43V4AaABAg,Vivo t 4 pro king ❤❤,0,2026-09-02T09:03:34Z
2026-10-03,P018,v1,cItNDOSzBK0,UgxUucdFkO6TExzGDFx4AaABAg,Price dekhke me hag diya 😂😂😂,2,2026-09-02T08:32:45Z
2026-10-03,P018,v1,cItNDOSzBK0,Ugz8-5-DqOrYTJAzFLF4AaABAg,Vivo S2  Ka review kab tak aayega,0,2026-09-03T10:02:48Z
2026-10-03,P018,v1,cItNDOSzBK0,UgxIV4ayRyfIa3kj1hF4AaABAg,Ultrawide ke jagah telephoto dena chahiye like t4 pro,1,2026-09-03T04:23:55Z
2026-10-03,P018,v1,cItNDOSzBK0,Ugw9T6nkWx_72A_nGTJ4AaABAg,Shop kaha pe hai bhai 😢😢 next video pe boldena please 🥺❤️,0,2026-09-02T17:29:56Z
2026-10-03,P018,v1,cItNDOSzBK0,UgziTpnjrgNhn24kJsh4AaABAg,Bhai oneplus 16 ka batao yrr day 2 of asking,0,2026-09-02T06:32:13Z
2026-10-03,P018,v1,cItNDOSzBK0,UgxknbpvbCjqxkwXdkl4AaABAg,T5 Ultra Kab Lunch hoga Arun Sir,0,2026-09-02T10:08:24Z
2026-10-03,P018,v1,cItNDOSzBK0,UgyHteRZ4tKQfnvzSbJ4AaABAg,"❤❤ Very Nice 👍 Video 📸 
And Love Information Vivo T5 5G New Mobile Unboxing 2026
Dear Sir Thanks 🙏🙏",0,2026-09-02T08:05:16Z
2026-10-03,P018,v1,cItNDOSzBK0,UgwtuPqxcYQPSVV7GDp4AaABAg,Sir itni din se aap ka video dekh raha hu. Mujhe adha dam me de do isko. Peisa nhi hei abhi pura😮,0,2026-09-02T06:36:12Z
2026-10-03,P018,v1,cItNDOSzBK0,UgwlyKy8CQAEPXP2KL54AaABAg,T5 ultra will be King 👑,0,2026-09-02T14:47:40Z
2026-10-03,P018,v1,cItNDOSzBK0,UgyiPQcL0Bt-5PIzVBh4AaABAg,"Chat are we finally healing, it finally seems a good phone according to price",1,2026-09-02T06:47:46Z
2026-10-03,P018,v1,cItNDOSzBK0,UgyS5yFLQz-ZER9iwJh4AaABAg,2026 me phones ko dekh ke mere ko rona aa raha hai 😢😢😅,0,2026-09-02T13:41:13Z
2026-10-03,P018,v1,cItNDOSzBK0,UgydvipX_5_Tr5CD1T54AaABAg,Sir apke ev car pe ownership review do apka perspective se plz,0,2026-09-02T06:47:53Z
2026-10-03,P018,v1,cItNDOSzBK0,Ugxa4Wv1P54crbV8oNF4AaABAg,"Humara ghumne ka baari ayi toh corona aa gaya 
Humara phone lene ka baari ayi toh Price badh gaya",0,2026-09-02T11:52:00Z
2026-10-03,P018,v1,cItNDOSzBK0,Ugx3Dxg8_RAhrmjydgB4AaABAg,Good 😊,0,2026-09-02T07:13:24Z
2026-10-03,P018,v1,cItNDOSzBK0,UgwPqsIebpkMtZPoNyd4AaABAg,Bhai apke pas jab mobile ata hai tabhi unboxing karte jao aur bad me specifacation batate jao,0,2026-09-02T06:41:37Z
2026-10-03,P018,v1,cItNDOSzBK0,Ugy3do81h5I7EUyEU_x4AaABAg,Watching on T4,0,2026-09-02T16:45:36Z
2026-10-03,P018,v1,cItNDOSzBK0,UgzfozFbspZzVzacdRd4AaABAg,Drop test table par mat karo upar se sidha floor pe hi girao.,1,2026-09-13T17:21:47Z
2026-10-03,P018,v1,cItNDOSzBK0,UgwXrpLwz-ixzNDn2rR4AaABAg,IQOO Z11 ka judva bhai 😍😍😍😍😍😍,0,2026-09-02T11:32:58Z
2026-10-03,P018,v1,cItNDOSzBK0,UgzDvVe0ccVGa-6kZmt4AaABAg,Very good phone,0,2026-09-02T06:41:37Z
2026-10-03,P018,v1,cItNDOSzBK0,UgyLYPRyDBu21ADFXKd4AaABAg,LYT vs IMX  video banaaiye,1,2026-09-02T07:27:55Z
2026-10-03,P018,v1,cItNDOSzBK0,Ugy1CoGptzBct5zkbWV4AaABAg,Bhai ek phone give away kr do itne phone ka kya krogee,0,2026-09-13T11:22:57Z
2026-10-03,P018,v1,cItNDOSzBK0,UgzYtsvhtPr7y0LGrEx4AaABAg,Vivo t5 vs Moto edge70 fusion dono ka compression ho payega ky,1,2026-09-02T08:19:29Z
2026-10-03,P018,v1,cItNDOSzBK0,UgwhSLioavrZXjgYLph4AaABAg,Bhai mobile ke price kyun increase ho rahe hai uss par ek video bana do,0,2026-09-03T02:25:20Z
2026-10-03,P018,v1,cItNDOSzBK0,UgxbOzV18eSy_kAnFqJ4AaABAg,Bhai me apki video 2024 se dekh raha hu mena apki har video dekhi hai or tabhi mujhe mobile ka knowledge aya hai bhai mujhe koi gift de sakte ho,0,2026-09-02T08:13:36Z
2026-10-03,P018,v1,cItNDOSzBK0,Ugy5rEbm2MXdgntUEit4AaABAg,Hallo sir ❤,1,2026-09-02T06:31:42Z
2026-10-03,P018,v1,6yJIMaW_V3Y,Ugw87giOvU6Nhvp9eU94AaABAg,"I am using T4Pro
And this is probably the best Phone for me
And Camera is ❤",144,2026-04-24T08:27:01Z
2026-10-03,P018,v1,6yJIMaW_V3Y,Ugy2M-r2BiQYC9XozRd4AaABAg,T4 Pro is a very good phone.,151,2026-04-22T15:20:14Z
2026-10-03,P018,v1,6yJIMaW_V3Y,UgzbQG-73Moz52HLWGB4AaABAg,T4 pro me 4+6 year update policy h bhai,93,2026-04-22T16:19:30Z
2026-10-03,P018,v1,6yJIMaW_V3Y,Ugw5P1QK7o8FnXlLEUN4AaABAg,T4pro i buy this .... honesty I'm surprised this is best you know we all cousins changed phones redmi realme all but vivo is really good,15,2026-04-24T19:26:44Z
2026-10-03,P018,v1,6yJIMaW_V3Y,UgxE6HFFzbiymckyTCt4AaABAg,"T5 pro lenge bhai, delivery ka kaam hai, din bhar bahar rehte hain, thagi to kiya hai inhone, lekin ek samasya ka hal to kiya hai, battery..",13,2026-06-21T04:48:10Z
2026-10-03,P018,v1,6yJIMaW_V3Y,UgyPgjsLWm9200271cl4AaABAg,Congratulations for 30k bro ❤,3,2026-04-22T09:00:04Z
2026-10-03,P018,v1,6yJIMaW_V3Y,UgwMlrvHLc9XX_ee40R4AaABAg,"Vivo t5 pro bhi sahi he vivo guve 2 options 
For all round and curve t4 pro
For display flat and battry t5 pro ❤",7,2026-05-15T03:13:46Z
2026-10-03,P018,v1,6yJIMaW_V3Y,Ugy8OdE_rgja1emZDa14AaABAg,Video konse camra se shoot krte ho ..? 😊,0,2026-07-24T13:51:48Z
2026-10-03,P018,v1,6yJIMaW_V3Y,UgwVD2vU7i29u2Y3zPp4AaABAg,I bought 2 people of my family vivo t4 pro but for myself both t5 pro just because of battery and display but I have future plan to buy iphone 17 pro in bbd for cameras so I don't needed t4 pro plus flat display is really good,1,2026-05-25T16:55:29Z
2026-10-03,P018,v1,6yJIMaW_V3Y,Ugy1ZagupIeNmdq_Sb54AaABAg,Bhai t4 ultra normal use meh bht heat hota hae aur performance bhi lag karta hae sach hae kya ?,3,2026-05-12T04:17:17Z
2026-10-03,P018,v1,6yJIMaW_V3Y,UgxMdDxTyvVLV93jlal4AaABAg,"Vivo t5 pro❌
iQOO neo 11 (china) with many downgrades✅",34,2026-04-22T12:10:41Z
2026-10-03,P018,v1,6yJIMaW_V3Y,UgyvLxFPR06BFBdVjd54AaABAg,"Lava virat curve is the best option 
3d curved amoled display only for 20k💪",0,2026-09-24T17:02:26Z
2026-10-03,P018,v1,6yJIMaW_V3Y,Ugz1L6oUQCJedlz2DYt4AaABAg,Par mujhe curve display pasand hein ❤,1,2026-08-08T13:22:12Z
2026-10-03,P018,v1,6yJIMaW_V3Y,Ugw0YW-3s3pcxM1zbVp4AaABAg,Mera bhi t4 pro hai bohot accha phone hai,1,2026-04-25T03:39:36Z
2026-10-03,P018,v1,6yJIMaW_V3Y,UgwT41e8qCzPKHyoS594AaABAg,"Bhaiya koi or accha sa 28k ka phone bata to pr flat display hona chahiye or gaming thik ho jaye 90fps tk but camera next level hona chahiye pr motolora, redmi, ka nhi hona chahiye phle bata degiye... Plz 😁",0,2026-06-20T14:08:31Z
2026-10-03,P018,v1,6yJIMaW_V3Y,Ugzic2LYUciub9hSfIB4AaABAg,7s gen 4 < 7 gen 4,7,2026-04-24T03:43:53Z
2026-10-03,P018,v1,6yJIMaW_V3Y,UgwqPjouCUw4Nxf69pl4AaABAg,Teliphoto diya rahta toh perfect tha mujhe pasand aya price high hi de sakte the 30k dehi rhe hi 3k aur de dete,0,2026-07-21T02:54:14Z
2026-10-03,P018,v1,6yJIMaW_V3Y,Ugzy1cLycwhA1jP7RdJ4AaABAg,"Me T4 pro use kar raha hu, aur letest phones ke price aur feature dekh ke bhagvan se yahi prathna kar raha hu ki bas mere T4 pro ko kuchh ho na jaye aur Naya phone lene ki nobat na aye",0,2026-09-24T02:09:32Z
2026-10-03,P018,v1,6yJIMaW_V3Y,UgxJkqi8AVUCOXlyoul4AaABAg,Bhai mai khud 2 din phle t5pro ko avoid krk t4 pro liya hu bas compromise kiya mujhe flat display chahiye tha but t4pro me curved display hai,0,2026-05-24T14:34:16Z
2026-10-03,P018,v1,6yJIMaW_V3Y,UgzWvkCRMP-5gqrsHrx4AaABAg,"""My phone shows 'Battery Health: Calibrating'. Why is it happening, and what is the solution?"" Vivo v60",0,2026-06-25T16:51:48Z
2026-10-03,P018,v1,6yJIMaW_V3Y,UgzCOlsrMU-iasYGcwN4AaABAg,Bhai T5 ultra aayegaa ya nhi,0,2026-07-12T13:13:36Z
2026-10-03,P018,v1,6yJIMaW_V3Y,UgxcrIwtVtyCYnU9_hF4AaABAg,Bhai gajab video banate ho ❤,0,2026-04-24T17:44:41Z
2026-10-03,P018,v1,6yJIMaW_V3Y,UgxVSr9rNBeuZgCreF94AaABAg,bhai wo t4pro ka 8-128 gb out of stock hi rehta hai,1,2026-05-21T14:48:24Z
2026-10-03,P018,v1,6yJIMaW_V3Y,Ugz2qh01ft2mYePVJut4AaABAg,"T4 pro mil kaha rha h bro,
Mujhe bhi lena h t4 pro but mil nhi rha h.
Bola jaa raha h ki t4pro bnd ho gya h",1,2026-08-07T13:25:16Z
2026-10-03,P018,v1,6yJIMaW_V3Y,UgyOaNOH6h17thBHwOd4AaABAg,"Vivo t4 pro vs vivo t5 pro vs realme 16 pro  
Camera & battery most priority 

What should I buy?",1,2026-05-28T05:32:30Z
2026-10-03,P018,v1,6yJIMaW_V3Y,UgyE0PM-cKqGyJUV34t4AaABAg,What about T1 pro 5g ?,0,2026-04-24T11:15:18Z
2026-10-03,P018,v1,6yJIMaW_V3Y,UgwAcekHWSOBQX8tO0V4AaABAg,Vi vo T5 kaisa raheg,0,2026-10-02T06:00:54Z
2026-10-03,P018,v1,6yJIMaW_V3Y,UgyLUPQFnyKKperJ_x14AaABAg,T5 pro or nord ce6,0,2026-05-18T05:26:01Z
2026-10-03,P018,v1,6yJIMaW_V3Y,UgyawodSixAQcQ3rGqd4AaABAg,Speaker single h ya dual,0,2026-04-24T19:04:29Z
2026-10-03,P018,v1,6yJIMaW_V3Y,UgyOYAMKdTzPDRihaiN4AaABAg,"Bro one question for you...
Are you using other's B-rolls if not then From where you get the all smartphones at only 30k subscriber ??",0,2026-04-25T19:28:59Z
2026-10-03,P018,v1,6yJIMaW_V3Y,Ugz2fSyp-mzAHmX2gDN4AaABAg,What about ufs 2.2,0,2026-08-17T16:57:42Z
2026-10-03,P018,v1,6yJIMaW_V3Y,Ugy7DgvRo6wZSLe3pxB4AaABAg,Pre available khaa hai,0,2026-09-02T15:23:27Z
2026-10-03,P018,v1,6yJIMaW_V3Y,UgyCe7Z3xXzDQ8nQ5MN4AaABAg,T4 pro nahi mil raha abhi offline,2,2026-06-19T14:38:02Z
2026-10-03,P018,v1,6yJIMaW_V3Y,Ugw47mkvgWmcQ33sniV4AaABAg,"Disclaimer: If you're considering the T4 Pro for cameras, think twice. Brands are cleverly downgrading older camera versions with updates to promote new phones. Don't just trust suggestions; conduct your own analysis. ❤❤❤",6,2026-04-25T10:01:04Z
2026-10-03,P018,v1,6yJIMaW_V3Y,Ugx2LKCKinXBa9Vw5fR4AaABAg,T4 pro vs vivo t5x konsa acha h,0,2026-09-30T10:53:12Z
2026-10-03,P018,v1,6yJIMaW_V3Y,UgxUWWzjecATGtK29qF4AaABAg,Muje bhi lena he koi bata skta he update ke bad camera downgrade to nahi huva na,0,2026-05-07T14:55:01Z
2026-10-03,P018,v1,6yJIMaW_V3Y,UgzNkdOaARahSoK6k8F4AaABAg,"Bhai buy too kr liya but battery 6.5 
 hours hi backup de rhi hai",0,2026-05-10T09:22:46Z
2026-10-03,P018,v1,6yJIMaW_V3Y,Ugwrz3pA8towgW863hZ4AaABAg,T4 pro lene gya tha price market dekh ke s2 le aya new launch 😅,0,2026-08-22T08:03:01Z
2026-10-03,P018,v1,6yJIMaW_V3Y,UgxOsJ6fQ4astf5EQCl4AaABAg,Bhai purana model mil nahi Raha ab😢,0,2026-08-10T18:13:16Z
2026-10-03,P018,v1,6yJIMaW_V3Y,UgxiLyDrntYxDj0IALx4AaABAg,t4 pro and t4 ultra not available at any platform,0,2026-09-17T11:45:32Z
2026-10-03,P018,v1,6yJIMaW_V3Y,UgxD31JsSr-q5dPp32p4AaABAg,The thing stopping me from getting t4 pro is the ufs,0,2026-04-24T09:15:17Z
2026-10-03,P018,v1,6yJIMaW_V3Y,UgwwPW8bEekt5jMgtSd4AaABAg,Bhai par stock mein toh ho tab buy kare na T4 pro ho koi bhi T4 ka variant stock mein hi nahi h bhai pareshan ho chuka hu yaha pe jab bhi stock mein aye gayab bas gayab bhai,0,2026-08-04T16:53:21Z
2026-10-03,P018,v1,6yJIMaW_V3Y,UgxBT4E7cG6Gn80IWJF4AaABAg,Bro t4 ultra khesa rahega T4 pro ya T4 Ultra best hai ?,0,2026-07-31T07:32:22Z
2026-10-03,P018,v1,6yJIMaW_V3Y,Ugz_U2vLyaTA_hmCmh54AaABAg,T4 ultra.,0,2026-09-24T08:21:14Z
2026-10-03,P018,v1,6yJIMaW_V3Y,UgyifrI8cuoAoKogjWx4AaABAg,P4 pro kaisa rahega,0,2026-05-20T03:24:49Z
2026-10-03,P018,v1,6yJIMaW_V3Y,Ugwt891hCm9Yc9TI69R4AaABAg,Bhai dono ke update me changes he dono ka launch time alag he na 😅,0,2026-05-10T13:44:30Z
2026-10-03,P018,v1,6yJIMaW_V3Y,UgzDgK12G7fxw1nnCoZ4AaABAg,"Ufs 2.2 to 3.1 
Lpddr4x ram to lpddr5x ram 
Larger camera sensor 
32mp selfie 
According to market no other brands gives much value in this price range",0,2026-08-12T16:25:32Z
2026-10-03,P018,v1,6yJIMaW_V3Y,Ugx2rKcxUJk2VopeuMd4AaABAg,Bhai mil hi ni rha t4pro,1,2026-07-12T05:33:55Z
2026-10-03,P018,v1,6yJIMaW_V3Y,UgyIAVm9anBoSs6iqvV4AaABAg,Ufs ka bhi difference hai,0,2026-06-03T07:26:52Z
2026-10-03,P018,v1,6yJIMaW_V3Y,Ugw9qxLvrdNWBS5-MFd4AaABAg,Dukan ma nahi mil raha hai our online bhi nahi mal raha kta karu,1,2026-06-21T12:21:33Z
2026-10-03,P018,v1,6yJIMaW_V3Y,UgxYwNtx5siVxwnkzf54AaABAg,Vai t4 pro mein 4 6 ka update 3 5 nehi,0,2026-06-05T10:12:06Z
2026-10-03,P018,v1,6yJIMaW_V3Y,UgwX0UAqGwMZAx1qFW54AaABAg,What about storage type ?,0,2026-04-26T04:20:45Z
2026-10-03,P018,v1,6yJIMaW_V3Y,Ugz00bVMwT7uSJ8Vq2h4AaABAg,Vivo t4 pro bhai abhi mil nhi rha hai apke dhyan m ho btana,0,2026-08-16T16:12:43Z
2026-10-03,P018,v1,6yJIMaW_V3Y,UgwzW75sxTjqjUHRDgN4AaABAg,Bhai me kya phone bataye hain bahi,0,2026-06-22T14:13:11Z
2026-10-03,P018,v1,6yJIMaW_V3Y,Ugxk7wdg3rXZVi9vAJ14AaABAg,watching on t4 pro,0,2026-05-20T11:50:36Z
2026-10-03,P018,v1,6yJIMaW_V3Y,UgxCWVnQ2empvDVILTl4AaABAg,Telephoto lens 💀,0,2026-04-26T15:53:47Z
2026-10-03,P018,v1,6yJIMaW_V3Y,Ugy-CUol8emQaWb3PzV4AaABAg,sab bol rhe hai t4 pro ka battery back up bekar hai,0,2026-05-12T12:21:06Z
2026-10-03,P018,v1,6yJIMaW_V3Y,Ugwj-OAulstjCM_pK514AaABAg,Mil nhi rha,0,2026-08-26T18:56:31Z
2026-10-03,P018,v1,6yJIMaW_V3Y,Ugxi7sg2ECr-NF-yVt54AaABAg,Phir bhi moto edge 70 fusion best hai,0,2026-09-23T17:45:17Z
2026-10-03,P018,v1,6yJIMaW_V3Y,Ugy3sbGESBvXWJwmCSl4AaABAg,T4 pro nhi mil rha,1,2026-07-28T04:58:24Z
2026-10-03,P018,v1,6yJIMaW_V3Y,UgyLHfF_2qy061UuNXp4AaABAg,Bhai mil kha rha hai T4 pro,0,2026-08-15T17:54:45Z
2026-10-03,P018,v1,6yJIMaW_V3Y,UgylVr9pjodxWZY_0iZ4AaABAg,Bhai bilkul iQOO neo 11 ki copy hai bas processor hi alag hai  😂😂,0,2026-07-14T09:14:41Z
2026-10-03,P018,v1,6yJIMaW_V3Y,UgzDQrFFfmWfeST7fJ94AaABAg,T4 pro to mil hi nhi rha,1,2026-07-19T13:55:20Z
2026-10-03,P018,v1,6yJIMaW_V3Y,Ugw13NgSUmsLEWaLMCF4AaABAg,Sir ye Pakistan me kab tak aa jayega😢,9,2026-04-22T02:30:59Z
2026-10-03,P018,v1,6yJIMaW_V3Y,UgygHbmKw82qd2G7JhR4AaABAg,T4 pro bhot lag karta hai pdf read karne me  if you notice because 2.2 ufs,0,2026-06-04T18:35:58Z
2026-10-03,P018,v1,6yJIMaW_V3Y,UgyvTRiml1wiiePMvV14AaABAg,Bhai mujhe flat hi chahiye to curved display ka glass lagagte lagate me 5 hjar kharcha kr diya hu v50 me,0,2026-04-24T02:39:59Z
2026-10-03,P018,v1,6yJIMaW_V3Y,UgyN2r97BDGUcqcxnRh4AaABAg,Bhai mere t 4 pro me automatic battery khatm ho Raha kya kre batao plzz,0,2026-05-20T07:09:05Z
2026-10-03,P018,v1,6yJIMaW_V3Y,UgxwrXJwCc6SlHLB2al4AaABAg,Kya koi bataega ki t4 available hi nahi hai flipkart par,1,2026-08-05T04:40:29Z
2026-10-03,P018,v1,6yJIMaW_V3Y,Ugz_G-h28vgRyKoiAMd4AaABAg,Mujhe kar diya hai 😢,1,2026-06-10T18:07:46Z
2026-10-03,P018,v1,6yJIMaW_V3Y,Ugx3FSEOias5gZxhTkl4AaABAg,T4 ultra,0,2026-09-05T16:37:24Z
2026-10-03,P018,v1,6yJIMaW_V3Y,UgyfqhjIKTXxl__XcBN4AaABAg,😮😮,0,2026-04-28T14:44:45Z
2026-10-03,P018,v1,6yJIMaW_V3Y,UgyW0kb8zHZz_jXezzp4AaABAg,T4 pro 4k 60 fps nhi deta,1,2026-05-10T12:04:27Z
2026-10-03,P018,v1,6yJIMaW_V3Y,UgyIqRb0rLjYw-sMkfF4AaABAg,Oppo is also doing same,0,2026-06-09T08:40:08Z
2026-10-03,P018,v1,6yJIMaW_V3Y,UgzZpYB0C4eh56s_ASF4AaABAg,T4 pro 12/256 order krke cancel kr diya ...kyuki curved display dil nhi maan rha yaar 😢😢 or t5 pro to 40k pe ja rha hai,0,2026-05-17T09:56:32Z
2026-10-03,P018,v1,6yJIMaW_V3Y,Ugya_-CzDQGJqPh05Ad4AaABAg,T4 pro for camera & for performance T5 pro 😂,0,2026-04-26T15:53:36Z
2026-10-03,P018,v1,6yJIMaW_V3Y,UgwMtnFWoKeSEoaWokJ4AaABAg,अरे भाई तुझे कुछ पता है तो साइलेंसर है,0,2026-09-28T14:22:16Z
2026-10-03,P018,v1,6yJIMaW_V3Y,UgzL7Ki8PuKzICX55oV4AaABAg,watching on t3 pro 🗿,0,2026-05-01T05:52:17Z
2026-10-03,P018,v1,6yJIMaW_V3Y,UgyeiKEgq4rpGMXJbNR4AaABAg,But bhai kuch bhi hoo lakin log t5pro hii buy kera ge,2,2026-04-24T01:13:01Z
2026-10-03,P018,v1,6yJIMaW_V3Y,UgxG9PINqlLNsobkQW94AaABAg,I have a t4 Pro it is very good 🙌,3,2026-04-22T11:59:18Z
2026-10-03,P018,v1,6yJIMaW_V3Y,UgzijHqRI_mshv7rLIV4AaABAg,Vivo t5 Pro 5g Lpdd4x ram Ufs 3. 1 स्टोरेज,0,2026-08-15T01:57:02Z
2026-10-03,P018,v1,6yJIMaW_V3Y,Ugw4RcRq69lo2ygXZnB4AaABAg,"Vivo t4 pro out of stock ho gaya hai 
Stock me kab aayega?",0,2026-04-25T04:54:10Z
2026-10-03,P018,v1,6yJIMaW_V3Y,UgzPnHpG6V1B6XbY0Nt4AaABAg,Mera to t3 Badiya chal raha hai,0,2026-08-25T02:14:10Z
2026-10-03,P018,v1,6yJIMaW_V3Y,Ugzbg7m1XcfqfsUN8Oh4AaABAg,#rajveer,0,2026-08-17T04:52:48Z
2026-10-03,P018,v1,6yJIMaW_V3Y,Ugyx8zVJ07lEG78EWpN4AaABAg,Me who have iQOO 15 🗿,0,2026-08-23T11:21:00Z
2026-10-03,P018,v1,6yJIMaW_V3Y,UgxJlw7jdVvF2DwT73B4AaABAg,T4 pro is not available,0,2026-09-21T22:33:46Z
2026-10-03,P018,v1,6yJIMaW_V3Y,Ugxe4REMFzFOOunHpNt4AaABAg,Same thing goes with Motorola 😂😂,0,2026-05-29T09:58:46Z
2026-10-03,P018,v1,6yJIMaW_V3Y,UgwiPtl7m1I9AX_pwI54AaABAg,Mil.kha rha hai t4 pro ultra koi bhi nhi mil rha hai,0,2026-09-18T14:09:12Z
2026-10-03,P018,v1,6yJIMaW_V3Y,UgybuWrqqnw8_JZFNTB4AaABAg,Legend using Vivo t3pro ❤❤,0,2026-05-04T06:13:47Z
2026-10-03,P018,v1,6yJIMaW_V3Y,Ugwi6ZTrj0GGmrCDiRR4AaABAg,Tu copy kyu kr ro h kisi or ki,0,2026-07-07T02:01:10Z
2026-10-03,P018,v1,6yJIMaW_V3Y,UgyYxstDXi_bd56PFal4AaABAg,T4 ultra best he bhai mere hisab se baki tum apne dekh lo,0,2026-09-27T17:58:55Z
2026-10-03,P018,v1,6yJIMaW_V3Y,Ugwk-T_MEkiPwUPf59t4AaABAg,Kuch bhi bhai flat kisi ko nhi pasand. pasand toh curve hoti hai sabko..❤😂,0,2026-04-24T08:06:38Z
2026-10-03,P018,v1,6yJIMaW_V3Y,UgxLaMou6I_eCNC_6D94AaABAg,Flat kisiko nhi pasand hai bhai 😗😗😗😗.,0,2026-04-24T02:23:07Z
2026-10-03,P018,v1,6yJIMaW_V3Y,Ugwd4ayOB90Vcoan1vp4AaABAg,T4 pro mil raha hai,0,2026-08-05T04:39:58Z
2026-10-03,P018,v1,6yJIMaW_V3Y,Ugz-bLosx_UA61hr4Ph4AaABAg,Vivo T5 pro = vivo T2 pro,1,2026-04-24T02:47:10Z
2026-10-03,P018,v1,6yJIMaW_V3Y,UgxSS9vLXIdlh9bzNKF4AaABAg,T4 pro discontinued by vivo  no phones available on market aur bbd sale me bhi nahi ayega . So faltu video banake need banana bandh karo,0,2026-09-23T07:10:21Z
2026-10-03,P018,v1,6yJIMaW_V3Y,UgwziTKZ89NeD-faq914AaABAg,Ultrawide🤡,1,2026-06-29T15:46:30Z
2026-10-03,P018,v1,6yJIMaW_V3Y,UgyQqQR2bf9txU5A2Wh4AaABAg,Yr mera x300 Ka display toot gya 15000 large hain,0,2026-04-22T15:47:39Z
2026-10-03,P018,v1,6yJIMaW_V3Y,Ugwhr5DBdvmP9L_xx-B4AaABAg,Sab brand hag rhi hai is saal,0,2026-06-27T01:23:52Z
2026-10-03,P018,v1,6yJIMaW_V3Y,UgzliaFgvAjNmb40Wed4AaABAg,Bhai tu video banana band krr bss 😊,0,2026-04-24T14:55:58Z
2026-10-03,P018,v1,6yJIMaW_V3Y,UgxfuH8vLRWulzrVTLJ4AaABAg,Vivo t4 pro se yeh vdo dekhnrhi hu 😂😂,2,2026-04-22T17:26:23Z
2026-10-03,P018,v1,9scCA4BNkBw,UgycOFWcA1LV7xeiHyV4AaABAg,i am naw using old 5 years Vivo y73 phone 😂 I am seeing the short 😂😂😂,41,2026-04-26T04:05:00Z
2026-10-03,P018,v1,9scCA4BNkBw,UgxFIqeYs6P51ShbjQF4AaABAg,Compact version (lighter) required,19,2026-04-21T02:42:28Z
2026-10-03,P018,v1,9scCA4BNkBw,Ugzc9XZ8k8WkokGsX8J4AaABAg,Software support kitne saal ka hai? Please include that in all videos,7,2026-04-21T14:20:08Z
2026-10-03,P018,v1,9scCA4BNkBw,UgysYWB7K5QOp3uB4HZ4AaABAg,Your camera name with series. That you used for record your video,8,2026-04-25T03:37:18Z
2026-10-03,P018,v1,9scCA4BNkBw,UgxT0l7Y2bdA5CmxZ2t4AaABAg,4k 60fpps video playback support करता है?,0,2026-09-05T11:31:22Z
2026-10-03,P018,v1,9scCA4BNkBw,Ugy8SaZgJs3HgfVMiIN4AaABAg,Aapka camera kon sa hai jisse record ho raha hai?,0,2026-04-24T11:07:29Z
2026-10-03,P018,v1,9scCA4BNkBw,Ugyh8oEmS8hujaJmd3J4AaABAg,Vivo ❤🔥✌️,2,2026-06-10T20:57:22Z
2026-10-03,P018,v1,9scCA4BNkBw,Ugyfry8U1vdAUAVdv3h4AaABAg,Vivo wala yeha phone launch karke bhi itna kucsh nahin hua bhai tu jitna khush ho raha hai😂,0,2026-06-29T18:22:52Z
2026-10-03,P018,v1,9scCA4BNkBw,Ugzts6dSh3U0g5Ycewx4AaABAg,I am using vivo z1 pro since Aug 2019 still same as before. It depends how you use phone. I have to buy new because some apps requires updated OS otherwise i am not willing to chane my phone.,9,2026-05-04T21:04:49Z
2026-10-03,P018,v1,9scCA4BNkBw,UgwXiItPcG1qekKvUNJ4AaABAg,❤❤❤❤❤,4,2026-04-20T17:22:28Z
2026-10-03,P018,v1,9scCA4BNkBw,UgzHn65j1W7dLsQoRVx4AaABAg,Under 25k tak sahi hai,3,2026-04-24T13:01:51Z
2026-10-03,P018,v1,9scCA4BNkBw,UgxykwWVpb7Q-cKENDR4AaABAg,I am using vivo y20i 5 saal se aur ab tak chal rha h 😅,2,2026-05-03T17:36:32Z
2026-10-03,P018,v1,9scCA4BNkBw,UgzTEAjrxlKiM_MYl2B4AaABAg,Lena chaiye ya nhi 31k main (8/256),2,2026-04-22T04:01:53Z
2026-10-03,P018,v1,9scCA4BNkBw,UgxF74HZHCMPbjaedXR4AaABAg,Esase acha h IQneo 10r,2,2026-05-14T05:36:18Z
2026-10-03,P018,v1,9scCA4BNkBw,Ugz8c6FVXSX4EbJ7xw94AaABAg,Sd card support hai?,0,2026-08-12T15:03:40Z
2026-10-03,P018,v1,9scCA4BNkBw,UgxZZ7MyYaS_VoSUN_54AaABAg,❤❤❤❤❤🎉🎉🎉,1,2026-05-23T09:45:30Z
2026-10-03,P018,v1,9scCA4BNkBw,Ugx0Z7bMMW0woHPED-h4AaABAg,Process Not Value For Money,4,2026-05-01T17:51:11Z
2026-10-03,P018,v1,9scCA4BNkBw,Ugzf4vcRkSXI0di1wRJ4AaABAg,Day by day iski price bad rahi hai,1,2026-08-22T06:25:52Z
2026-10-03,P018,v1,9scCA4BNkBw,UgwIfK0jWV0n1K7OTCh4AaABAg,Price jyada hai❤,1,2026-07-28T09:34:29Z
2026-10-03,P018,v1,9scCA4BNkBw,UgzlOhFC4QbWBikGLjB4AaABAg,Legend watching t5 pro,1,2026-07-23T16:22:29Z
2026-10-03,P018,v1,9scCA4BNkBw,UgwvnYyMT3tizvpCeal4AaABAg,🗣️Bhai please ek phone gift kar do padhai karne ka leya please please🙏🙏 vivo t5 pro please,0,2026-07-16T16:11:01Z
2026-10-03,P018,v1,9scCA4BNkBw,UgzOB5Fldvvd3V67Ufl4AaABAg,Cemre me hagvrakha hai,0,2026-05-21T15:37:47Z
2026-10-03,P018,v1,9scCA4BNkBw,Ugw3ioQRjxMHjb-KAEx4AaABAg,Iski sahe price kya honi chaiye,10,2026-04-20T16:45:56Z
2026-10-03,P018,v1,9scCA4BNkBw,UgxL6i3fPmSCcAoOf3B4AaABAg,Best phone,0,2026-09-24T21:10:02Z
2026-10-03,P018,v1,9scCA4BNkBw,UgxDb6d7taxq9456np54AaABAg,I am the user of t5 pro,0,2026-09-12T08:49:27Z
2026-10-03,P018,v1,9scCA4BNkBw,UgxYXr95ixS4viLtZkZ4AaABAg,Rear camera module is very old 😂,1,2026-08-22T12:27:11Z
2026-10-03,P018,v1,9scCA4BNkBw,Ugy4Xj5C3S6yXcmqNLB4AaABAg,Bhai mere pass  h jyada kuch khass nhi h battery ke alava😂,2,2026-06-07T02:00:54Z
2026-10-03,P018,v1,9scCA4BNkBw,UgzvSKIrFC-cDWpE-ct4AaABAg,Vivo u20 7 year ho gaye,0,2026-06-21T01:27:42Z
2026-10-03,P018,v1,9scCA4BNkBw,Ugwfl5WPAN1_us-FkY94AaABAg,34k Main Lena Sahi Rahega 😂😂😂,4,2026-04-20T08:47:05Z
2026-10-03,P018,v1,9scCA4BNkBw,Ugzo1j3icgGnMmObwe94AaABAg,Vivo best phone 🎉,0,2026-09-02T02:02:49Z
2026-10-03,P018,v1,9scCA4BNkBw,UgzZwdhVAwPCYF2b-PJ4AaABAg,Bhoat se log bolre hai vivo t4 pro is se acha hai,0,2026-05-29T10:48:51Z
2026-10-03,P018,v1,9scCA4BNkBw,Ugz0h4JuWtcvJf50mmB4AaABAg,Ye 20000 ka hona chahiye tha,2,2026-04-30T09:12:49Z
2026-10-03,P018,v1,9scCA4BNkBw,UgwOfm7awRUIHlihcDd4AaABAg,Firvv 35 thousand bahot hota h bro,0,2026-08-08T16:16:53Z
2026-10-03,P018,v1,9scCA4BNkBw,Ugx2sm2OWD7LoUBGP954AaABAg,Accha mazak hai 😆,0,2026-06-20T02:44:01Z
2026-10-03,P018,v1,9scCA4BNkBw,Ugw-bN2AyXmOgQYFP9l4AaABAg,"Tu bolna Kya Chahta hai 66, 68 ya fir 68, 69",0,2026-07-03T10:27:29Z
2026-10-03,P018,v1,9scCA4BNkBw,UgxmHJE3Gabh4cnJf994AaABAg,Why degrade?😂,0,2026-08-26T21:10:01Z
2026-10-03,P018,v1,9scCA4BNkBw,Ugxm5g2JOWtac0cBXu94AaABAg,Camera mein low light mein achcha nhi,1,2026-06-28T05:37:19Z
2026-10-03,P018,v1,9scCA4BNkBw,Ugxos6KStMz0LcXT82B4AaABAg,Paid promotion 😂now 46 hai,0,2026-09-03T11:17:58Z
2026-10-03,P018,v1,9scCA4BNkBw,UgzEbpcx0SbwB3nfZi54AaABAg,Watching vivo t5 pro,0,2026-07-01T03:32:14Z
2026-10-03,P018,v1,9scCA4BNkBw,UgxsXXOqHXTSwmyrLvZ4AaABAg,30k me lena chahiye,2,2026-04-21T18:34:04Z
2026-10-03,P018,v1,9scCA4BNkBw,UgwA4euXJf2iRMRkOTd4AaABAg,Bhai mat lena bahut bekar Fon h 😢,0,2026-07-02T15:44:21Z
2026-10-03,P018,v1,9scCA4BNkBw,UgwOCn62Pxce_hAyobt4AaABAg,"Don't buy this phone 
Ye sab paid ad he low quality camera 
This phone looks like under 20000",1,2026-07-20T03:17:11Z
2026-10-03,P018,v1,9scCA4BNkBw,UgxCjn3w-7efMglUV1Z4AaABAg,Update kitne saal k,0,2026-04-20T16:23:25Z
2026-10-03,P018,v1,oJDuO1297wo,UgwLIpTFcM-JRszVUZx4AaABAg,camera is the main culprit. vivo ne bahut bekar kaam kiya,74,2026-04-15T08:13:52Z
2026-10-03,P018,v1,oJDuO1297wo,UgwX7CM-nCVKDj0sVMN4AaABAg,ViVO wala isko advertisement ka paisa nahi diya😂,76,2026-04-22T17:27:45Z
2026-10-03,P018,v1,oJDuO1297wo,UgzWAThGdjqiW1OB5Ap4AaABAg,Watching this video from t5pro 😂😂😂...i don't know abt u guys but I'm actually impressed by this device 🎉🎉❤,36,2026-06-20T18:37:44Z
2026-10-03,P018,v1,oJDuO1297wo,UgwXvkvwpnvEzjEUrZZ4AaABAg,They did two wrong things first one to remove telephotic lens and Less effective processor.,1,2026-06-21T19:50:23Z
2026-10-03,P018,v1,oJDuO1297wo,UgyYIEiFQkI83MG0tol4AaABAg,Bhai mujhe camera se lena dena nahi mujhe bass gaming karni hai free fire toh kya yeh phone sahi rhega bina lag ke 90fps chla dega kya,2,2026-04-19T07:36:48Z
2026-10-03,P018,v1,oJDuO1297wo,UgwJtsZ99-xs9fZr6vh4AaABAg,Best phone,6,2026-04-30T11:46:09Z
2026-10-03,P018,v1,oJDuO1297wo,UgwEYNGCAMwZ704OKcx4AaABAg,Storage type mein ghatiya Hai Vivo t4 Pro because lpddr4x Ram Hai aur 2.2 storage type hai even iska processor bahut achcha hai lekin fir bhi slow hai compare Vivo t5 Pro aur antutu score bhi kam hai kyunki Vivo ka t5 Pro ka 1.2 million Nikal Gaya Hai jabki uska bus 1 milian Hai t4 Pro ka,2,2026-05-20T18:28:58Z
2026-10-03,P018,v1,oJDuO1297wo,UgyN5CZIaq-sWgd_7xF4AaABAg,"Heyy I'm content creator (artist) 
I need ""best camera"" but with it
IP69
Best battery (fast charging)
No heating 
258 gb storage 
 

Should I buy this or other 
But send me options under 30k and 35k",0,2026-05-15T16:25:51Z
2026-10-03,P018,v1,oJDuO1297wo,UgwGpnUXrXwUisK08a54AaABAg,Bhai Audio jack hi nahi hi,1,2026-06-16T18:13:57Z
2026-10-03,P018,v1,oJDuO1297wo,Ugz-6cJ2i7Z0mCZWGRt4AaABAg,🎉🎉🎉🎉,4,2026-04-16T10:49:44Z
2026-10-03,P018,v1,oJDuO1297wo,Ugz8utjDeCl-0TjYE4B4AaABAg,Wow❤,0,2026-05-07T16:43:40Z
2026-10-03,P018,v1,oJDuO1297wo,UgyJUgCr72HrU-Z8sp94AaABAg,"Kya Nothing phone Lena better hai,iske compare mai",1,2026-05-05T03:04:28Z
2026-10-03,P018,v1,oJDuO1297wo,UgzqPIbhoRXGrNRwqCh4AaABAg,Guys iski baat nai manna best phone he 28k me completely outstanding phone go without doubt ❤❤,0,2026-05-16T18:48:25Z
2026-10-03,P018,v1,oJDuO1297wo,Ugx4KpKPjUjYUc-7Xix4AaABAg,Watching in vivo t5 pro 💥,7,2026-06-27T17:15:55Z
2026-10-03,P018,v1,oJDuO1297wo,UgxipPut9Usa4jYzEcN4AaABAg,telephoto miss hai,1,2026-04-16T19:34:23Z
2026-10-03,P018,v1,oJDuO1297wo,Ugynt1yPDyT4P9pII5Z4AaABAg,Pagla gaya kaha 29k or kaha 39k 😅,20,2026-04-23T13:10:25Z
2026-10-03,P018,v1,oJDuO1297wo,UgxKE7cXOPAlPNOj_Wl4AaABAg,"T5 pro se hi video dekh raha hu 😁. Gaming experience not bad, camera is    average , battery is so big so you can wacth anything continue 16 hour + 👍",21,2026-05-28T05:35:09Z
2026-10-03,P018,v1,oJDuO1297wo,UgwFNh_0BZ_kmFUkwIJ4AaABAg,Price bhi bata diya karo dono ka 8000 ka fark h,0,2026-07-29T12:28:34Z
2026-10-03,P018,v1,oJDuO1297wo,UgyJZdq2c9DCckTwBex4AaABAg,Nord 6 me kaun sa periscope sensor hai😂,2,2026-04-15T15:40:26Z
2026-10-03,P018,v1,oJDuO1297wo,Ugz6dg2DzLpCIceucr14AaABAg,Abee nord 6 hai bhi to costly,0,2026-05-23T17:02:19Z
2026-10-03,P018,v1,oJDuO1297wo,UgwUfxNslIuVWRcsxZV4AaABAg,Phone to heavy hai but battery khtm hi nahi hori bhai 2 din se charge nahi kiya 😂😂😂,0,2026-08-20T18:15:38Z
2026-10-03,P018,v1,oJDuO1297wo,UgwInu2YzKgr2U7auRR4AaABAg,Bhai Aaj he liya hu mereko to accha laga ❤,0,2026-07-11T14:26:18Z
2026-10-03,P018,v1,oJDuO1297wo,UgzRHSZKDSitSgTsThh4AaABAg,गजब बंदे हो यार तुम। वनप्लस नोट 6 इससे 9000 महंगा भी तो है। कैसे बोल दिए कि इसकी जगह उसको ले लो?,0,2026-04-30T03:01:59Z
2026-10-03,P018,v1,oJDuO1297wo,UgwyQInieSJnH9NYwT14AaABAg,Bhai par Market ka hal to pata hai na,0,2026-09-25T15:33:17Z
2026-10-03,P018,v1,oJDuO1297wo,Ugy4-NvPXlHWJFpU7B54AaABAg,Acha phone hai vivo t5 pro,1,2026-06-05T16:10:10Z
2026-10-03,P018,v1,oJDuO1297wo,UgysJa24zydLQ3Q_hJR4AaABAg,Same 😂😂,0,2026-05-07T02:20:53Z
2026-10-03,P018,v1,oJDuO1297wo,UgzA-jaWhNSMrkOE-C94AaABAg,Prize bhi to bhai 8 9 hajar kam hai compare to nord 6 to compromise to hoga hi otherwise best ph hai regular use k lia aur nord 6 k sath vali prize hoti to ye review barabar hota,3,2026-04-21T07:46:47Z
2026-10-03,P018,v1,oJDuO1297wo,UgzYbJ9JDaTkD1cnO3R4AaABAg,Everything is not perfect know that,1,2026-06-10T10:40:31Z
2026-10-03,P018,v1,oJDuO1297wo,UgyCqGAESDUX-82WH_J4AaABAg,Bhai tum vivo t4 pro manga doge bhai❤❤😊😊,0,2026-08-11T20:20:11Z
2026-10-03,P018,v1,oJDuO1297wo,UgxrajTmBMwecU3cA6d4AaABAg,Me to 200 ki bear piunga moz jarunga,4,2026-05-03T03:40:42Z
2026-10-03,P018,v1,oJDuO1297wo,UgzlT_h3zFgqguTbkI94AaABAg,Bhai le liye hain,0,2026-07-10T15:04:06Z
2026-10-03,P018,v1,oJDuO1297wo,UgxoolHktklGsy4acxF4AaABAg,Vivo y51 pro mobile liya tha maine iska camera quality bahut kharab thi itani kaharab ki 5000 rs kay mobile issay accha hota company nay v koi response nahi diya or may bahut pareshan ho gaya tha phir 1month chalakar 10000 loss may dokan bale ko bapas kiya,0,2026-06-16T08:30:15Z
2026-10-03,P018,v1,oJDuO1297wo,Ugxg5i0zsmjJXA-HUQB4AaABAg,T5 pro se video dekh raha hun 😅😅,4,2026-06-12T03:48:36Z
2026-10-03,P018,v1,oJDuO1297wo,UgxP9qy_E8Lg-gH6Gbp4AaABAg,"Camara, security update, battery t5 pro me bahuth accha hai❤❤",0,2026-08-29T15:19:35Z
2026-10-03,P018,v1,oJDuO1297wo,UgyaAdwvcMgvA0LdlGd4AaABAg,Video dekne k baad ja kar le liya vivo t5 pro,0,2026-08-29T18:54:35Z
2026-10-03,P018,v1,oJDuO1297wo,UgySg779qR4gCdfzrf54AaABAg,One of the best phone,0,2026-09-07T23:25:01Z
2026-10-03,P018,v1,oJDuO1297wo,UgypoH1B00eMx5CT9wx4AaABAg,Mai gamer hu so mai 120 FPS ke liye pighal gya😂,5,2026-05-22T20:25:44Z
2026-10-03,P018,v1,oJDuO1297wo,Ugwzp7b_-vcM_dt6osZ4AaABAg,कॅमेरा लू क्या फिर फोटो निकालाने ke लिये सोनी का,0,2026-07-19T21:53:58Z
2026-10-03,P018,v1,oJDuO1297wo,UgwjAN0j0qtdg7MUrb14AaABAg,😂😂,0,2026-05-27T06:55:28Z
2026-10-03,P018,v1,oJDuO1297wo,Ugxcx1kExuFMSWdPIXd4AaABAg,"Delivery walon ke liye sahai hai, maine liya hai...pure din",0,2026-09-20T15:55:29Z
2026-10-03,P018,v1,oJDuO1297wo,UgxI32Nc9mUO7vi6XAZ4AaABAg,I am watching this video with this phone vivo t5 pro 😂,0,2026-09-01T14:22:36Z
2026-10-03,P018,v1,oJDuO1297wo,UgwwHVIe6GVVMoWZadt4AaABAg,Aur 10000 tera baap dega😂😂,0,2026-05-18T12:25:38Z
2026-10-03,P018,v1,oJDuO1297wo,UgwgxmbIqwpemzd_SS54AaABAg,Bhai yah tumhen chuna Laga Di Hai Kya Kya Vivo wali,0,2026-06-13T02:12:00Z
2026-10-03,P018,v1,oJDuO1297wo,UgxNK65Kxn-KiWOl5AB4AaABAg,Main to le liya 😂😂😂😂,1,2026-05-30T17:47:56Z
2026-10-03,P018,v1,oJDuO1297wo,UgwTyRZLkdjM5fA3vxB4AaABAg,Vivo t4 pro kadak hi cemara,0,2026-08-29T21:23:19Z
2026-10-03,P018,v1,oJDuO1297wo,Ugyi59m3TxSZFLyS9H14AaABAg,vivo company ko mail karo app bahat jaada gyan pel rehi ho,0,2026-06-01T07:58:25Z
2026-10-03,P018,v1,oJDuO1297wo,Ugw7DfjUkRJ5Fm-FjcJ4AaABAg,Ek number phone hai,8,2026-04-16T03:16:10Z
2026-10-03,P018,v1,oJDuO1297wo,UgynKry5bm-KwPYdU4B4AaABAg,Nord 6 is far better than this under 40K,0,2026-09-02T08:06:27Z
2026-10-03,P018,v1,oJDuO1297wo,UgwwvNAa6r4FbxryEM14AaABAg,Ho gya lose 😢,0,2026-07-19T17:22:57Z
2026-10-03,P018,v1,oJDuO1297wo,Ugyf--gm6deTI-e2OLd4AaABAg,"iQOO Neo 11 😢😢 Vivo t5 Pro 😂😂😂😂
🤡🤡✅✅",0,2026-08-19T03:58:46Z
2026-10-03,P018,v1,oJDuO1297wo,UgxQnFy-YYPL5jeCzhl4AaABAg,Don't buy t5 pro charging just 5hours coming,0,2026-09-08T17:27:51Z
2026-10-03,P018,v1,oJDuO1297wo,UgyslzbGIkgoIhU87gt4AaABAg,Kya tum kharid kiya aur abhi 😭 karte ho..,0,2026-05-13T01:13:40Z
2026-10-03,P018,v1,oJDuO1297wo,UgwYoh3_xuxiG-EtauJ4AaABAg,Bhai jo bta rahe wo ma vivo t5 pro mme hi dekh raha 😎😎,0,2026-06-30T16:27:33Z
2026-10-03,P018,v1,oJDuO1297wo,UgzTBiIZciEXTiHFOZx4AaABAg,"Nord 6 ❌
Nord 5 ☑️",6,2026-04-15T06:57:08Z
2026-10-03,P018,v1,oJDuO1297wo,UgxIqJUdTEDmmMAeSgl4AaABAg,Abe sale me lene wala hu kya h hai don't buy hat me lene wala hu Aisa mat bolo thike,0,2026-08-06T10:18:01Z
2026-10-03,P018,v1,oJDuO1297wo,UgwDAyt6y_J0roOXWTh4AaABAg,"T5 pro to pta nhi pr t5x use kr ra hu .
8 256  gb 
7200 mah battery❌   battera☑️

Bdiya phn h t series",0,2026-08-14T17:10:46Z
2026-10-03,P018,v1,Jn5k70ZMZIs,UgwpJ2loQkXqcw28XOB4AaABAg,Look wise it's awesome. But too costly.,19,2026-09-03T10:02:10Z
2026-10-03,P018,v1,Jn5k70ZMZIs,Ugyu5rrxiMmnSx7gFT14AaABAg,Vivo S2 V/S T5 comparison video banao,18,2026-09-02T07:26:29Z
2026-10-03,P018,v1,Jn5k70ZMZIs,UgxCPZhjHdEE_r5qlat4AaABAg,Your first viewer 😂😂,1,2026-09-02T06:33:44Z
2026-10-03,P018,v1,Jn5k70ZMZIs,Ugz1-XJkPumRkdcHUR14AaABAg,Realme p4 pro 5g bgmi test brother brother,3,2026-09-02T11:41:55Z
2026-10-03,P018,v1,Jn5k70ZMZIs,Ugzd_1dfaat_LGFwTIJ4AaABAg,Price estu,4,2026-09-05T12:15:14Z
2026-10-03,P018,v1,Jn5k70ZMZIs,Ugywj20nRyFdZB70z-Z4AaABAg,Ishme cover change karna chaiye company ko❤,1,2026-09-08T01:47:22Z
2026-10-03,P018,v1,Jn5k70ZMZIs,UgyvdY-KviiD_H2DbDR4AaABAg,Price,0,2026-09-13T14:59:40Z
2026-10-03,P018,v1,Jn5k70ZMZIs,Ugz1LGawbTk5kyGYHuZ4AaABAg,Price kya hai,0,2026-09-02T08:40:51Z
2026-10-03,P018,v1,Jn5k70ZMZIs,UgwVZIqY5_X0cYisjYp4AaABAg,Camera zooming kitna hai,1,2026-09-03T13:39:42Z
2026-10-03,P018,v1,Jn5k70ZMZIs,UgxaIH4j5X0T2xj0mjJ4AaABAg,❤❤❤❤,1,2026-09-02T06:49:05Z
2026-10-03,P018,v1,Jn5k70ZMZIs,UgzPWU3spO1aeu56xoh4AaABAg,25k phone abb 40k 😂,1,2026-09-20T16:36:31Z
2026-10-03,P018,v1,Jn5k70ZMZIs,Ugx4G4vztTqo2zi_QiZ4AaABAg,s2 or inme kya fark he dono me sirf naam ka fark he,0,2026-09-09T11:50:39Z
2026-10-03,P018,v1,Jn5k70ZMZIs,UgyFpEiO-RY6iTzDL5V4AaABAg,❤,0,2026-09-05T15:03:26Z
2026-10-03,P018,v1,Jn5k70ZMZIs,UgxqeCtsAb8JuG99ehh4AaABAg,T4 90 watt charger and T5 44 watt charger why??,8,2026-09-04T14:09:54Z
2026-10-03,P018,v1,Jn5k70ZMZIs,UgwBIkDNibBrksI8wcx4AaABAg,Ear phones pettukone pin leedhu,0,2026-09-19T03:18:29Z
2026-10-03,P018,v1,Jn5k70ZMZIs,UgyJzPOrHyiinBNEX4R4AaABAg,Nfc☝️,0,2026-09-07T18:17:22Z
2026-10-03,P018,v1,Jn5k70ZMZIs,UgyTWF57A0ANLcMaGyx4AaABAg,Achchha,2,2026-09-06T15:19:41Z
2026-10-03,P018,v1,Jn5k70ZMZIs,UgwxqXmwboML9oMbjCl4AaABAg,Pakistan price kaha ha,1,2026-09-06T21:00:53Z
2026-10-03,P018,v1,Jn5k70ZMZIs,UgzFKSAQ3B-gDx6-uMt4AaABAg,Iska look a ha hai lekin hmne jo phle liye wo bekar sath me cemra bhi bekar  waste money phone 😮😂,1,2026-09-04T05:06:47Z
2026-10-03,P018,v1,Jn5k70ZMZIs,UgxE05o-KfVj-y62m2B4AaABAg,Price jyada ho gya h,0,2026-09-13T09:49:07Z
2026-10-03,P018,v1,Jn5k70ZMZIs,UgxCIFJBgPwn0Q0NePh4AaABAg,Paisa jada hai 25000 tak hona chahiye tha iska price,0,2026-09-20T07:55:04Z
2026-10-03,P018,v1,Jn5k70ZMZIs,UgxeuKE_Uj4o0qbta254AaABAg,Koi na le ise charger 44 watt itna high price,0,2026-09-25T01:30:27Z
2026-10-03,P018,v1,Jn5k70ZMZIs,UgzjxVQ7yYcbA0yI6rJ4AaABAg,Don't buy,0,2026-09-04T07:58:52Z
2026-10-03,P018,v1,Jn5k70ZMZIs,Ugwtb0JZJGYhjoN5ST14AaABAg,Me lekar pachta raha hun 😢 aap log bhool se bhi ye mobile 📱 mat lena please,1,2026-09-17T05:43:35Z
2026-10-03,P018,v1,Jn5k70ZMZIs,Ugx5111V36-jyQ2I4ZZ4AaABAg,Bhut mehenga phone h 8+256gb 45000 ka ise lena toh bebkoofi h isse acha vivot4pro ya realme p4pro lakh gunah behtar h har chiz me me toh wahi dono me se ek phon lene wala hu,1,2026-09-02T13:06:20Z
2026-10-03,P018,v1,Jn5k70ZMZIs,UgzlIvCM4XZOPlcDZMV4AaABAg,Money waste,1,2026-09-06T10:56:39Z
2026-10-03,P018,v1,Jn5k70ZMZIs,UgwS_VwzIF9dM1vJQHt4AaABAg,Bakwaas Phone,0,2026-09-25T05:29:26Z
2026-10-03,P035,v1,3XEcmdzAUAY,Ugz_9rO0GuGAlcGVITZ4AaABAg,"TechMaster भाई, कम समय में इतना interesting और unique content दिखा देते हो, यही आपकी खास बात है। वीडियो short होते हैं लेकिन मज़ा पूरा आता है। ऐसे ही बनाए रखो 👍🔥",122,2026-01-09T12:40:36Z
2026-10-03,P035,v1,3XEcmdzAUAY,UgxzZHwADHNkIW_mQLp4AaABAg,Maa Saraswati Kasam Jo Exam mein fail hone ki Kasam dega wo mar jayega 100% 😂😂 💯,446,2026-02-23T19:45:48Z
2026-10-03,P035,v1,3XEcmdzAUAY,UgymZ3Wk5no4mGgV_Ql4AaABAg,Beta rock papa shock 😂😂,227,2026-01-09T12:32:01Z
2026-10-03,P035,v1,3XEcmdzAUAY,Ugz4oI7Ws2hehUjrMSJ4AaABAg,Mummy kuchh jyada jawan nahi hai😂😂😂😂😂😂😂😂😂😂😂😂😂😂,183,2026-01-19T02:38:19Z
2026-10-03,P035,v1,3XEcmdzAUAY,Ugw4oh3OoxUQZohE70R4AaABAg,"Tech Master's on another level! 🙌 Can't wait for the next video 😎""",17,2026-01-09T17:15:30Z
2026-10-03,P035,v1,3XEcmdzAUAY,UgzSdYeiIpK5J1ApAtF4AaABAg,Bhai luch bhi aap ki jo bhi script likhta hai bahut badiya likhta hai good content bhai ❤❤,5,2026-02-23T02:10:30Z
2026-10-03,P035,v1,3XEcmdzAUAY,UgwN3mS_4zA6JS0I5ep4AaABAg,"New line : ""kaun kaun 2026 me dekh rha hai"". Since new year 😂😂",89,2026-01-09T12:53:33Z
2026-10-03,P035,v1,3XEcmdzAUAY,UgyoVr4tzYfLjARP6-B4AaABAg,Bhai yar is ke marketing stretagy to kamal ke hai ❤,4,2026-01-10T11:54:31Z
2026-10-03,P035,v1,3XEcmdzAUAY,UgwRiTSuvszFaU2S9il4AaABAg,Ye baccha he koi😂😂,227,2026-01-09T12:31:20Z
2026-10-03,P035,v1,3XEcmdzAUAY,Ugxnq6WZFci2oh7OQCJ4AaABAg,Akhir me Jeet papa ki hui 😂... Content bohot accha hai 😊.. aisehi banate raho ekdin aap asia ke top tech youtuber banoge inshallah ❤,4,2026-02-22T09:41:59Z
2026-10-03,P035,v1,3XEcmdzAUAY,UgyGrSlaAdCVBcYuayZ4AaABAg,Superb bro . Apki video mujhe bohot pasand aati hai,9,2026-01-10T16:00:28Z
2026-10-03,P035,v1,3XEcmdzAUAY,UgzbjPasLjziG0qygYR4AaABAg,"“Bhai jab bhi phone lene ka sochta hoon, sabse pehle aapki video dekhta hoon 😊 Kyunki aap sirf features nahi batate, sahi guidance dete ho. Aap jaise creator milna mushkil hai 🙏❤️”",8,2026-02-27T18:31:25Z
2026-10-03,P035,v1,3XEcmdzAUAY,UgzebbmnQrkw5KSPYEh4AaABAg,Respect the guy who said 'Hi',14,2026-01-10T09:11:48Z
2026-10-03,P035,v1,3XEcmdzAUAY,UgwDwhEjznV5IWdlEQx4AaABAg,Kya style hai bhai add presentation ka😂❤,1,2026-07-23T09:26:17Z
2026-10-03,P035,v1,3XEcmdzAUAY,Ugy4EW-WGVKMYL6Zblt4AaABAg,"Sir, aap sirf gadgets nahi dikhate, aap unke peeche ki story bhi dikhate ho ❤️ Papa ke saath wala moment dil jeet liya 🔥 Aap jaise creators hi asli inspiration hote hain. Love from a true fan 🙌",5,2026-02-26T16:04:12Z
2026-10-03,P035,v1,3XEcmdzAUAY,Ugwe3qvHMFRAy8siV-N4AaABAg,Tech Master Bhai kam samay mein itna interesting video banate Ho unique video dikha dete Ho yah aapki khas baat hai kam samay mein pura maja aata Hai,0,2026-09-06T10:48:28Z
2026-10-03,P035,v1,3XEcmdzAUAY,Ugyyc1C87dv8FGPBNsp4AaABAg,"“Bhai sabse achchi baat ye hai ki aap apne subscribers ko family ki tarah treat karte ho ❤️ Isi wajah se aapka channel sirf tech channel nahi, ek community lagta hai 🙌”",8,2026-02-27T18:31:01Z
2026-10-03,P035,v1,3XEcmdzAUAY,UgzgmemJTW9XlOx9wL54AaABAg,Bhayia aapki har video bahut aachi hoti hai dekhna bhayia ek din aap jarur mr beast ko piche kar doge or uske baad aap itne aage jaoge ki aapke level pe koi aa hi nahi payega,1,2026-09-09T15:18:40Z
2026-10-03,P035,v1,3XEcmdzAUAY,UgwmCYd7F5ia1TScoap4AaABAg,Video बनाते हैं कहीं लोग वीडियो मगर आप जैसा कोई नहीं प्लीज भाई हेल्प करो मुझे भी आई वीडियो बनाने के लिए फोन चाहिए प्लीज भाई हेल्प कर दो,16,2026-01-09T14:44:23Z
2026-10-03,P035,v1,3XEcmdzAUAY,Ugy27qIA3R5RjAHvl-l4AaABAg,Yar koi aur cheez bnaw har waqat iphone and Android ke pache lage hote hoo koi aur cheez bnaw yaar😂😂😂😂😂😂😂,2,2026-01-17T13:53:48Z
2026-10-03,P035,v1,3XEcmdzAUAY,Ugy2kIS-fP09orHbqbN4AaABAg,"“Bhai aap har video me kuch naya sikhate ho 🙌 Mobile ho ya koi aur gadget, aapka explanation simple aur genuine hota hai. Isi liye aap par trust 100% hai 🔥”",4,2026-02-27T18:31:11Z
2026-10-03,P035,v1,3XEcmdzAUAY,UgygQphDS3EBTUNRT3N4AaABAg,Bhai aap konse camere se video record karte hooo,0,2026-08-31T14:38:45Z
2026-10-03,P035,v1,3XEcmdzAUAY,UgwFo8Oxn-rM7DHvsD94AaABAg,"“Tech Master bhai, aapki video dekhkar lagta hai tech bhi interesting ho sakta hai 😄 Hasi-mazaak ke saath itni clear aur honest information dena sabke bas ki baat nahi 🔥 Aap sach me subscribers ka khayal rakhte ho ❤️”",6,2026-02-27T18:31:17Z
2026-10-03,P035,v1,3XEcmdzAUAY,Ugx5xrDBZ9_1cfF8EnF4AaABAg,Ye Bachao nahi Bachao ka aba hai😂😂😂,1,2026-01-10T11:50:33Z
2026-10-03,P035,v1,3XEcmdzAUAY,UgxI6Qhq9qhVfFAH4bN4AaABAg,"under 50k,the 15R has much decent cam perfomance,it""s just about perfomance,display and battery",6,2026-04-09T14:22:38Z
2026-10-03,P035,v1,3XEcmdzAUAY,Ugxj3GJwEONlUwjPmSx4AaABAg,Bro content Day by Day🏹,1,2026-07-04T11:25:18Z
2026-10-03,P035,v1,3XEcmdzAUAY,UgxkeFuuGsKcoXcpOPZ4AaABAg,Beta rock papa shock,3,2026-07-19T13:30:04Z
2026-10-03,P035,v1,3XEcmdzAUAY,Ugw-50zGvVqvmuB2hWx4AaABAg,Bhai vo sab ko thik hai par ghar se nikala kyu😂😂😂,2,2026-07-23T20:34:03Z
2026-10-03,P035,v1,3XEcmdzAUAY,UgwLM_PFH7Q6FJapgaB4AaABAg,Jo bhi like nahin Karega vah exam mein pakka fail hoga😅,34,2026-01-09T12:54:40Z
2026-10-03,P035,v1,3XEcmdzAUAY,UgwyTUigq3TrUtJlfgN4AaABAg,Bhi ka ads banana ka tarika thora cagowel ha 😂,0,2026-09-12T10:01:47Z
2026-10-03,P035,v1,3XEcmdzAUAY,Ugy9LwY175KfE8HrzoV4AaABAg,Bhaiya main aapko follow subscribe karta hun aapka sab video dekhta hun mujhe ek mobile de do na hamare pass mobile nahin Hai aapka video mujhe bahut achcha lagta hai doge kya bhaiya,3,2026-01-10T03:10:43Z
2026-10-03,P035,v1,3XEcmdzAUAY,UgxdW63-CYzSJ3AasyB4AaABAg,Ad bhi bhohat khatrnak karte ho yar 😅,0,2026-09-12T11:53:12Z
2026-10-03,P035,v1,3XEcmdzAUAY,UgxHAVv9IhsEvIvejPp4AaABAg,Tech❤❤❤ Master Bhai mujhe bhi phone de do❤,3,2026-01-10T01:50:25Z
2026-10-03,P035,v1,3XEcmdzAUAY,Ugwm-RGr6PSfYOQV87Z4AaABAg,Tech master bhai under 8000 rupees mei best phone suggest kero but offline prize mei lena hai 😢,1,2026-07-09T04:23:41Z
2026-10-03,P035,v1,3XEcmdzAUAY,Ugx_Cag_qPZ6frP0JY14AaABAg,ANSiv❤❤❤🎉🎉🎉🎉🎉🎉,3,2026-01-30T14:41:46Z
2026-10-03,P035,v1,3XEcmdzAUAY,Ugw6HEoR7IP6H_vLSkR4AaABAg,Bhai varun davan lag rahe ho acting se to,0,2026-02-24T02:37:12Z
2026-10-03,P035,v1,3XEcmdzAUAY,UgzqDU1HVA_XF0TqzeF4AaABAg,Bro promotion is tooo late 🫩🫩...,5,2026-01-09T12:33:28Z
2026-10-03,P035,v1,3XEcmdzAUAY,Ugzg_snEVTqYLSVBHs14AaABAg,Teacher mein Bhai kam samay mein itna❤❤❤❤❤❤,0,2026-07-27T13:36:50Z
2026-10-03,P035,v1,3XEcmdzAUAY,Ugz_trmX9qEV8-HscrB4AaABAg,Bhai mujhe gaming ke liye one plus 15r dedo please 😢😢,3,2026-01-15T03:12:41Z
2026-10-03,P035,v1,3XEcmdzAUAY,Ugw7qj5wCaHdoxyfO6N4AaABAg,Bhaiya ji pahle aap bhi Garib the AAP,1,2026-01-14T04:30:33Z
2026-10-03,P035,v1,3XEcmdzAUAY,UgxrkB2pLLNaSHJExzt4AaABAg,प्लीज एक आईफोनदे दो 😭😭😭😭😭😭😭😭😭😭😭,5,2026-01-09T12:30:48Z
2026-10-03,P035,v1,3XEcmdzAUAY,UgzOUI43Yo6IQrnmGl94AaABAg,Bhaiya mai aapki saari video dekhta hu aur mujhe aapki video aachi bhi lagti hai kya aap apni next video me ye bata sakte hai ki vivo aur oppo me se kon sa mobile sabse best hai please bhaiya,0,2026-01-11T02:57:46Z
2026-10-03,P035,v1,3XEcmdzAUAY,UgzazP0eABCJ1Xf8KBh4AaABAg,Aare ye mil jayeg to maja se mera content creating start ho jyga 😂😂,0,2026-06-11T08:14:05Z
2026-10-03,P035,v1,3XEcmdzAUAY,UgxUiXgow2-R284rwRJ4AaABAg,Hello sir good morning ❤ video me to bahut maza aaya 😮😮😮❤❤❤ ek phone me ko bhi to 😊😢❤,0,2026-09-25T05:27:33Z
2026-10-03,P035,v1,3XEcmdzAUAY,UgwG4W-PeIxNnIo8yzB4AaABAg,8 elite gen 5 kab aya one plus 15R me 😂,1,2026-07-14T11:56:10Z
2026-10-03,P035,v1,3XEcmdzAUAY,UgzPVlTBFa6pWRFT0XV4AaABAg,"Bhaiya, you have been making videos for a long time now. I have also sent messages for giveaways but till now my name has not appeared in the giveaways even once. Thankyou So much for read my message",2,2026-01-09T17:48:50Z
2026-10-03,P035,v1,3XEcmdzAUAY,Ugyo2HVMy4Q3w8lY3rZ4AaABAg,Mummy always change but sundari 😂😂❤❤,0,2026-09-17T05:16:53Z
2026-10-03,P035,v1,3XEcmdzAUAY,UgzT6uMQtVXup6NalM94AaABAg,Samajh nahi aa raha comedy video the ke technology video😂,0,2026-05-25T11:33:36Z
2026-10-03,P035,v1,3XEcmdzAUAY,UgyJqiCBNZ-_h9IA-4t4AaABAg,Bhaiya 20k ke range me BGMI khelne me accha ho aur battery bhi acchi ho,0,2026-09-20T00:37:09Z
2026-10-03,P035,v1,3XEcmdzAUAY,Ugz-t2_feaCWiGCvdSh4AaABAg,best tech content love frome rajasthan bhiya ❤️,1,2026-01-10T08:42:30Z
2026-10-03,P035,v1,3XEcmdzAUAY,UgyFfhNKpolwUDQfH2h4AaABAg,Indian tv commercials  ads were awesome but this phone brand and vivo is advertising through these poor acting  skills guys,0,2026-09-06T03:36:48Z
2026-10-03,P035,v1,3XEcmdzAUAY,Ugx_mdfx29miieZDhHh4AaABAg,The last scene was amazing ❤mind blowing videos and you also ❤❤❤❤❤❤❤❤❤,0,2026-03-13T04:56:23Z
2026-10-03,P035,v1,3XEcmdzAUAY,Ugxo9OAOa_oWgU9vrpF4AaABAg,Bhaiya ek 20000 Tak ka phone dikhao maja a jaega,2,2026-08-17T16:32:22Z
2026-10-03,P035,v1,3XEcmdzAUAY,Ugzy76iyqEWqCd4Wop54AaABAg,Sar main aapko bahut bada fan hun balki aapko bhai manta hun I hop ki aapka 30 million subscriber jaldi pura ho jaaye aur mujhe dusron ka lene ka bahut jyada shauk hai mera matlab photo😅😅🎉🎉❤❤❤❤❤,0,2026-01-10T03:55:28Z
2026-10-03,P035,v1,3XEcmdzAUAY,UgzfLa_tO9rDfAhfc314AaABAg,Mujhe apki vedios bahut pasand hai,1,2026-03-15T14:24:13Z
2026-10-03,P035,v1,3XEcmdzAUAY,UgyrKo1HvUSPuqnDTgF4AaABAg,"Bhai tum mobile ki detail to sab batate ho par price nhi 
Price bhi bataya karo",0,2026-03-06T05:22:25Z
2026-10-03,P035,v1,3XEcmdzAUAY,UgwIMYTT1b5UDch9AhF4AaABAg,Bhai mojhe bahut jaru rat hai ek ph ki aap ke pass to bahut sara ph hai mujhe b ek de sa k te ho kya Bhai pls mai aapka subscriber hu,1,2026-04-17T03:39:59Z
2026-10-03,P035,v1,3XEcmdzAUAY,UgzJJRxz46TFbUV4gW54AaABAg,Bhai realme gt 7 pe bhi ek video ho jaye,0,2026-09-27T17:59:20Z
2026-10-03,P035,v1,3XEcmdzAUAY,Ugz0fYJk2nTCKfIwof54AaABAg,Watching on Oneplus 15R🐣🖤,2,2026-07-14T15:40:08Z
2026-10-03,P035,v1,3XEcmdzAUAY,UgziwhGKSy2dHeW50uR4AaABAg,Bhai Ghar per rakhe hai tamator ka chatni bnayenge biryani recipe,0,2026-05-15T03:18:03Z
2026-10-03,P035,v1,3XEcmdzAUAY,UgxzNd6iVmNkhGNnJKN4AaABAg,Yeh TechMasterHQ vivahit hain na,0,2026-07-01T10:24:51Z
2026-10-03,P035,v1,3XEcmdzAUAY,UgwK9LfsCTCdoFjLFst4AaABAg,Starting ending😂😂,0,2026-03-04T09:21:46Z
2026-10-03,P035,v1,3XEcmdzAUAY,UgxQqhk0jfpngoQnitZ4AaABAg,Bhai likin green line issues ate han one plus ke phone me,0,2026-02-27T10:43:06Z
2026-10-03,P035,v1,3XEcmdzAUAY,UgyFIWl_l31jYsRU3Q94AaABAg,Bhai jab itna kuchh Bata Diya to iska rate bhi bataiye deta model Bata dete kiska,0,2026-07-01T16:20:44Z
2026-10-03,P035,v1,3XEcmdzAUAY,UgxvKw5nNr3FoFrZFMl4AaABAg,Are bhai mat ana iski baat me kyu ki ye bachha hai 😂😂❤❤,0,2026-01-10T14:57:35Z
2026-10-03,P035,v1,3XEcmdzAUAY,UgxaKfBSGJsoXOlzaUN4AaABAg,Ye baccha he koi 😅😅😅,1,2026-05-01T10:27:30Z
2026-10-03,P035,v1,3XEcmdzAUAY,Ugx-0Ml0afuTIlh5NjR4AaABAg,Bhai Tum bahut mast video banate Ho😊😊😊😊😊😊🎉❤,1,2026-01-10T09:25:55Z
2026-10-03,P035,v1,3XEcmdzAUAY,UgxskgbQfb1LIzNmWLl4AaABAg,Good work bosss and God bless you bhai humko kab gift milega bhai 🥰🥰,1,2026-01-11T03:18:57Z
2026-10-03,P035,v1,3XEcmdzAUAY,UgxRwgbv6DHHdM2WwFF4AaABAg,Ye tho budget se bahar hai😅😅😅,0,2026-05-08T14:13:58Z
2026-10-03,P035,v1,3XEcmdzAUAY,UgxcNQy-SARE7t5Raax4AaABAg,Bhai ma apko bahut din se like kar rah ho ek giveaway ka winner bana chata ho ki ma jit jao love you bro❤❤,1,2026-01-10T05:45:36Z
2026-10-03,P035,v1,3XEcmdzAUAY,UgzKh97a--c6n-3tbfl4AaABAg,Bhai Tum to 2/3 finger ho ma to 4 finger ho 😂😂😂😂😂😂😂😂,0,2026-05-13T14:36:07Z
2026-10-03,P035,v1,3XEcmdzAUAY,UgxM29g0dcHfNE5xr-p4AaABAg,bro content day by day 📉☠️,0,2026-07-31T05:17:18Z
2026-10-03,P035,v1,3XEcmdzAUAY,Ugx_UO0VvPvwxcf2Fih4AaABAg,Which phone to buy under 15000 in samsung,0,2026-04-04T03:24:19Z
2026-10-03,P035,v1,3XEcmdzAUAY,UgxwjZN3UaEy8JX-OtJ4AaABAg,Ye to budget bhar he 😂,0,2026-02-23T06:55:49Z
2026-10-03,P035,v1,3XEcmdzAUAY,Ugyo2dpimscPVlwPId14AaABAg,Bhai Tum to 2 finger ho,0,2026-05-13T14:35:39Z
2026-10-03,P035,v1,3XEcmdzAUAY,UgzxVyrDg9vS43bNTw14AaABAg,Bro content day to day,0,2026-09-03T01:44:16Z
2026-10-03,P035,v1,3XEcmdzAUAY,UgzSc5Y1KSmpDUOm-PJ4AaABAg,Bhai aap gaming bgmi ki video channel banao na,0,2026-01-10T02:21:49Z
2026-10-03,P035,v1,3XEcmdzAUAY,UgwgAzNL1F530qQ0HLh4AaABAg,भाई फोन तो चलाएं तेवर घर पर नहीं ले जाना😂,0,2026-09-06T04:05:24Z
2026-10-03,P035,v1,3XEcmdzAUAY,Ugya6KrYGLGJoR-Br9F4AaABAg,"गुड मॉर्निंग दोस्तों 

कैसे है आप सब ? वैसे बारिश तो एक दम से ग़ायब सी हो गई है आप लोगो की तरफ़ कैसा है मौसम ?",0,2026-06-26T03:20:41Z
2026-10-03,P035,v1,3XEcmdzAUAY,Ugwn6t4J3aGxwe0Zvfh4AaABAg,BHAIYA phone giveaway kariye ❤😅,0,2026-01-12T12:14:25Z
2026-10-03,P035,v1,3XEcmdzAUAY,UgyIw00qpyjBt3TkI2t4AaABAg,"Bete se koi Matlab nahi bas ""Phone de mere idhar""😂😂😂",0,2026-08-06T06:56:14Z
2026-10-03,P035,v1,3XEcmdzAUAY,Ugwu-2HmoqfGPiWRjrp4AaABAg,"BRO EMOTIONAL STORY
BRO PHONE STORY
BRO PROMOTION STORY",0,2026-06-11T06:53:53Z
2026-10-03,P035,v1,3XEcmdzAUAY,Ugxr5Gb7PCVYRZCWRjF4AaABAg,Bahi mai appki sari vedio dekhta hu like bhi karta hu,0,2026-01-11T07:55:28Z
2026-10-03,P035,v1,3XEcmdzAUAY,Ugyx5ctJE2HDWfXIbNN4AaABAg,OnePlus 15r mein 8 elite gen 5 kab se ane laga 😮😅,0,2026-08-05T11:57:16Z
2026-10-03,P035,v1,3XEcmdzAUAY,UgwUTbV_pWcS1tu6u5x4AaABAg,Bro I really need a new phone because my phone does not work properly I am your old subscriber keep it up,0,2026-06-14T19:14:04Z
2026-10-03,P035,v1,3XEcmdzAUAY,UgxI2wqYl0U0VMCL-Mt4AaABAg,Bhai plss poco phone ka test karo bhai plsss मुझे तुम्हारे वीडियो बहुत पसंद हैं,1,2026-01-14T06:03:19Z
2026-10-03,P035,v1,3XEcmdzAUAY,UgyTOv5o_9HIxwZQr3l4AaABAg,Bhayia ek request hai mai aake har video pe comment karta hu bas ek bar iphone dedo bhayia aap to apne sabhi subscriber ko phone deto ho mujhe nahi doge,1,2026-09-09T15:20:07Z
2026-10-03,P035,v1,3XEcmdzAUAY,UgzxLQxwRHnWxQY3siB4AaABAg,📷mobile ki ad hi 📷😇👌banaate ho kya,0,2026-08-01T13:53:30Z
2026-10-03,P035,v1,3XEcmdzAUAY,UgwEDx17-CK8-JTn8l54AaABAg,Bhaiya need hai phone ki vlog ke liye plz,0,2026-07-01T06:36:10Z
2026-10-03,P035,v1,3XEcmdzAUAY,UgwcfoD41Si9PIX6_IV4AaABAg,Ek master aap kaun si city mein rahte,0,2026-06-06T05:51:03Z
2026-10-03,P035,v1,3XEcmdzAUAY,UgyquWm7A3MsJTtKa6V4AaABAg,Video ka liya baap badal liya bhai apna 😂,0,2026-07-17T16:16:42Z
2026-10-03,P035,v1,3XEcmdzAUAY,UgxuKLWBXC2yJHIEfDd4AaABAg,Lekin bhai khud iphone use karta hai🤡,1,2026-01-13T05:34:49Z
2026-10-03,P035,v1,3XEcmdzAUAY,UgxAubvuJwJRG1-RSH14AaABAg,Tech master ❌ android vidrohi ✅🤡,0,2026-04-08T01:44:54Z
2026-10-03,P035,v1,3XEcmdzAUAY,UgxZ7otQW0eib10cdGt4AaABAg,Bro kya haal hai,0,2026-01-10T10:13:10Z
2026-10-03,P035,v1,3XEcmdzAUAY,UgwKnY9B8WEVH-p_rpl4AaABAg,itna paisa to promotion karke hi hua hai iski promotion ke liye kitni paisa mila?,0,2026-09-26T03:55:50Z
2026-10-03,P035,v1,3XEcmdzAUAY,UgxmUHO4HH_3HNJ3m5t4AaABAg,Bhai ark phone de do video banana hai aapki tarah,0,2026-05-21T14:46:06Z
2026-10-03,P035,v1,3XEcmdzAUAY,UgxWYwJ6fITpr232KLJ4AaABAg,Bro forgot to add LPDDR5X ultra ram and UFS4.1 storage,0,2026-04-28T12:17:11Z
2026-10-03,P035,v1,3XEcmdzAUAY,UgxMsjhOhfhXXu0Zp0J4AaABAg,Ekadam Nali se aaya hai na😂😂😂😂,0,2026-08-19T08:37:05Z
2026-10-03,P035,v1,3XEcmdzAUAY,UgxQ7QLKlvZIQ1XvGKp4AaABAg,Bhaiya padhne ke liye ek phone chahie Please de do koi sa bhi chalega😢😢😢,1,2026-01-10T18:35:31Z
2026-10-03,P035,v1,3XEcmdzAUAY,UgzHFh4s7sBX6SqhJT94AaABAg,Are bhai Papa ne Ghar Se kyon nikala hai,1,2026-04-18T09:17:28Z
2026-10-03,P035,v1,poz3smWFG9E,UgyVy1Q8VBr15cP90Ed4AaABAg,Lekin bgmi to sirf 6 ghante chalega😂,478,2026-03-24T02:12:01Z
2026-10-03,P035,v1,poz3smWFG9E,Ugzk94BC-GPmyY0dhKt4AaABAg,Thala for a reason😂 credit khud chal ke aata hai😂😂😂,632,2026-02-05T16:00:35Z
2026-10-03,P035,v1,poz3smWFG9E,UgzvnIZgx-9C-sLFTNN4AaABAg,Watching it on OnePlus 15 r mind blowing phone with good camera ❤,153,2026-02-07T18:44:48Z
2026-10-03,P035,v1,poz3smWFG9E,UgxU2zalTrnB76_HU2l4AaABAg,Iqoo Neo 10r,770,2026-02-05T12:52:07Z
2026-10-03,P035,v1,poz3smWFG9E,UgwrFVnGXuE6EOODn-J4AaABAg,Hulk ka wifi 🤣🤣😂,86,2026-02-06T13:07:33Z
2026-10-03,P035,v1,poz3smWFG9E,UgxXADNZRtr8_wPG0dV4AaABAg,120fps bgmi ki taraf se unlock hai jiski wajah se cpu per jyada load dalta hai isliye battery bhi jayada consume hoti hai lekin 165fps OP gaming chip ki wajah se possible ho pata hai bgmi sirf 120 support karta hai isliye 165 fps pe game 82 to 83 fps deta hai lekin oneplus OP gaming chip usko frame smoothing karke double kar deti hai isliye isme cpu per jyada load nahi padta aur battery bhi kam consume hoti hai.,38,2026-02-05T16:32:36Z
2026-10-03,P035,v1,poz3smWFG9E,UgzNNJQ49s_nt4WEAWt4AaABAg,Oneplus 15R ☠️ Mene koi Galti nhi Ki Phone leke,154,2026-02-05T18:56:09Z
2026-10-03,P035,v1,poz3smWFG9E,UgwzEEkRrtzKIOSnvBx4AaABAg,Bhai 6 ghanta toh limit hi hai bgmi ka,116,2026-02-06T09:27:03Z
2026-10-03,P035,v1,poz3smWFG9E,UgxFDmePQOuHY1R9zTh4AaABAg,I phone 17pro max  gaming testing video please 😢,36,2026-02-05T13:29:14Z
2026-10-03,P035,v1,poz3smWFG9E,UgxP_zM0XwYrpAPBdBJ4AaABAg,2026 neo 7 pro ko test karo,37,2026-02-05T13:43:26Z
2026-10-03,P035,v1,poz3smWFG9E,UgxKOf3Qf9EyOLv_zdp4AaABAg,Bhai poco f7 ka bgmi battery drain test lao abhi tak nhi aaya h bul gaye ho kya,11,2026-02-05T13:26:41Z
2026-10-03,P035,v1,poz3smWFG9E,UgyBBftH4dRSpLF4CgF4AaABAg,Always never settle ❤❤,1,2026-02-08T04:43:20Z
2026-10-03,P035,v1,poz3smWFG9E,UgxZpwOldCKo11nt8Xp4AaABAg,What an Ad😂,5,2026-03-17T13:42:22Z
2026-10-03,P035,v1,poz3smWFG9E,UgwrU748EVxvUOd0x2V4AaABAg,iQOO Neo 10R 8 hrs..❤,4,2026-02-05T15:04:00Z
2026-10-03,P035,v1,poz3smWFG9E,UgzUHAOW0LITRAOFp6t4AaABAg,3 hours vs 10 hours😂😅😂=7 hours⌛,3,2026-06-01T11:56:27Z
2026-10-03,P035,v1,poz3smWFG9E,UgwkV6ErHE5UiEk6vtt4AaABAg,"Bhai ap ne pucha tha ke kis topic pe video banao koi topic idea do
Best usb hub pe video banao under budget jis main Power Delivery option hona chahiye",0,2026-02-08T04:16:47Z
2026-10-03,P035,v1,poz3smWFG9E,UgxKSORpwXoHUYDxqQh4AaABAg,Subscriber hu,0,2026-07-30T19:46:13Z
2026-10-03,P035,v1,poz3smWFG9E,UgzcIt0bTcFBQDgY6Uh4AaABAg,Good job... 🎉,0,2026-02-05T13:24:27Z
2026-10-03,P035,v1,poz3smWFG9E,UgwpKLXHYoVL1jHxckl4AaABAg,But bgmi does not support 165 fps 😅,3,2026-06-30T16:07:29Z
2026-10-03,P035,v1,poz3smWFG9E,UgyLLFnNE_48qx43JtB4AaABAg,Iqoo neo 10r battery drain test,7,2026-02-06T13:09:33Z
2026-10-03,P035,v1,poz3smWFG9E,UgyEowp_bI_u77QlfRt4AaABAg,Bhai short videos me zoom kar kya uplode karya YouTube k kon se aap yous kare video bona oo na,0,2026-02-23T16:30:14Z
2026-10-03,P035,v1,poz3smWFG9E,Ugz6O28MzvwYjOnaiBt4AaABAg,Watching this vdo on the same phn lol😅,1,2026-07-02T11:19:41Z
2026-10-03,P035,v1,poz3smWFG9E,Ugw77UVb7cwtyL7UJPl4AaABAg,"Hath se gira to  green lines,💀",26,2026-02-05T18:54:10Z
2026-10-03,P035,v1,poz3smWFG9E,UgyoxK5YQY4W3kvhb_Z4AaABAg,Bhai yah series rukne nahin chahie and next time mobile data per game khelo mostly log usi per khelte Hain Wi-Fi and mobile difference rahata Hai battery ka,0,2026-02-08T12:41:39Z
2026-10-03,P035,v1,poz3smWFG9E,Ugzm7zkLHy3OPAaN82l4AaABAg,Poco x8 pro max bhi test karo same settings par pls ❤,1,2026-04-01T23:11:59Z
2026-10-03,P035,v1,poz3smWFG9E,UgwFREx7MfRlIW91QBh4AaABAg,1st comment ❤,2,2026-02-05T12:51:54Z
2026-10-03,P035,v1,poz3smWFG9E,UgyDvog6BG7dsPluDP14AaABAg,Bro iQOO 15 r freefire play panni graphics max la vachi 90fps la refresh rate 144hz la vachi play panni video podu bro 100 to 0 percent drying test video podu bro,1,2026-03-08T03:16:58Z
2026-10-03,P035,v1,poz3smWFG9E,UgwRpnk6aFX8gJNm8kt4AaABAg,Brightness bhi dikha diya karo bhaiya,1,2026-02-05T16:29:14Z
2026-10-03,P035,v1,poz3smWFG9E,UgyYwas2RxHIHJsd86J4AaABAg,Sir givewey kab karte ho❤,0,2026-07-18T05:39:05Z
2026-10-03,P035,v1,poz3smWFG9E,Ugwkf-5_CKLpt-unOs94AaABAg,Oh it's good 👍😊❤,0,2026-03-20T16:12:19Z
2026-10-03,P035,v1,poz3smWFG9E,Ugw_bK7iZanRP5lH2Ft4AaABAg,Hello brother please ye bta do ki realme buds 2 best h kya or exact product konsa h,0,2026-02-05T14:26:46Z
2026-10-03,P035,v1,poz3smWFG9E,UgzzInn9jt52Ylo5B1B4AaABAg,bhaiya jii high lobby like t3 ya tournment review do bgmi ka,0,2026-04-07T19:28:36Z
2026-10-03,P035,v1,poz3smWFG9E,UgyVHvxc_lLSepHGO5t4AaABAg,"Sir Motorola Edge 70 fusion ka test kariye na please 🙏, 
By the way Love your Videos 💙",0,2026-05-07T07:14:53Z
2026-10-03,P035,v1,poz3smWFG9E,Ugz-0xxWDJCc0CZWQbN4AaABAg,Iphone 13 pro max fps meter test plz button 🔘✅,3,2026-02-05T15:44:54Z
2026-10-03,P035,v1,poz3smWFG9E,UgzMoIaidSSteCIgXmN4AaABAg,Bhai abhi iQOO Neo 10r lene ka plan sahi rhega?,2,2026-02-06T01:31:01Z
2026-10-03,P035,v1,poz3smWFG9E,Ugy82ZoQ9RwYVe53Y_54AaABAg,"Player thora
🌚",1,2026-10-03T12:40:44Z
2026-10-03,P035,v1,poz3smWFG9E,UgwEHpt5XzQKEG-PcdF4AaABAg,Are bhai shi to hai game mai time limit hi 6 hours ki hai to araam se khelo,1,2026-05-10T14:03:21Z
2026-10-03,P035,v1,poz3smWFG9E,Ugy9Wd2yhmIAyrZPM9p4AaABAg,Bhai new I'd se kyu khel rhe ho koi achi I'd se khelo fir pta chalega 😁😁,0,2026-06-27T20:55:14Z
2026-10-03,P035,v1,poz3smWFG9E,Ugw_xpk6ItZdPHVi3Td4AaABAg,Bhai battery saver ke sath ek baar try karna...,0,2026-03-16T17:37:45Z
2026-10-03,P035,v1,poz3smWFG9E,Ugx4Jv89mU5gZFQpZTB4AaABAg,"I think so maine yeah Pathshala bhai ke video main jo bhai hai unko youtube pe dekha hai , kya yeah bhi youtuber hai???",0,2026-02-05T13:02:34Z
2026-10-03,P035,v1,poz3smWFG9E,UgwTtdLbvy_Q7QVm2Z14AaABAg,watching in Iqoo neo 10R❤,1,2026-02-08T04:49:15Z
2026-10-03,P035,v1,poz3smWFG9E,UgyyTaH_XklgnluFCnl4AaABAg,Vivo x200 t ka kardo bhai full gaming review ❤,0,2026-02-09T17:19:29Z
2026-10-03,P035,v1,poz3smWFG9E,UgwRFJwcT8O8dXRc2j94AaABAg,Bhai Aap FPS Vs Refresh Rate Detail Video Banado Na,0,2026-07-22T18:35:41Z
2026-10-03,P035,v1,poz3smWFG9E,UgxHblx1lTdL3nVul5N4AaABAg,Very nice👍🏻,0,2026-03-23T02:38:25Z
2026-10-03,P035,v1,poz3smWFG9E,Ugxvt8i40Nm7qBX8Upx4AaABAg,"Thank You Bhai Apna Mera Comment Pick kar ka Video Bhi bana di 🫡
Thanks Again",1,2026-02-05T14:22:16Z
2026-10-03,P035,v1,poz3smWFG9E,UgwGXHJ-QPfNgfd61UZ4AaABAg,7 hours insane 😮,0,2026-02-28T23:30:17Z
2026-10-03,P035,v1,poz3smWFG9E,Ugy_wQE_puDCx0KxPXR4AaABAg,Hulk ne wifi lagana siru kar diya re 😂,0,2026-02-06T13:13:11Z
2026-10-03,P035,v1,poz3smWFG9E,UgwOncHSa0rxVKNeKWF4AaABAg,Bhai hulkuaa ko kyu use kar rahe ho😅,1,2026-02-06T15:27:43Z
2026-10-03,P035,v1,poz3smWFG9E,UgxIa7SRJO8IQdzoTwF4AaABAg,"Mera 6yr old smartphone BGMI 40fps(max by smartphone) pe 7-8 hr chala leta hai🗿
My device🗿
Battery🗿
Processor🗿
Battery life🗿
6yr old device🗿",1,2026-03-04T03:04:37Z
2026-10-03,P035,v1,poz3smWFG9E,UgxuVl4YDfl3j2YRVQB4AaABAg,Watching on oneplus 15 ❤,0,2026-02-08T16:15:52Z
2026-10-03,P035,v1,poz3smWFG9E,Ugz45reLw2R9rPlYhRR4AaABAg,Bro wifi se nahi actual sim daal ke khelo tab pata chalega 😅,0,2026-07-01T14:50:31Z
2026-10-03,P035,v1,poz3smWFG9E,Ugy8W08WeHnM0Ni3HLR4AaABAg,Bro forgot about 6hr time limit 😅,1,2026-05-20T08:04:03Z
2026-10-03,P035,v1,poz3smWFG9E,UgynMzLvZN9NJlvfogZ4AaABAg,"iQOO 13 lene sahi rahega Kai oneplus 15r , which is best for gaming and stable fps , please reply",1,2026-02-06T08:21:46Z
2026-10-03,P035,v1,poz3smWFG9E,UgxAGDzZijwbzpzxv8F4AaABAg,Bhai sabhi kai pass wifi nahi hota sim insert karkai review daala kro 😅😊,0,2026-02-06T09:28:35Z
2026-10-03,P035,v1,poz3smWFG9E,UgwfEGPCW6SYEhNI8u94AaABAg,"Bro, what about room temperature? Sbke pass AC to nhi hota na Aapke jaisa❤",0,2026-06-24T13:07:43Z
2026-10-03,P035,v1,poz3smWFG9E,Ugz4CIna6izsTgDDYFt4AaABAg,Watching on oneplus 15R,1,2026-09-07T21:57:13Z
2026-10-03,P035,v1,poz3smWFG9E,Ugyu-QE-wPT4T2dgsAZ4AaABAg,Bhai tera Sim card konsa hai,0,2026-06-26T19:41:21Z
2026-10-03,P035,v1,poz3smWFG9E,Ugx2nQmcvJ-yJi9QHv54AaABAg,Lekin bhai isne to bola tha ki ye mushkil se 3 ghante hi chalega,1,2026-02-07T10:12:53Z
2026-10-03,P035,v1,poz3smWFG9E,UgwLHLfqetIlhD2oC254AaABAg,Realme p4 power laughing in the corner 💀,1,2026-09-13T06:03:20Z
2026-10-03,P035,v1,poz3smWFG9E,Ugz-vDC0QHSsFQcoBxV4AaABAg,Hello sir ji mai bahut jayda confused hu iq 15r or One plus 15r in dono me se kon sa buy kru,0,2026-03-19T16:50:26Z
2026-10-03,P035,v1,poz3smWFG9E,Ugy6miWzcR8bd6CxJkJ4AaABAg,"Hello sar aap bahut achcha phone ka review karte ho
Aur Maine  OPPO Reno 15 Pro liya hai kya aap iska review kar sakte hain",0,2026-06-28T12:04:29Z
2026-10-03,P035,v1,poz3smWFG9E,UgwBd2au_u-5ekrwJ5h4AaABAg,"Is the iPhone?
Kyon Jha Bhai😎",0,2026-09-14T10:20:17Z
2026-10-03,P035,v1,poz3smWFG9E,Ugws3mRGhsWOjaQk47p4AaABAg,Me jab video dekh raha hun is samay bhi 11: 55 ho rahe hain😮🎉😂,0,2026-07-08T17:14:42Z
2026-10-03,P035,v1,poz3smWFG9E,UgwGJka5RHbw8QS0o9N4AaABAg,"Lekin tu to mushkil se 3 gante bol rha tha na, tab to result uska jyda sahi bnta h😂🤨",0,2026-08-04T04:45:59Z
2026-10-03,P035,v1,poz3smWFG9E,Ugztk5YD_YFNsYqGufJ4AaABAg,"Bro there is over 700,000 Android Game firbhi sabko BGMI hi khel na hai 
Agar processer heavy hai toh koi heavy game khelo na like genshin Or wuwa at 60 FPS high graphics😅",0,2026-02-06T11:49:26Z
2026-10-03,P035,v1,poz3smWFG9E,UgyNouOGonY6H15ScIt4AaABAg,Brightness bhi to badhaya hua tha😮 acha chala phone,0,2026-03-09T17:03:29Z
2026-10-03,P035,v1,poz3smWFG9E,Ugzn5vOyClBpEo7zHf94AaABAg,Le me with Oneplus Nord 6 😅9000mah 💀🙏🏻,1,2026-07-25T15:08:56Z
2026-10-03,P035,v1,poz3smWFG9E,Ugz6vq3wABBlnPl86bt4AaABAg,Bhai issi phone ko 60fps pe ya 90fps pe khelo battery test ❤😊,0,2026-02-06T00:24:38Z
2026-10-03,P035,v1,poz3smWFG9E,Ugy-cg6WdDGnd-uuIfp4AaABAg,Sab interpolation hay native peto 120 he chalega 😊,1,2026-03-03T19:53:21Z
2026-10-03,P035,v1,poz3smWFG9E,UgwGqI5Zal0kmwRO9e54AaABAg,लेकिन BGMI तो 6 घंटे का ही चलता है😂😂😂,1,2026-08-12T05:09:59Z
2026-10-03,P035,v1,poz3smWFG9E,Ugzg_RSy0s8w4sWC1qx4AaABAg,You should do it with  5G sim in it🙂,3,2026-02-06T09:10:02Z
2026-10-03,P035,v1,poz3smWFG9E,UgytV1KzPes7WCKCE8F4AaABAg,Last 😂,0,2026-03-18T15:16:35Z
2026-10-03,P035,v1,poz3smWFG9E,Ugy3WYOcF9ALRQjFKUl4AaABAg,10 HOUR -3 HOUR = 7 HOUR'S,1,2026-02-08T04:10:17Z
2026-10-03,P035,v1,poz3smWFG9E,Ugw6-DuUDQuOZDrE-o94AaABAg,Bhai call of duty test karoo please 🙏 😢,0,2026-04-04T13:53:48Z
2026-10-03,P035,v1,poz3smWFG9E,Ugya1c5pK2j3fZqMqLF4AaABAg,Bro mere pass iqoo 10r h ...kya bgmi khelne ke liye mobile ka storage khali hona zaruri h..,0,2026-08-23T20:08:11Z
2026-10-03,P035,v1,poz3smWFG9E,UgxOLfrDYChzz3AWDxd4AaABAg,bhai wo to 10 bol ra tha us main 3 ghante ka frq hai lekin tu to 3 bol ra tha 4 ghante ka frq hai,1,2026-02-06T16:52:56Z
2026-10-03,P035,v1,poz3smWFG9E,UgxtMyIHbyr3s7Chh1p4AaABAg,Realme p4 power par try karo,1,2026-03-04T15:24:01Z
2026-10-03,P035,v1,poz3smWFG9E,UgxN-ZnnDPcRmu6FV1h4AaABAg,Hamesha 3 ghante mat bola kro bhai thoda to reality wala bola kro,0,2026-02-05T20:08:23Z
2026-10-03,P035,v1,poz3smWFG9E,UgxTFF1vjTOWEFxXpj54AaABAg,But on 60fps Run Karoge To Shayad Jyada time Chalein,0,2026-06-10T14:57:23Z
2026-10-03,P035,v1,poz3smWFG9E,UgyX4d3HwDZfLdHjmQt4AaABAg,165 fps pe bhi 7 hours diya basically log 120 fps hi khelta hai jyada tak main bhi OP 15R use kar raha hu bahot mast battery chalta hai aur game bhi kaafi smooth . 8 hours aram se chalega 120 fps se ....,0,2026-07-06T18:47:50Z
2026-10-03,P035,v1,poz3smWFG9E,UgwLE6KHqlV5p0ljFw94AaABAg,"On 120 fps ,during bgmi close fight ,fps drops to 80-90,using it from 6 months",0,2026-09-09T14:10:57Z
2026-10-03,P035,v1,poz3smWFG9E,UgxKeW1Kej7-rwYzuOp4AaABAg,Waise toh tum bhi 3 ghante hi bole thee😂😂,0,2026-02-06T09:45:20Z
2026-10-03,P035,v1,poz3smWFG9E,Ugzqt5tu-QzPRD5t4R94AaABAg,Bhai poco x7 pro ka test kab aa raha hai batao 😢😢😢😢,0,2026-02-05T13:06:37Z
2026-10-03,P035,v1,poz3smWFG9E,Ugz89jvRbVb0l0icU3h4AaABAg,"165 me zyada chala kyu ki actually game gives 80 fps only and other 80 fps are generated by the engine virtually , so at actual 120 fps it runs 6 hours",0,2026-02-05T19:50:37Z
2026-10-03,P035,v1,poz3smWFG9E,UgwPlKGP3n6TUqgdus94AaABAg,Bro's Dark circles,0,2026-08-13T16:12:49Z
2026-10-03,P035,v1,poz3smWFG9E,UgwP4qJ1Tof7Cidg_5F4AaABAg,Bro's eyes are Red😅,3,2026-02-05T13:01:14Z
2026-10-03,P035,v1,poz3smWFG9E,UgxyD1iYFSO-Q7pbUul4AaABAg,iQOO neo 10 with great battery backup 120fps par only 5 hours 10 mila tha 6 hours is very great battery backup even with 120 5 hours 10min bhi brightness 80 percent par iQOO neo 10 par,0,2026-02-07T20:07:43Z
2026-10-03,P035,v1,poz3smWFG9E,UgwAM3wAh_9poOWMf_d4AaABAg,"Green display ke mamle mein kya khayal hai ?
Reply....",0,2026-02-05T14:14:32Z
2026-10-03,P035,v1,poz3smWFG9E,Ugx6yxkI81HFIaAshYx4AaABAg,FPS se koi dikkat nahin hai bhai mobile hit hone ke bad Gyroscope dhila ho jata hai aur stable bhi nahi reheta hai koyi feel nahi ata game khelne se,0,2026-09-04T14:42:13Z
2026-10-03,P035,v1,poz3smWFG9E,Ugx-b_QYxhHueyjjNkV4AaABAg,6.30 ghante to mera Vivo t4x hi chal jata hai😂,1,2026-08-13T05:03:33Z
2026-10-03,P035,v1,poz3smWFG9E,Ugy5XePh_eukrRuwXgl4AaABAg,Bhai ji apna mobile network se khelo wifi  se kam hi charge khatam hota hai 😅,0,2026-05-31T16:05:51Z
2026-10-03,P035,v1,poz3smWFG9E,UgwJEU57Qhvs7BobsKp4AaABAg,Redmi 14C test karo,1,2026-02-08T10:23:14Z
2026-10-03,P035,v1,poz3smWFG9E,UgzxOHTOiCURSNnQ6uR4AaABAg,Temperature kitna gya ??,1,2026-02-06T14:28:32Z
2026-10-03,P035,v1,poz3smWFG9E,UgwVQg9gsvnf5ufN8al4AaABAg,Bhai time ko blur q kiya 😂🤔,0,2026-02-08T14:00:22Z
2026-10-03,P035,v1,poz3smWFG9E,UgwxTIlBOa0Qkti1HSd4AaABAg,Bhaii aap to 3 hi ghante bol rhe the😢😂😂,0,2026-08-13T09:50:28Z
2026-10-03,P035,v1,poz3smWFG9E,UgwQSXW3ZE8dPSSomFh4AaABAg,Iq long term test like neo 7 iq 12,0,2026-02-06T01:35:22Z
2026-10-03,P035,v1,poz3smWFG9E,UgyfipJkw6fpRIiC2gZ4AaABAg,"150 fps ka decent gameplay bol raha hai 🥲, me abhitak smooth plus 40fps pe khelta hun 🙃",0,2026-04-11T05:47:59Z
2026-10-03,P035,v1,poz3smWFG9E,UgxG18rbwPzV9yTO-tN4AaABAg,Why is the timer blurry???,0,2026-10-03T03:00:21Z
2026-10-03,P035,v1,poz3smWFG9E,UgzrzTDai0IVDyPsm8N4AaABAg,Ye toh letest news hai jyda fps pe jyda battery backup,0,2026-02-08T17:26:17Z
2026-10-03,P035,v1,poz3smWFG9E,UgxDj8DKlmp93U-AACp4AaABAg,Bgmi 120fps hi support krta h max😅😂😂,1,2026-07-12T18:31:56Z
2026-10-03,P035,v1,o0ckU16RMyI,UgxvYcI0g3a2dCNLOuR4AaABAg,Imagine techo seeing this 😂😂,168,2025-12-24T17:27:00Z
2026-10-03,P035,v1,o0ckU16RMyI,UgwdSjngQNwnXif-QJV4AaABAg,"Techmaster ❌
Technogamer ✅😂",50,2025-12-27T00:38:53Z
2026-10-03,P035,v1,o0ckU16RMyI,UgxoqAAl5UBSQMJDe0x4AaABAg,"""Techno gamerz se bhi bade gamer""was epic.when techno see this😂😅...?",35,2026-06-10T06:14:49Z
2026-10-03,P035,v1,o0ckU16RMyI,Ugwk6sSyCZ5W7OgFMpd4AaABAg,"Bhaiya hai toh gaya toh ab kyo lena 😂😂😂❤❤ 
Starting se follow kar raha hu jab aapke 500k the apki video daily like karta hu bhaut achi lagti hai saari jankari yahi se le leta hu tech ki",3,2025-12-24T14:01:47Z
2026-10-03,P035,v1,o0ckU16RMyI,UgyL9jbxvzSYxl0Hq_N4AaABAg,Bhai sabka papa asa hona chahiye ❤❤❤❤,3,2025-12-24T16:50:58Z
2026-10-03,P035,v1,o0ckU16RMyI,UgwivsryBwtjOGwUVg94AaABAg,Promotion karne ka thodi casual hai,18,2026-01-24T21:45:14Z
2026-10-03,P035,v1,o0ckU16RMyI,UgybkbuqvjzfHLmk91N4AaABAg,Merry Christmas ⛄⛄⛄⛄,5,2025-12-25T03:41:34Z
2026-10-03,P035,v1,o0ckU16RMyI,UgwbCBtTN3oiRkyDgDx4AaABAg,"Bhai jo bhi bolo content bhout hi acha hai Bhai Bhai main suru se he dekte araha hu contant bhout acha hai, easy way samajh aata hai, or bhaiya hame safety tips bhi dete rehte hai bhai top tech yt toh yahi hai ❤❤❤",1,2025-12-25T04:31:30Z
2026-10-03,P035,v1,o0ckU16RMyI,Ugw-FW0wdVOzT0x6Z314AaABAg,Hi bhai namashkar❤ mein apka har video dekhtta hun har video mein kuch na kuh nayya sikhne ko milta hai hamara knowledge gain hota hai bhai thank you ❤ mein apko hamesha support karunga,1,2025-12-25T03:24:54Z
2026-10-03,P035,v1,o0ckU16RMyI,UgyOGM4zjK_sZUT9ZYR4AaABAg,"Techno gamer be like : tumhare paas oneplus 15 hai toh mere paas most powerful PC hai 
Oneplus ka Baap 😂😂",33,2025-12-24T13:34:08Z
2026-10-03,P035,v1,o0ckU16RMyI,Ugz-iPpenp-qZ2PW0sJ4AaABAg,Bhaiya aise hi video late raho bahut knowlege milta hai 🤗,0,2026-09-07T07:53:20Z
2026-10-03,P035,v1,o0ckU16RMyI,UgylLpvs1p8vqVy4I-x4AaABAg,"पापा का हृदय परिवर्तन OnePlus के प्रोसेसर से भी तेज़ है! 😂""",1,2025-12-24T14:01:41Z
2026-10-03,P035,v1,o0ckU16RMyI,UgzehVNKOownilfZowl4AaABAg,🔋 7400 mah 🔋 ki 🔋 battery 🔋 ab to beta charging mein phone lagakar padega Bhi nahin 😂,6,2025-12-24T14:02:28Z
2026-10-03,P035,v1,o0ckU16RMyI,UgxcaOJvyjd1rEAcij94AaABAg,Bhaiya mujhe bhi gaming kerna pasand hai lekin mere pass best gaming mobile nahi hai ap koi giveaway chalenge ker do 😅😊,1,2026-01-02T16:08:11Z
2026-10-03,P035,v1,o0ckU16RMyI,UgyH2IOtBKWaOY6Kn3x4AaABAg,❤️ brother main tumhara subscriber hun,1,2025-12-27T07:41:27Z
2026-10-03,P035,v1,o0ckU16RMyI,UgxUf3DTEkMdgZYY34h4AaABAg,Hello bhaiya aapka new video aacha laga ❤❤,0,2025-12-25T04:50:16Z
2026-10-03,P035,v1,o0ckU16RMyI,UgzFsv7AfaIuNn6d4KR4AaABAg,Bhai kamla horror gameplay kar dona,0,2026-05-15T06:04:18Z
2026-10-03,P035,v1,o0ckU16RMyI,UgwM-wkXbmUGCMdQdPx4AaABAg,Big fan bhaiya ❤❤❤❤❤❤,1,2025-12-24T14:23:39Z
2026-10-03,P035,v1,o0ckU16RMyI,UgygXQxSoLzW_MfJHMd4AaABAg,Kaash meri bhi life aapke jaisi hoti techmaster bhai par meri kismat mein to phone hai hi nahi par muje apki videos bohot pasand hain keep going bhai and keep growing,0,2026-06-23T03:48:58Z
2026-10-03,P035,v1,o0ckU16RMyI,Ugxms1luUhFyQwiQvbh4AaABAg,26 million ki party 🎉 bhaiya,0,2025-12-24T13:40:06Z
2026-10-03,P035,v1,o0ckU16RMyI,UgxaVTF-U779qgktbr14AaABAg,All video is very nice,1,2026-01-05T12:21:31Z
2026-10-03,P035,v1,o0ckU16RMyI,UgxfbQ5FCZtiguc5_kF4AaABAg,Bhai aap nathing phone ka bhi video bnao 😂😢,1,2025-12-26T10:09:08Z
2026-10-03,P035,v1,o0ckU16RMyI,UgwFh61YLL1OOTP2yg94AaABAg,Teach master sir aap aapka promotion Ho Gaya aur aap ab teach gamer ho,0,2026-01-15T03:37:16Z
2026-10-03,P035,v1,o0ckU16RMyI,UgwxSSerFE2uw3JyU7B4AaABAg,Bhai  aap ke cafe  ka kiya hua,1,2025-12-24T18:40:27Z
2026-10-03,P035,v1,o0ckU16RMyI,UgyWKwHDT7hCg2XjNS94AaABAg,Bhaiya Matlab aap dusro ko detho par muje nahi 😅,0,2025-12-29T09:09:35Z
2026-10-03,P035,v1,o0ckU16RMyI,UgzugUzC0JTjiUo0RsR4AaABAg,"Bhai phone  hatt mey le kar ke bol raha hey ki iss phone ko dila do , matlab oho alag level  ka banda thaa 😂😂😂🎉",0,2026-08-30T03:18:30Z
2026-10-03,P035,v1,o0ckU16RMyI,Ugx2S3YA5y6_rNq1dJ14AaABAg,Techno gamer be like - wah kya joke mara hai 😅😅😅😅😅😅😅,10,2026-01-07T01:58:21Z
2026-10-03,P035,v1,o0ckU16RMyI,UgzMvo8iwX5PJut9mrZ4AaABAg,bhaiya app a phone insta me giveway kr rahe hai na,0,2026-01-14T11:58:02Z
2026-10-03,P035,v1,o0ckU16RMyI,Ugzx8_YacU7QMKN-WZh4AaABAg,मैंने सब्सक्राइब कर दिया है भाई,2,2026-01-02T08:03:12Z
2026-10-03,P035,v1,o0ckU16RMyI,UgwjYdWRE-AnbkxCfdR4AaABAg,Ma bhi gamer ho😊😊❤,1,2026-07-13T14:12:09Z
2026-10-03,P035,v1,o0ckU16RMyI,Ugy8x1VFg7rELB_0ndN4AaABAg,05#*05#*05#,1,2025-12-30T09:21:24Z
2026-10-03,P035,v1,o0ckU16RMyI,Ugxi7MAj3u8Wua3wu-x4AaABAg,Bhai big fan 😊❤,0,2025-12-24T16:23:04Z
2026-10-03,P035,v1,o0ckU16RMyI,Ugz7fksd2b6zd3v9TKN4AaABAg,Brother gifts kab dena strt kroge ?,0,2025-12-24T13:37:39Z
2026-10-03,P035,v1,o0ckU16RMyI,UgxfXrVvMaoWBYasSC14AaABAg,Techno gamer be like😅,2,2026-03-08T15:18:01Z
2026-10-03,P035,v1,o0ckU16RMyI,UgyISvYi50CE7ZgnjkF4AaABAg,FINNALY 1st🏁,1,2025-12-24T13:31:53Z
2026-10-03,P035,v1,o0ckU16RMyI,UgyhoD6p04noEfYLh494AaABAg,Bhai to haath me dikha ke bol raha h ki mere ko ye hi dial do,1,2025-12-30T16:23:27Z
2026-10-03,P035,v1,o0ckU16RMyI,UgyNj3pssN3fjlmron14AaABAg,Well done boys 🎉🎉,0,2025-12-24T13:46:01Z
2026-10-03,P035,v1,o0ckU16RMyI,Ugw8mY5UMGDMS0yDn-l4AaABAg,Hello bhai,1,2025-12-25T03:02:55Z
2026-10-03,P035,v1,o0ckU16RMyI,Ugy9fOvltEVYhyCcAPR4AaABAg,Bhaiya bohot badiya rahega bangao,0,2026-06-30T03:04:32Z
2026-10-03,P035,v1,o0ckU16RMyI,UgxDW0YOao4bmI8u0114AaABAg,Badhaiyan aapko take master aapke 26 milian Ho Gaye🎉🎉🎉🎉🎉🎉🎉🎉🎉🎉🎉🎉🎉🎉🎉🎉🎉🎉🎉,0,2025-12-25T05:28:07Z
2026-10-03,P035,v1,o0ckU16RMyI,UgxNDQvhWnSWjhb9E694AaABAg,FINALY FIRST ❤❤❤😊😊,1,2025-12-24T13:31:31Z
2026-10-03,P035,v1,o0ckU16RMyI,UgzZUHoDeeyRP0AJXR54AaABAg,Ye wala phone hi gift kardo har video par comment karta hu😂😂,0,2025-12-24T15:34:21Z
2026-10-03,P035,v1,o0ckU16RMyI,UgybaR2RXWFd3vgVuyR4AaABAg,I like all video,1,2026-01-05T12:20:59Z
2026-10-03,P035,v1,o0ckU16RMyI,UgxfTkDkZxNUfyVgaXt4AaABAg,Hay bhai ❤❤,1,2025-12-24T15:34:41Z
2026-10-03,P035,v1,o0ckU16RMyI,Ugx3DeZp1fM6gvEBVa54AaABAg,Le technogamerz- mere naam ka promotion ho gya free mein😂😂,0,2026-01-04T14:50:14Z
2026-10-03,P035,v1,o0ckU16RMyI,Ugz3Fi6c9hdorsUFoAV4AaABAg,Bhai jo game khel rahe the wo kaise download hoga,0,2025-12-25T16:22:06Z
2026-10-03,P035,v1,o0ckU16RMyI,Ugxw1-BGsxvmt8y9Sgd4AaABAg,Main bhi ek youtuber hun mujhko bhi aapki tarah banna hai😊😊😊,0,2026-06-15T11:44:56Z
2026-10-03,P035,v1,o0ckU16RMyI,Ugzdnl7MC02kiqrBerl4AaABAg,"Please 
I believe you bhaiya
😊",0,2025-12-24T17:09:18Z
2026-10-03,P035,v1,o0ckU16RMyI,UgxKKJdi9giTlQshawJ4AaABAg,Bhaiya big fan,0,2026-01-02T10:43:32Z
2026-10-03,P035,v1,o0ckU16RMyI,UgyVgoli6o1Km_R5gj14AaABAg,Techno be like come then let's  do 1vs 1😂😂😂😂,0,2026-06-30T10:31:48Z
2026-10-03,P035,v1,o0ckU16RMyI,UgyspdDLeiit48TaYKF4AaABAg,You are the best tech youtuber in the world ❤u,0,2026-09-07T02:30:34Z
2026-10-03,P035,v1,o0ckU16RMyI,Ugz5ZClYiqMRmJ5aGTt4AaABAg,"Ujjwal be like-mujhe kyu toda 
😂😂😂😂",0,2025-12-25T15:35:47Z
2026-10-03,P035,v1,o0ckU16RMyI,Ugxqj2r7tAvbq_ez9UZ4AaABAg,Bhai ke hath mein to already phone Hai to fir kya do do phone lekar ghumenge 😅,0,2026-07-27T12:48:19Z
2026-10-03,P035,v1,o0ckU16RMyI,UgyNCfvkGsjeU-qrsoF4AaABAg,Are meko dilaa do 😊,1,2026-07-15T03:31:11Z
2026-10-03,P035,v1,o0ckU16RMyI,UgyyjNZuZPC_pera-L54AaABAg,Bhai agar iss video ko techno bhaiya ne dekha toh 😂,0,2026-07-17T16:42:01Z
2026-10-03,P035,v1,o0ckU16RMyI,UgwTVw40X7SpXWsP5ed4AaABAg,Very Nice video 🎉🎉🎉😂❤,1,2026-06-25T06:34:03Z
2026-10-03,P035,v1,o0ckU16RMyI,UgwWGo41xiqJIfno8il4AaABAg,ek mare liya bhe le aana bhai,0,2026-01-31T18:46:45Z
2026-10-03,P035,v1,o0ckU16RMyI,UgxrmOmTOpGXliFGgSJ4AaABAg,Aaaare bhai. ❤,0,2025-12-24T13:49:06Z
2026-10-03,P035,v1,o0ckU16RMyI,UgwpSsKamSIJYH4ngIF4AaABAg,You very very chalak bro😅😅,0,2025-12-25T02:43:41Z
2026-10-03,P035,v1,o0ckU16RMyI,UgxELD1WLpBJP6kvhXV4AaABAg,भाई मैं आपका बहुत बड़ा फैन भी हूं और सब्सक्राइबर भी,0,2026-06-29T04:38:55Z
2026-10-03,P035,v1,o0ckU16RMyI,UgxNIwRZSP7k7SdkNYt4AaABAg,First📍,1,2025-12-24T13:31:28Z
2026-10-03,P035,v1,o0ckU16RMyI,UgySMbWuRGyGjqzIYot4AaABAg,Bhiyaa me aap ki har ek shorts dekhta hu aap ne abhi tak mujhe ek bhi mobile gift nahi kia bhiyaa 😢😢😢,0,2025-12-24T14:07:35Z
2026-10-03,P035,v1,o0ckU16RMyI,UgzAEsdAilt00Th1Nbx4AaABAg,"Day 60🎉
@Arvind bhaiya ❤
Bhaiya promotion aise karte hai jaise koi movie ka scene ho par maza bahut aata hai 🎉😊😊
Mujhe bhi 1 phone dedo bhaiya 😥😥😥😢
LOVE YOU FROM BIHAR 💝",0,2025-12-24T13:34:13Z
2026-10-03,P035,v1,o0ckU16RMyI,UgwAyNXAmr1JGEnxKOx4AaABAg,Happy 26 million,0,2025-12-25T07:20:54Z
2026-10-03,P035,v1,o0ckU16RMyI,Ugwyoqn-z1cRKLKxqqp4AaABAg,Techno gamer be like:sapna dakho,0,2026-01-02T06:01:11Z
2026-10-03,P035,v1,o0ckU16RMyI,UgxbtKupsTTSkqBlW0l4AaABAg,Jab phone  heath me hai toh Lena kis liye hai bhai !!!!!!!😅😅😅😅,0,2026-01-05T12:10:21Z
2026-10-03,P035,v1,o0ckU16RMyI,Ugwd4uM8oCUsCXc6q054AaABAg,This era of tecno gamer,0,2025-12-24T14:12:10Z
2026-10-03,P035,v1,o0ckU16RMyI,UgwyDJC1R96oppZmbQV4AaABAg,Bhagwan kare apke channel per 20 crore subscribe ho jaye,0,2026-08-03T10:41:11Z
2026-10-03,P035,v1,o0ckU16RMyI,Ugzv1_qgo-J2EQOQTiR4AaABAg,Bhai kya Gemini per apna Google jamai per apna photo upload karna sahi hai kya video banakar bataiye next video mein is sawal ka jawab please dijiyega bhai,0,2025-12-25T04:09:11Z
2026-10-03,P035,v1,o0ckU16RMyI,UgzJ19dSex5_oNQ0QgV4AaABAg,Tech Master Bhai iska price batao please main aapka subscriber hun,0,2025-12-25T03:47:51Z
2026-10-03,P035,v1,o0ckU16RMyI,UgwiActQOvDeHRpVJhZ4AaABAg,अरे भाई तुम लोग कुछ गिव वे करोगे फोन 😂,0,2025-12-25T12:47:44Z
2026-10-03,P035,v1,o0ckU16RMyI,UgxPWr1v1iP-bXaqUw94AaABAg,Big fan bro,0,2025-12-25T00:46:05Z
2026-10-03,P035,v1,o0ckU16RMyI,UgzGPJ91TjdfrqSNm9h4AaABAg,You will be very good gamer,0,2026-01-10T18:25:08Z
2026-10-03,P035,v1,o0ckU16RMyI,Ugx1ki4Wj5SVz4jFdip4AaABAg,Techno gamer be like beta Sapna kabhi Sach nahin hote,0,2026-05-04T17:42:08Z
2026-10-03,P035,v1,o0ckU16RMyI,UgzDODT9uEEK07pOfVx4AaABAg,Bhiya mai bahut Garib hu mughe ak phone de dijiye padhai ke liye 😢,1,2026-08-26T05:44:03Z
2026-10-03,P035,v1,o0ckU16RMyI,UgzjVMoupC17wNDaaJ54AaABAg,Bhai itna phone dikhate ho to mini iPhone 16 Pro Max dikhao❤❤❤,0,2025-12-25T09:56:16Z
2026-10-03,P035,v1,o0ckU16RMyI,Ugyce6VOsxBCjzj6X994AaABAg,Make video on Vivo T4r,0,2025-12-25T05:11:18Z
2026-10-03,P035,v1,o0ckU16RMyI,UgwpvIpQSLnkH8XRl4B4AaABAg,Bhiya yehi mera favourite phone haiiii😅😅,0,2025-12-28T09:20:25Z
2026-10-03,P035,v1,o0ckU16RMyI,UgzRq3-DTr2PNexWQHt4AaABAg,बनाते हैं कहीं लोग वीडियो मगर आप जैसा कोई नहीं प्लीज भाई हेल्प करो मुझे भी आई वीडियो बनाने के लिए फोन चाहिए प्लीज भाई हेल्प कर दो,1,2025-12-24T15:24:08Z
2026-10-03,P035,v1,o0ckU16RMyI,Ugw3yiJGXzn9GhB-uIB4AaABAg,Is Garib kobhi ak phone deke meher bani kar do bahiya bhagwan app ka bhala kare ga 😅,0,2026-07-12T02:54:30Z
2026-10-03,P035,v1,o0ckU16RMyI,UgwshyHJ5FIzpdQYd-B4AaABAg,Bhaiya main bohot din se apka video me like comment share karta hu par mujhe gift kyu nahi Kiya ❤,0,2026-01-03T12:48:57Z
2026-10-03,P035,v1,o0ckU16RMyI,UgwWXi4k8oO2dx9a6Kh4AaABAg,Me aap ka fan,0,2026-01-11T07:56:09Z
2026-10-03,P035,v1,o0ckU16RMyI,UgyPHuFEX0f3Ij-gCdR4AaABAg,Bhai koi new phone batao jo 13000 under ho,0,2025-12-25T07:46:55Z
2026-10-03,P035,v1,o0ckU16RMyI,UgxE__vQ1u7t-CqqqkR4AaABAg,Bhai Tere pass hai to,1,2026-01-07T04:20:45Z
2026-10-03,P035,v1,o0ckU16RMyI,Ugw_8kdXZj4BFCIh0Yd4AaABAg,how you are getting this many phones are you paying for that phone or the companies giving you free,0,2025-12-27T04:08:15Z
2026-10-03,P035,v1,o0ckU16RMyI,UgzaSrZlBZIAgceSs0x4AaABAg,Techno be like:if you have OnePlus 15 then I have Galaxy s26 Ultra,0,2026-01-02T07:34:22Z
2026-10-03,P035,v1,o0ckU16RMyI,Ugyb2bfHf4gWYKP5AZt4AaABAg,Bhaiya  ❤❤❤,0,2026-01-27T11:56:58Z
2026-10-03,P035,v1,o0ckU16RMyI,UgxMZ3p1il_UBzWNI5B4AaABAg,Price Bata do Bhai,0,2025-12-25T13:40:20Z
2026-10-03,P035,v1,o0ckU16RMyI,UgxghvAGiJvM7oTmmAZ4AaABAg,Helo bhiya,0,2025-12-28T19:51:56Z
2026-10-03,P035,v1,o0ckU16RMyI,UgwbK5kv8EdKZgprqfF4AaABAg,Kitne ka he ye waise,0,2025-12-28T12:24:59Z
2026-10-03,P035,v1,o0ckU16RMyI,UgzdD3KF7lyLcSvjhmV4AaABAg,"Short ❌
Ads✅",0,2026-09-04T09:43:10Z
2026-10-03,P035,v1,o0ckU16RMyI,Ugzto4Dp3813g6g1kEp4AaABAg,"Hello [Arvind Bhaiya/Tech Master Shorts], I am a huge fan! I always watch your videos. I really want a good gaming phone but I completely lack the budget for it. Would it be possible for you to gift me a good gaming mobile in one of your upcoming giveaways, or if possible, personally? It would be a huge support for me, allowing me to do some good gaming too. Thank you.❤🎉🎉❤❤",1,2026-01-04T18:11:59Z
2026-10-03,P035,v1,o0ckU16RMyI,UgwEDLYGuRYJnfzEu0t4AaABAg,Bro ek phone giveway krdo,0,2026-01-02T04:59:54Z
2026-10-03,P035,v1,o0ckU16RMyI,Ugwk3rANpcjXbzxO6XZ4AaABAg,Bhai mujhe ek phone gift kar do na,2,2025-12-31T14:29:02Z
2026-10-03,P035,v1,o0ckU16RMyI,Ugy20zInsJyIItT4N4p4AaABAg,bro meenu ek vadia phone chahida ga processer vala pls can you help me,0,2026-01-02T04:07:29Z
2026-10-03,P035,v1,o0ckU16RMyI,UgwGSo2tnWsz514-jQR4AaABAg,Bade bhai Jab aap phone dikhate ho na to uska price bataya Karo Hindi mein kitne rupaye ka phone main Roj dekhta hun aur main naya phone Lene wala hun koi aisa batao Jo water proof Hona chahie,0,2026-08-24T09:00:10Z
2026-10-03,P035,v1,o0ckU16RMyI,UgzqQh_MBY9lJ9adSNV4AaABAg,Bhaiya dedo ma leptop please 🥺🥺 subscriber hu me aapka,10,2025-12-24T17:05:38Z
2026-10-03,P035,v1,o0ckU16RMyI,Ugz3MdZB40fZRY4G25B4AaABAg,Bhai kitne sal se comment kar raha hu dedo yr ek phon,1,2025-12-24T15:18:31Z
2026-10-03,P035,v1,o0ckU16RMyI,UgwzUChlfNYz-GhvqPx4AaABAg,Dada aap bol rahe ho ki dilda do balki aapke haanth mein kya hai,0,2026-08-16T01:00:26Z
2026-10-03,P035,v1,o0ckU16RMyI,Ugz2dROdHNbnILFSTX54AaABAg,Please review noting phone 3a,0,2026-01-11T18:58:21Z
2026-10-03,P035,v1,S93xkTKHdnM,UgzOFWgJZ6cC4KX6kex4AaABAg,Phone ka look 😍😭,41,2026-07-23T17:28:04Z
2026-10-03,P035,v1,S93xkTKHdnM,UgzUgTRraT9KT8Rn3IJ4AaABAg,Watching on oneplus 15r 👍🏻,4,2026-08-20T13:01:09Z
2026-10-03,P035,v1,S93xkTKHdnM,UgwMv9NRSsF7Kk_0blp4AaABAg,ALHAMDULILLAH Watching in ONEPLUS 15 BEAST ☠️🎉,41,2026-07-23T07:55:21Z
2026-10-03,P035,v1,S93xkTKHdnM,Ugwo821yFJ2r1nwBYuN4AaABAg,me to aakh se chand dekhta hu 😂😂,6,2026-07-26T23:07:09Z
2026-10-03,P035,v1,S93xkTKHdnM,UgzsF1MF3axDRnXXRjp4AaABAg,I had a very bad experience with this phone I sold it within 4 months,0,2026-08-21T07:43:19Z
2026-10-03,P035,v1,S93xkTKHdnM,Ugz5z7nh-XRgCosA7UJ4AaABAg,What about display blue colour and display green line problem,0,2026-09-08T19:08:53Z
2026-10-03,P035,v1,S93xkTKHdnM,Ugyo58deUFPtKkiptd94AaABAg,this is a beast❤,1,2026-08-08T17:31:38Z
2026-10-03,P035,v1,S93xkTKHdnM,Ugxnl55vf3sbagT3CaR4AaABAg,wo samsung S25ultra hai na ke ye,0,2026-09-08T10:32:31Z
2026-10-03,P035,v1,S93xkTKHdnM,UgxSBzXHqbDQvH1cNFB4AaABAg,Oneplus 15 le ya 16 ka wait kre,0,2026-08-18T14:15:49Z
2026-10-03,P035,v1,S93xkTKHdnM,UgyBQZlm2rd0RSjJBmp4AaABAg,Display?? Hd or LCD,0,2026-09-13T08:36:33Z
2026-10-03,P035,v1,S93xkTKHdnM,Ugya_YhyJgSAuIiJN1p4AaABAg,Yeahi phone se dekh ra hu dekh k aacha Laga 🥰,7,2026-08-15T21:08:25Z
2026-10-03,P035,v1,S93xkTKHdnM,UgyABPSUuXk6paMoIYZ4AaABAg,Ai nhi he ultra me he😅,3,2026-07-22T15:30:07Z
2026-10-03,P035,v1,S93xkTKHdnM,UgzKs0l1qY0qgDT7zNV4AaABAg,Price phone ?,0,2026-07-25T08:00:08Z
2026-10-03,P035,v1,S93xkTKHdnM,Ugx8zu24s-upNlJ99cN4AaABAg,Camera quality kesi hai,0,2026-08-04T11:10:05Z
2026-10-03,P035,v1,S93xkTKHdnM,Ugw7FqTWHTTQS98_JsZ4AaABAg,Price kitna hai,0,2026-08-02T09:50:29Z
2026-10-03,P035,v1,S93xkTKHdnM,UgyQaV9zkuaT0XVGNdB4AaABAg,Konsa model hai oneplus ka?,40,2026-07-21T23:20:40Z
2026-10-03,P035,v1,S93xkTKHdnM,UgxzSJE43Yqvf_iJir94AaABAg,Green line to avi v aarhi h,0,2026-09-07T18:46:50Z
2026-10-03,P035,v1,S93xkTKHdnM,Ugzy015xd-Uxx_EKhvp4AaABAg,What about green line,0,2026-08-24T17:17:06Z
2026-10-03,P035,v1,S93xkTKHdnM,UgwBdfdc5f-wkmDe3A54AaABAg,Price,0,2026-08-16T13:24:51Z
2026-10-03,P035,v1,S93xkTKHdnM,UgzmtPGAGd9CdUpFOkx4AaABAg,Watching oneplus 13s,0,2026-08-22T07:15:12Z
2026-10-03,P035,v1,S93xkTKHdnM,UgyHv1NIjjjZNGq8ueB4AaABAg,Mujhe de do bhai pisa me bhi le lu,1,2026-07-28T12:15:55Z
2026-10-03,P035,v1,S93xkTKHdnM,Ugx9hYvq2LhAcyKHcZN4AaABAg,Thala for a reason,1,2026-07-28T08:26:27Z
2026-10-03,P035,v1,S93xkTKHdnM,UgzlfStS5gyCGG4X3454AaABAg,😊😊❤,1,2026-07-30T10:23:58Z
2026-10-03,P035,v1,S93xkTKHdnM,UgwFvS75Ek5ND6sqvF54AaABAg,😮😮,0,2026-07-28T15:30:30Z
2026-10-03,P035,v1,S93xkTKHdnM,UgwoL_vKRvA3mEyZsVp4AaABAg,А Я продал мои iphone 17 pro max и купил oneplus 15 просто невероятно лучше лучше чем iphone чут чут камера лучше iphone но плюсы oneplus 15 больше 💪,0,2026-08-24T16:11:31Z
2026-10-03,P035,v1,S93xkTKHdnM,Ugyjtsz_QyE3TpSb38V4AaABAg,Ye kya tha,0,2026-08-18T14:14:29Z
2026-10-03,P035,v1,S93xkTKHdnM,Ugy6J97A6sHiUobPMnl4AaABAg,Rate,0,2026-09-05T10:30:35Z
2026-10-03,P035,v1,S93xkTKHdnM,Ugz3umDI1Xo8mwrZnuR4AaABAg,Price 100000,0,2026-08-18T13:28:54Z
2026-10-03,P035,v1,S93xkTKHdnM,Ugyi6WdqDnFX-xf6My94AaABAg,"Bhai i have it and beleive me the camera is like bekar 30k ka phone bhi hara de meine November mein khardia tha. I have iphone 17 , s25 ultra , uqoo 13 , poco f7 5g. But one plus is good in battery but camera is very bad.",0,2026-08-25T14:27:20Z
2026-10-03,P035,v1,S93xkTKHdnM,UgyLusqRafc8zBCNaJR4AaABAg,Main isi phone se dekh raha hu 😂😂,0,2026-08-13T16:11:01Z
2026-10-03,P035,v1,S93xkTKHdnM,UgxecZuVRdkoSLMJJsN4AaABAg,🎉🎉🎉🎉,0,2026-07-26T05:55:18Z
2026-10-03,P035,v1,S93xkTKHdnM,UgxplnkWy_A92sN-9nt4AaABAg,74k prse bhi hai,0,2026-08-01T22:04:46Z
2026-10-03,P035,v1,S93xkTKHdnM,UgzfjhBInatNo99_bQd4AaABAg,Are you indian ??😊,0,2026-08-10T11:21:52Z
2026-10-03,P035,v1,S93xkTKHdnM,UgxkMn2TU8pN0E38HQN4AaABAg,Tu mera dekh le😂,0,2026-07-27T10:42:54Z
2026-10-03,P035,v1,S93xkTKHdnM,UgyaZpEDGfIA5HNJLUd4AaABAg,Big fan of Mahi Bhai❤️ & watching on 1+ 15😎,0,2026-08-25T14:50:50Z
2026-10-03,P035,v1,S93xkTKHdnM,Ugzfyn3YSGvnOn0j1jx4AaABAg,M isko sell karuga ab,1,2026-08-03T07:58:01Z
2026-10-03,P035,v1,S93xkTKHdnM,Ugz4rZPxa4FGU2Ds8HJ4AaABAg,O o o,0,2026-08-30T13:39:14Z
2026-10-03,P035,v1,S93xkTKHdnM,UgwWMb7bNsinK4ms4pR4AaABAg,Par dar lagta hai green line aa jai to🥹🥹🥹,0,2026-08-21T15:16:14Z
2026-10-03,P035,v1,S93xkTKHdnM,UgypYaLaOWJiLAYfTP54AaABAg,Thala ❤,3,2026-07-21T14:54:33Z
2026-10-03,P035,v1,S93xkTKHdnM,UgzPKq1_UPuZ1QjGri14AaABAg,Mera lamdawda ko bhi one plus ka phone na chalayea,0,2026-09-13T14:51:22Z
2026-10-03,P035,v1,S93xkTKHdnM,UgwbHX99LeI3zYEyfsZ4AaABAg,Maine15 din phle liya h koi mat lena,0,2026-08-03T07:57:52Z
2026-10-03,P035,v1,S93xkTKHdnM,Ugx96rr9UvldwBHJv114AaABAg,P,0,2026-08-19T20:39:45Z
2026-10-03,P035,v1,S93xkTKHdnM,Ugw8CMUZgJS6uQQ-juh4AaABAg,Copy paste 😂😂😂 Chand sab Hugte hain💩💩💩🤣🤣🤣,0,2026-08-20T17:03:03Z
2026-10-03,P035,v1,S93xkTKHdnM,UgzRBXRkP8EgS73sS9F4AaABAg,Camre me dam nhi hai,0,2026-08-03T12:43:50Z
2026-10-03,P035,v1,S93xkTKHdnM,UgyBXSJGKN2NmETwUjF4AaABAg,Bekar phone h network nahi aata,0,2026-08-03T07:57:39Z
2026-10-03,P035,v1,S93xkTKHdnM,Ugy2JzsKlqMw-6YjjD14AaABAg,Lekin ek second kya vo thala hai 😮😮😅😅😅😂😂😂,0,2026-08-08T05:32:02Z
2026-10-03,P035,v1,S93xkTKHdnM,UgwxUNL2dQuleZIDGTh4AaABAg,China phone 😂😂😂😂😂😂😂😂,0,2026-09-08T03:05:42Z
2026-10-03,P035,v1,S93xkTKHdnM,Ugx3XmyyFMsjoI_8ch14AaABAg,Ghatiya phone hai abhi yisi se comment kar raha hu camera bekar hai sabse ghatiya,0,2026-08-18T01:22:49Z
2026-10-03,P035,v1,S93xkTKHdnM,Ugx0tCOiEAVGZ-7TXKJ4AaABAg,Aaj aap ney ic phone sey Lun dikha diya 😂,0,2026-08-25T13:36:10Z
2026-10-03,P035,v1,S93xkTKHdnM,UgxBh_qxy3yLa50i_dx4AaABAg,Nothing phone copy 😅😂😂,0,2026-09-08T12:14:53Z
2026-10-03,P035,v1,S93xkTKHdnM,UgwTM41TFPBSIzsZd_l4AaABAg,Price,0,2026-08-20T16:59:15Z
2026-10-03,P035,v1,S93xkTKHdnM,UgwiLHZOH4NhQE568Lt4AaABAg,Thala for a reason,0,2026-08-08T01:53:44Z
2026-10-03,P035,v1,1Q8G3lpwzF8,UgxDLM0GBVO_ebX84NN4AaABAg,I personally love the design. Simple and elegant. Gives a classy look.,447,2025-12-20T16:42:03Z
2026-10-03,P035,v1,1Q8G3lpwzF8,UgzEj-QOMN0G7p92a1h4AaABAg,Design is way better than other previous r models honestly!,102,2025-12-21T03:16:53Z
2026-10-03,P035,v1,1Q8G3lpwzF8,UgygXpeK34q-C84yLfZ4AaABAg,Atleast he's transparent about the vfm aspect unlike other youtubers,144,2025-12-20T13:24:58Z
2026-10-03,P035,v1,1Q8G3lpwzF8,UgzKWflX9L8guWxrQo94AaABAg,I like this design not gonna lie better than other oneplus R phones,64,2026-01-10T13:08:16Z
2026-10-03,P035,v1,1Q8G3lpwzF8,UgxCgbnf8jl6OWcXNJ54AaABAg,Bought 13R for ₹35999 on Diwali. Best decision.,734,2025-12-20T12:40:40Z
2026-10-03,P035,v1,1Q8G3lpwzF8,UgxNpVpqBLAfVWE85IN4AaABAg,"Using 13r and completely satisfied with , camera to battery and gaming❤",25,2025-12-21T03:42:27Z
2026-10-03,P035,v1,1Q8G3lpwzF8,UgzJk-aAtO1-J0y-RA54AaABAg,I like the minimalistic camera design,13,2026-02-04T14:25:58Z
2026-10-03,P035,v1,1Q8G3lpwzF8,UgyvCiFgIBzwhrey9N94AaABAg,"Remember guys, a new chewing gum always tasted good...after that u all knw...😅",42,2025-12-20T12:53:59Z
2026-10-03,P035,v1,1Q8G3lpwzF8,UgwtznecyA1P15xzwZ54AaABAg,"To be very honest, most of them love flat sides with flat screen. Gives a more premium feel. I am now bored of the rounded edges and screen on my OnePlus 12 😢

By the way, one can do digital zoom up to 20x on the main lens 😊",5,2025-12-24T14:22:07Z
2026-10-03,P035,v1,1Q8G3lpwzF8,Ugy28cMLKWltsXChxnl4AaABAg,Nice Hair Brother ☺️,2,2025-12-25T06:17:04Z
2026-10-03,P035,v1,1Q8G3lpwzF8,UgyFAY0yubx8hlCFAbF4AaABAg,8mp ultra wide + no telephoto in 50k😭,12,2025-12-20T17:38:58Z
2026-10-03,P035,v1,1Q8G3lpwzF8,Ugyzzfq2dFzVZFvNWVV4AaABAg,This is VFM when compared to the Realme 16 and Reno 15 series.,3,2026-01-11T12:36:05Z
2026-10-03,P035,v1,1Q8G3lpwzF8,UgwK9Jk-LbgpY5DZoQJ4AaABAg,"The 13R does offer greater value, but only if you are willing to miss one full year of updates. Personally, I wouldn't consider this to be a significant advantage.",3,2025-12-26T04:51:20Z
2026-10-03,P035,v1,1Q8G3lpwzF8,Ugwtzb6klbAAXLR2zfd4AaABAg,Usb 2.0 not mentioned i dont know now how to stream.,6,2025-12-25T08:35:21Z
2026-10-03,P035,v1,1Q8G3lpwzF8,Ugz6Mge4fQ6k32nKWn54AaABAg,"Bought 13R for 30k with exchange offer, excellent device💯",1,2026-01-03T18:14:59Z
2026-10-03,P035,v1,1Q8G3lpwzF8,UgyPHiXS-5v7qVQz5gR4AaABAg,mobile phone makers started taking us for granted 😂 no telephoto lens? come on,38,2025-12-20T13:20:14Z
2026-10-03,P035,v1,1Q8G3lpwzF8,UgxV18YZTDFv7K43OjJ4AaABAg,Atleast there is one channel which speaks truth about One plus camera 😢 they cant be trusted at all. Gonna miss One plus iconic round camera isle (hope they come back with it),1,2025-12-21T12:50:22Z
2026-10-03,P035,v1,1Q8G3lpwzF8,UgyL-8AobpBfaNgx6394AaABAg,"Update policy 4 + 6 years is official ??? 
Did not notice it on official webiste ???",5,2025-12-20T15:46:46Z
2026-10-03,P035,v1,1Q8G3lpwzF8,Ugxvz4WiIJM23xVCIBh4AaABAg,Telling no wireless charging like a feature 😂😂,15,2025-12-20T16:52:22Z
2026-10-03,P035,v1,1Q8G3lpwzF8,Ugy0oFR3uJGo1YyUmhN4AaABAg,"Might upgrade to this phone, currently a galaxy s24 user",0,2026-04-15T16:49:40Z
2026-10-03,P035,v1,1Q8G3lpwzF8,Ugwf9Tux3swXGyNw1rZ4AaABAg,Ek number phone h I just bought today,1,2025-12-23T15:22:13Z
2026-10-03,P035,v1,1Q8G3lpwzF8,Ugzu0f3L1NTqYHBr0qd4AaABAg,"Compare Realme GT7 vs Oneplus 15r, I think GT7 is better for the price",4,2025-12-20T18:51:06Z
2026-10-03,P035,v1,1Q8G3lpwzF8,Ugxb2MkUpRDuT_JgBh94AaABAg,"The only downsides of LTPS compared to LTPO is that it is just a little less efficient and cannot go down as far as one hertz. Other than that it's basically what became LTPO. And this time we get Bluetooth 6.0 instead of 5.4, although does not justify the 100 dollar increase 😭✌️",1,2025-12-26T06:23:54Z
2026-10-03,P035,v1,1Q8G3lpwzF8,UgzcfBCQLXn3WtCWBt54AaABAg,"Nice shirt , kindly share the link for shirt",1,2025-12-20T13:42:56Z
2026-10-03,P035,v1,1Q8G3lpwzF8,UgxWLclcNdu4jO1QJNh4AaABAg,when the 15t / 15s will be launched?,1,2025-12-22T09:42:56Z
2026-10-03,P035,v1,1Q8G3lpwzF8,Ugy2eKCrOKGYh1849vZ4AaABAg,But the ip rating and front camera 1080p recording of 13r is not a great deal,1,2025-12-21T08:23:30Z
2026-10-03,P035,v1,1Q8G3lpwzF8,UgwIdFb-WSaxfwDokl54AaABAg,Watching on oneplus 15 ❤,1,2025-12-23T07:57:13Z
2026-10-03,P035,v1,1Q8G3lpwzF8,UgzIZ5IfwIL1e-P6U7d4AaABAg,"When oneplus launched, there all phones were min 30k and max 40k",3,2025-12-20T19:54:36Z
2026-10-03,P035,v1,1Q8G3lpwzF8,UgwIxATD8cNlPvqwNqN4AaABAg,Why buy a 50k gaming phone when you can buy a gaming pc laptop ps5 steamdeck etc,191,2025-12-20T12:44:46Z
2026-10-03,P035,v1,1Q8G3lpwzF8,Ugw_o7w73uPpwiPdqdB4AaABAg,How much storage is available on the first boot out of 256 GB?,1,2025-12-20T17:03:27Z
2026-10-03,P035,v1,1Q8G3lpwzF8,UgwlBeCOKl7Nu23bayJ4AaABAg,Ltpo display is a gimmick nothing else it's offseted by bigger battery so it's about the same thing although if they have given ltpo with this battery size it would be a beast battery performance,6,2025-12-26T18:54:37Z
2026-10-03,P035,v1,1Q8G3lpwzF8,Ugx24PJSwrG286OTsut4AaABAg,Why didn’t you mentioned about usb 2.0 ? If iphone non pro series is giving usb 2.0 the whole youtube will point that.,26,2025-12-21T04:12:55Z
2026-10-03,P035,v1,1Q8G3lpwzF8,UgxS0Mz7rUFzG58FzG94AaABAg,Watching in 13r🗿,3,2025-12-21T04:50:55Z
2026-10-03,P035,v1,1Q8G3lpwzF8,Ugyt5D9J4PpdvuczStx4AaABAg,Magsafe laga ke hojaega wirelessly charged?,0,2026-02-22T11:20:02Z
2026-10-03,P035,v1,1Q8G3lpwzF8,UgwGoB5kpDG5FDtmyTp4AaABAg,Awesome phone,1,2025-12-20T23:46:04Z
2026-10-03,P035,v1,1Q8G3lpwzF8,Ugx1i9YpkKvaATovQrt4AaABAg,Alguien me ayuda por favor? Un amigo se ha comprado un 15R y le resulta muy pesado..me lo vende a 499€ que es lo que me cuesta un 13R.. que hago?,2,2025-12-27T19:25:05Z
2026-10-03,P035,v1,1Q8G3lpwzF8,Ugxpwk6tYa8WNynxV9V4AaABAg,Best phone camera under 50k ? Any recommendations.,0,2025-12-20T13:10:09Z
2026-10-03,P035,v1,1Q8G3lpwzF8,UgxcUAYQJ84YyoLOCfF4AaABAg,Are you sure if it has ufs 4.1 or 4.0?,0,2026-03-23T13:16:37Z
2026-10-03,P035,v1,1Q8G3lpwzF8,Ugzh9iXdggHOqsKh1mp4AaABAg,What will be the best camera ph under 60k,0,2026-09-28T06:25:52Z
2026-10-03,P035,v1,1Q8G3lpwzF8,UgwtWNAOpQxpEP8t8e94AaABAg,13R 🔥,1,2026-01-10T06:43:00Z
2026-10-03,P035,v1,1Q8G3lpwzF8,UgyJG_zX2m6W0DjQRh14AaABAg,Bhai oneplus nord 5 kesa h,1,2025-12-20T14:13:44Z
2026-10-03,P035,v1,1Q8G3lpwzF8,Ugwfko3euWLV63HsJdp4AaABAg,50k no wireless charge ??,6,2025-12-22T15:12:04Z
2026-10-03,P035,v1,1Q8G3lpwzF8,Ugx-8b3BTB1OCz8TLxZ4AaABAg,Does it support esim,1,2025-12-21T10:37:46Z
2026-10-03,P035,v1,1Q8G3lpwzF8,UgyWfP5oeQVgDFE1NCx4AaABAg,I have a OnePlus 12R and my System Storage - Others are 48GB filled and I don't know how to clear this and why this is so high?,1,2025-12-20T14:06:12Z
2026-10-03,P035,v1,1Q8G3lpwzF8,UgxtI7MfbX1RMxoBpzJ4AaABAg,"Hello, have you noticed you can't pick up calls using a Bluetooth headset on third-party apps like WhatsApp.  You will have to pick up the WhatsApp call from the phone",0,2026-01-30T15:21:18Z
2026-10-03,P035,v1,1Q8G3lpwzF8,UgxY6Q2549J8O1L3OzV4AaABAg,8mp ultrawide for big 2026 is crazy 💀💀💀,29,2025-12-21T01:57:44Z
2026-10-03,P035,v1,1Q8G3lpwzF8,Ugz7qhXDRLxmyYcxyap4AaABAg,Which one better 13r or 15r plz suggest me bro plz.  M confused 😢,0,2025-12-25T15:55:08Z
2026-10-03,P035,v1,1Q8G3lpwzF8,UgyWGbBYkBXdgxpH-5l4AaABAg,July me 50000 ka best phone konsa h or 15 r le to kya 50+ me lena chahiye,0,2026-06-20T16:32:17Z
2026-10-03,P035,v1,1Q8G3lpwzF8,UgyFE81qpCgusVVL0Dp4AaABAg,Avengers doomsday leak😂😂😂,1,2025-12-22T15:27:01Z
2026-10-03,P035,v1,1Q8G3lpwzF8,UgyGypTUyKtm5aBfSop4AaABAg,"""No wireless charging as well""",1,2025-12-28T06:36:14Z
2026-10-03,P035,v1,1Q8G3lpwzF8,UgxflCwOUyi0ahgZejJ4AaABAg,much better than galaxy a series,2,2026-01-04T08:45:23Z
2026-10-03,P035,v1,1Q8G3lpwzF8,Ugxs58ytDYWLdO2jF694AaABAg,Which is better op15r or op15?,1,2025-12-29T17:51:36Z
2026-10-03,P035,v1,1Q8G3lpwzF8,Ugy6QjVmYaSM4KuxebV4AaABAg,Bhai  le liya,0,2026-02-18T18:22:00Z
2026-10-03,P035,v1,1Q8G3lpwzF8,Ugwq9qNV9biqVVDS6mZ4AaABAg,"Design is Bland???😮😮....Man, phone looks Super Premium and Classy😊",0,2026-06-25T05:36:37Z
2026-10-03,P035,v1,1Q8G3lpwzF8,Ugy-9Qf6qSqLxEe9YHp4AaABAg,It's 1.5k resolution,1,2026-01-08T08:22:52Z
2026-10-03,P035,v1,1Q8G3lpwzF8,UgxnLSQfmEFbp39ta1N4AaABAg,Heating?,0,2026-03-20T07:55:37Z
2026-10-03,P035,v1,1Q8G3lpwzF8,UgzL6WFf7_1FNYfwrwp4AaABAg,❤,1,2025-12-20T12:38:05Z
2026-10-03,P035,v1,1Q8G3lpwzF8,Ugx0tIuQKiPrtOL2yhN4AaABAg,"It has an OLED display, which makes it better than all the other models.",0,2026-07-03T04:31:36Z
2026-10-03,P035,v1,1Q8G3lpwzF8,Ugx-WDSlAAB3SuLeCiN4AaABAg,"To hell with oneplus , it's now overpriced trash 😅",21,2025-12-20T12:43:16Z
2026-10-03,P035,v1,1Q8G3lpwzF8,Ugzv0Y7e3vhn_CDGyFx4AaABAg,Mujhe to gameing ke lie hi chahiye tha,0,2026-04-20T22:32:57Z
2026-10-03,P035,v1,1Q8G3lpwzF8,UgyezQKQiHwDexVxGgt4AaABAg,Rdr chalta h kya,1,2025-12-28T08:36:01Z
2026-10-03,P035,v1,1Q8G3lpwzF8,Ugx_j_B8KZ9RDrGWamt4AaABAg,Colour name?,0,2026-05-14T15:43:45Z
2026-10-03,P035,v1,1Q8G3lpwzF8,Ugz0VBz4eR_dAxpI2b94AaABAg,Good software+ good battery+ good performance - why wouldn't someone get the Oneplus Nord lmfao.,1,2025-12-20T13:33:09Z
2026-10-03,P035,v1,1Q8G3lpwzF8,UgxEehJCJ1RtjOhrvdN4AaABAg,Green line famous😂,3,2025-12-21T04:59:22Z
2026-10-03,P035,v1,1Q8G3lpwzF8,Ugx1eiXEm6OVG1Qt3AB4AaABAg,Watching this on the one plus 15r best decision❤❤,0,2026-05-15T05:20:26Z
2026-10-03,P035,v1,1Q8G3lpwzF8,UgyOKs6o7Ki078ES35x4AaABAg,What about cod in br isolated,0,2026-03-07T12:37:21Z
2026-10-03,P035,v1,1Q8G3lpwzF8,Ugx28QNO-gdjS3QMCoF4AaABAg,Motorola signature vs OnePlus 15R for the same price? Which is better?,0,2026-06-25T11:23:45Z
2026-10-03,P035,v1,1Q8G3lpwzF8,UgwLB3R9BGzAiKdTGkZ4AaABAg,80k Iphone 16 60hz display no one questioned. people like me who don't care about camera's and loves gaming would love to buy it.,0,2026-01-27T04:08:55Z
2026-10-03,P035,v1,1Q8G3lpwzF8,UgzrW1Kd1oKBpUEKyRR4AaABAg,It's been 1 year since its launch . Could it be still worth buying 13r,1,2026-01-07T06:56:30Z
2026-10-03,P035,v1,1Q8G3lpwzF8,UgyMfD56WR4A0i8x-TN4AaABAg,Green line issue hai kya isme,0,2026-09-29T17:10:55Z
2026-10-03,P035,v1,1Q8G3lpwzF8,Ugz8Dgd_4VPi3DesrRB4AaABAg,"Is realme Gt7 is worth buying for 44999 512Gb 
Plz anybody suggest me",0,2025-12-22T05:40:11Z
2026-10-03,P035,v1,1Q8G3lpwzF8,Ugxkkx32p-f99NVYqat4AaABAg,Feels hell now price😢,0,2026-09-13T00:18:29Z
2026-10-03,P035,v1,1Q8G3lpwzF8,UgwC20SWKDjm5KL41z14AaABAg,One 15r is hanging while using portrait.... portrait was not working....waste phone hanging easily,2,2026-01-15T01:45:15Z
2026-10-03,P035,v1,1Q8G3lpwzF8,UgzE3trPUDjomCBzgbh4AaABAg,8gb ram varient ko 12gb vaale se compare krke antutu dikha raha (antutu is same 3.1+ million),0,2026-05-25T07:35:01Z
2026-10-03,P035,v1,1Q8G3lpwzF8,Ugy13eLnrd7zDFvJW7t4AaABAg,Using one plus 15r 💥,0,2026-03-09T05:12:51Z
2026-10-03,P035,v1,1Q8G3lpwzF8,UgyYcnmXEY7S7DXs00B4AaABAg,Watching it in 15R and I am loving it,1,2026-03-14T02:01:44Z
2026-10-03,P035,v1,1Q8G3lpwzF8,UgxHYlQe_CVOv9uup7F4AaABAg,Sounds like Oneplus is the new IQOO 🥲,1,2025-12-20T17:57:09Z
2026-10-03,P035,v1,1Q8G3lpwzF8,UgwkNUt-fxS4fulvu514AaABAg,"where to get it for 47,999????",0,2026-04-19T04:45:47Z
2026-10-03,P035,v1,1Q8G3lpwzF8,UgwgTNCCd_dFzKsezxx4AaABAg,I have a 9000 mAh oneplus device.,0,2026-09-02T13:13:47Z
2026-10-03,P035,v1,1Q8G3lpwzF8,Ugx_mJnw3suoqP8Bwuh4AaABAg,No telephoto no Buy 😮,33,2025-12-20T12:39:31Z
2026-10-03,P035,v1,1Q8G3lpwzF8,UgwXT8mKT50nmF8r1-B4AaABAg,Just bought 15r,0,2026-04-13T03:03:08Z
2026-10-03,P035,v1,1Q8G3lpwzF8,UgzYRnB0zS6Hr6gIcHl4AaABAg,125 fps on Genshin? Even my laptop can't push to 60 😭,19,2025-12-20T13:11:15Z
2026-10-03,P035,v1,1Q8G3lpwzF8,UgwEoMaTy9q9_ngR5rB4AaABAg,13r is not available anymore 😭 (and the price hike made it to 50k-60k now.),0,2026-08-27T17:00:22Z
2026-10-03,P035,v1,1Q8G3lpwzF8,Ugx4dur8M4ZiFX1zzKl4AaABAg,The 15R is for 51k now should i exchange my iphone 13 then i will get 15R for 26k or just save up more and get the iphone 17,0,2026-07-06T14:18:04Z
2026-10-03,P035,v1,1Q8G3lpwzF8,UgwkB3e8DwP-ZmuV2cB4AaABAg,"The biggest downside for me is e-sim support, oneplus 13r doesn't have it and this one does",2,2026-01-14T22:26:50Z
2026-10-03,P035,v1,1Q8G3lpwzF8,UgzAe_3TlhB6E1fkrcV4AaABAg,"So, basically, if I do not need that huge amount of power for gaming, this is not even worth considering.",1,2025-12-24T18:24:54Z
2026-10-03,P035,v1,1Q8G3lpwzF8,UgxeyBGC_51Rlw8cRMp4AaABAg,13s is the OG deal,0,2026-05-12T09:58:15Z
2026-10-03,P035,v1,1Q8G3lpwzF8,UgwmXWCvpf-O3MT5J4J4AaABAg,Gamers don't want cameras,5,2025-12-26T06:45:35Z
2026-10-03,P035,v1,1Q8G3lpwzF8,UgwPSz-xjwWgFKoKHYF4AaABAg,I am fine with the design,0,2026-09-07T12:35:21Z
2026-10-03,P035,v1,1Q8G3lpwzF8,UgxaKAQcBqKsQWQlCft4AaABAg,Should I buy 13r for 31000rs or should I go with 15r for 38000rs,2,2026-01-09T17:00:43Z
2026-10-03,P035,v1,1Q8G3lpwzF8,UgwBQM_TBRZCpIUNWuN4AaABAg,Ltpo vs ltps are the same in how they look except battery. And guess what you have a bigger battery. Not really a tradeoff,0,2026-04-17T11:49:46Z
2026-10-03,P035,v1,1Q8G3lpwzF8,UgyBkbpUywb4WC1_FHZ4AaABAg,Bought the 13R for 40k 🎉,0,2026-05-17T07:28:49Z
2026-10-03,P035,v1,1Q8G3lpwzF8,Ugy0K_Ylita2xaEIOmd4AaABAg,Nice ❤😂🎉😢😮😅😊,2,2026-01-05T11:07:05Z
2026-10-03,P035,v1,1Q8G3lpwzF8,UgyYoYQYFIj2Pc3Ss5x4AaABAg,11r has 100 watt charging 😂,1,2025-12-23T15:36:56Z
2026-10-03,P035,v1,1Q8G3lpwzF8,Ugzl6emN7CZQk3U8hvF4AaABAg,🍏🍏🍏🍏🍏🍏💚💚💚💚💚💚 GREEN COLOUR LINE ISSUE IS BIGGEST PROBLEM IN THIS ONEPLUS ALL MODELS 💚💚💚💚💚💚💚💚💚💚💚💚💚,1,2025-12-29T12:49:05Z
2026-10-03,P035,v1,1Q8G3lpwzF8,Ugzvr4gmxFhbhGAL-UN4AaABAg,usb 2.0 for 50k?,0,2026-05-13T06:40:19Z
2026-10-03,P035,v1,1Q8G3lpwzF8,UgxQd8MIphpq3ssaD194AaABAg,Camera UI also looks very cheap,0,2025-12-21T05:27:00Z
2026-10-03,P035,v1,1Q8G3lpwzF8,UgxJZvyRKdRwUyTZta94AaABAg,There is no wireless charging as well 😂,0,2026-02-05T12:23:39Z
2026-10-03,P035,v1,1Q8G3lpwzF8,UgwRhb-iWYlEC0yTkjB4AaABAg,Bgmi not supported 165fsp,1,2026-01-25T08:01:12Z
2026-10-03,P035,v1,1Q8G3lpwzF8,Ugx7Ihn1XK_k72pOGBJ4AaABAg,LTPS will eat the battery 🔋 🪫,1,2025-12-22T17:56:11Z
2026-10-03,P043,v1,2bDLRhJl0n8,Ugy6xcCohjSYZJm8w4x4AaABAg,First time I fell in love with Realme design,1832,2025-10-18T05:50:59Z
2026-10-03,P043,v1,2bDLRhJl0n8,Ugxuu0wSNZ3-_iCR1id4AaABAg,That's one good innovation tho on the camera housing and I love the soft colors,631,2025-10-17T03:47:36Z
2026-10-03,P043,v1,2bDLRhJl0n8,Ugz4pQWLqnomYFpyCwR4AaABAg,*That camera module:🤖*,362,2025-10-18T17:41:58Z
2026-10-03,P043,v1,2bDLRhJl0n8,Ugw0bKJw8uzikrpNrh54AaABAg,After Gt2 I like gt 8 series design 😊😊,477,2025-10-16T12:22:34Z
2026-10-03,P043,v1,2bDLRhJl0n8,Ugzbie1wfoLcyIk4rOF4AaABAg,😮 wow so premium and nice innovation in design,124,2025-10-17T11:28:56Z
2026-10-03,P043,v1,2bDLRhJl0n8,UgwD5I3iI5wzKkQzRQh4AaABAg,Sheeysh snap love that the module can be changed.,60,2025-10-16T18:07:13Z
2026-10-03,P043,v1,2bDLRhJl0n8,UgwgbabeWvSM16kRz414AaABAg,That design language is gonna change the future of the smartphones I guess... Love it ❤❤❤,41,2025-10-17T17:14:07Z
2026-10-03,P043,v1,2bDLRhJl0n8,UgyRK2iltGBVgnOJK9t4AaABAg,Nice colour,63,2025-10-16T09:58:00Z
2026-10-03,P043,v1,2bDLRhJl0n8,UgyMZFM9O_5XxP-IVpR4AaABAg,This realme device is very beautiful,27,2025-10-16T18:28:00Z
2026-10-03,P043,v1,2bDLRhJl0n8,UgyRvaIOjQ7ZP4UfWr14AaABAg,option to change camera area outline is amazing. it will give new look to the phone ❤️,4,2025-10-22T18:56:29Z
2026-10-03,P043,v1,2bDLRhJl0n8,UgxzbAw1KHrLpmtS-8h4AaABAg,Me encanta 😍 los bordes planos y los marcos y el módulo me encanta la versión redonda sobre todo 🤩,2,2025-10-20T20:25:50Z
2026-10-03,P043,v1,2bDLRhJl0n8,UgwWZjIAqqNZ0LtZsi94AaABAg,Wow 😲 That's Great 👍,6,2025-10-17T06:23:01Z
2026-10-03,P043,v1,2bDLRhJl0n8,UgyX9OYstqfLcTXwhjp4AaABAg,I like how realme is now focused on the camera now it's good for the company,0,2025-10-21T08:31:59Z
2026-10-03,P043,v1,2bDLRhJl0n8,UgyPmju-CPTfPrUY7w14AaABAg,Love that camara module ❤,1,2025-12-08T02:02:17Z
2026-10-03,P043,v1,2bDLRhJl0n8,UgxNRw7bJYbqMfrQmtZ4AaABAg,"It would be even better, if there was any option to change the camera sensors according to someone's presence.",1,2025-11-14T11:24:26Z
2026-10-03,P043,v1,2bDLRhJl0n8,Ugw8yk4jQxJDd7Cx1Dh4AaABAg,The camera module seems to be the design like the OPPO FIND X6 PRO,13,2025-10-16T15:13:21Z
2026-10-03,P043,v1,2bDLRhJl0n8,Ugw3NIXMxHxfFdPtKOh4AaABAg,Most innovative design of Realme ever! Superb and beautiful ❤,0,2026-08-10T16:06:30Z
2026-10-03,P043,v1,2bDLRhJl0n8,UgzlAio65lv6xYjOiFN4AaABAg,Beautiful color... ❤,3,2025-10-17T05:51:48Z
2026-10-03,P043,v1,2bDLRhJl0n8,UgwTwrnsU5C_L4kTMM54AaABAg,Wow 😮 so amazing ❤,3,2025-10-18T15:18:52Z
2026-10-03,P043,v1,2bDLRhJl0n8,UgxO6jcoIiLU4D4jlep4AaABAg,Exlent design 50 k budget,15,2025-10-16T17:06:34Z
2026-10-03,P043,v1,2bDLRhJl0n8,UgxX_DU81o1GL54l1DF4AaABAg,"So, you get two different designs for the camera module. That's cool.",0,2025-10-19T06:18:00Z
2026-10-03,P043,v1,2bDLRhJl0n8,Ugwi6rgplFc43JaeRTl4AaABAg,It's really looking awesome realme took one step ahead in design,0,2025-10-23T13:58:48Z
2026-10-03,P043,v1,2bDLRhJl0n8,UgzrKpQcVOrIWPhB3qV4AaABAg,After a long time a great design from realme,0,2025-12-14T13:51:09Z
2026-10-03,P043,v1,2bDLRhJl0n8,Ugwc0zeb237VRZXLgjB4AaABAg,The design is so sweeeet ❤,0,2025-10-20T08:29:43Z
2026-10-03,P043,v1,2bDLRhJl0n8,UgxUr__eOZV3IX8dx1x4AaABAg,sick design ❤ love it 😎,0,2026-07-31T12:07:10Z
2026-10-03,P043,v1,2bDLRhJl0n8,Ugw5XCrJtak397lMdyJ4AaABAg,Wow nice looking impress first baar realme phone perches,2,2025-11-02T07:52:44Z
2026-10-03,P043,v1,2bDLRhJl0n8,UgxbxYA6-4V-i0UAHNt4AaABAg,"Still using my realme x2 pro. Never made any problem. Very durable, fast.",0,2025-10-18T05:48:45Z
2026-10-03,P043,v1,2bDLRhJl0n8,UgxKdD3CBqGfZbVVl_F4AaABAg,That's some fresh design from realme,0,2025-10-21T03:20:37Z
2026-10-03,P043,v1,2bDLRhJl0n8,UgyqUxmV4tXUwmbIKwB4AaABAg,This is so cool feature 😎 ... I'll definitely buy this one ..tell be Abt it's camera 📸🤳🏻 !!,0,2025-11-06T16:05:30Z
2026-10-03,P043,v1,2bDLRhJl0n8,UgxaT4AYx7aoOnd6R2V4AaABAg,"Beautiful phone, buddy do add Key specifications whenever you upload an unboxing short",0,2025-10-18T14:07:16Z
2026-10-03,P043,v1,2bDLRhJl0n8,Ugx9tLr_ZETr1do4Y_B4AaABAg,What a beautiful colour,1,2025-11-04T08:56:30Z
2026-10-03,P043,v1,2bDLRhJl0n8,UgwGeLX_bEbr1U7hU3p4AaABAg,Wow that's fabulous🎉 marvelous,0,2026-08-15T04:19:53Z
2026-10-03,P043,v1,2bDLRhJl0n8,UgxYfs94VIg5lIoNm0V4AaABAg,Great design ❤,1,2025-10-29T17:57:40Z
2026-10-03,P043,v1,2bDLRhJl0n8,Ugx77rQTUkZEc773bYR4AaABAg,Beautiful design❤,1,2025-10-22T10:07:52Z
2026-10-03,P043,v1,2bDLRhJl0n8,UgyhWZuEP8QJfpd-aR14AaABAg,"Nice to change the camera area shape..i don't like big circles , square feels good😮",0,2025-10-18T18:01:25Z
2026-10-03,P043,v1,2bDLRhJl0n8,UgxdkGw44naKSSqp1c94AaABAg,Love the squarish design,1,2025-10-17T14:34:35Z
2026-10-03,P043,v1,2bDLRhJl0n8,UgzuWmuE8GCk-fXTB0B4AaABAg,Ip69 2k display 8 elite gen 5 8k recording only 2 things it needs is 6 years os upgrades instead of 4 and usb c 3.2 for video out and it will be litterly perfect,2,2026-04-08T11:00:37Z
2026-10-03,P043,v1,2bDLRhJl0n8,UgzAuadcsLJGBuPRgW54AaABAg,Marvlous design R and D,1,2025-10-19T12:10:25Z
2026-10-03,P043,v1,2bDLRhJl0n8,Ugy2NF3Wiaylw8J-QnR4AaABAg,Impressive ❤,1,2025-10-23T14:39:23Z
2026-10-03,P043,v1,2bDLRhJl0n8,UgylBkWCzPZzymX54qV4AaABAg,Beautiful ❤,1,2025-10-19T07:39:54Z
2026-10-03,P043,v1,2bDLRhJl0n8,UgxODIoG0NhgTpynMoJ4AaABAg,I like the square camera module,0,2025-10-22T05:28:12Z
2026-10-03,P043,v1,2bDLRhJl0n8,Ugxi3C9gC7vmw-aAiwx4AaABAg,Very cool design ❤. Love it,1,2025-10-18T11:04:32Z
2026-10-03,P043,v1,2bDLRhJl0n8,UgxztD_1yd3URNYyQPp4AaABAg,Beautiful really 🎉,1,2025-10-19T07:10:12Z
2026-10-03,P043,v1,2bDLRhJl0n8,UgyKOtiK6yxx6T4uS8R4AaABAg,This is amazing 🎉,1,2025-11-03T09:59:06Z
2026-10-03,P043,v1,2bDLRhJl0n8,UgxBemDfhtEBl0TXJGR4AaABAg,That's beautiful.,0,2025-10-18T22:14:05Z
2026-10-03,P043,v1,2bDLRhJl0n8,UgzWrB3-CprSp8KZXFd4AaABAg,Fantastic innovation,2,2025-10-23T05:54:57Z
2026-10-03,P043,v1,2bDLRhJl0n8,UgywHg7t__jcXZ-8h314AaABAg,Innovative design ❤,0,2025-10-18T00:42:54Z
2026-10-03,P043,v1,2bDLRhJl0n8,UgzAxTbADk3zdrcOgRt4AaABAg,Love this phone ❤,2,2025-10-18T12:10:33Z
2026-10-03,P043,v1,2bDLRhJl0n8,Ugy1oWmDpniAfLHRsWh4AaABAg,Design awesome 😊,0,2025-10-17T10:49:19Z
2026-10-03,P043,v1,2bDLRhJl0n8,UgykEaXgZVzE7GYe1NR4AaABAg,"If someone add it longer, like from camera to bottom it could act as a grip.",0,2025-10-18T03:14:02Z
2026-10-03,P043,v1,2bDLRhJl0n8,Ugx2xzZy9IsWya2HSbd4AaABAg,Outstanding❤,1,2025-10-31T17:20:27Z
2026-10-03,P043,v1,2bDLRhJl0n8,Ugysyvy_tqxBuf0O3U14AaABAg,New innovation 😲,1,2025-11-04T11:08:50Z
2026-10-03,P043,v1,2bDLRhJl0n8,UgyKjWinRk0qSRQa7TV4AaABAg,"So far Realme was not in my shortlist. 

Hmmm. Gonna try this once .",0,2026-07-28T07:27:19Z
2026-10-03,P043,v1,2bDLRhJl0n8,UgyOsDOpWBqvJK72JO94AaABAg,First time I impressed with realme,0,2025-10-30T14:52:27Z
2026-10-03,P043,v1,2bDLRhJl0n8,Ugwf4MHw2onNRuJNTLF4AaABAg,that design 🔥🔥🔥🔥🔥,0,2025-10-20T02:01:50Z
2026-10-03,P043,v1,2bDLRhJl0n8,UgwkWG7KwnHkt-EY2gh4AaABAg,Looks awesome,1,2025-10-18T04:26:07Z
2026-10-03,P043,v1,2bDLRhJl0n8,Ugz46-LeaI7Yc4p5QQJ4AaABAg,This realme is perfect for daily used,0,2025-11-01T05:40:23Z
2026-10-03,P043,v1,2bDLRhJl0n8,Ugx7JsoQN8LWegLz8NR4AaABAg,Oh this so good mobile Love Realme 👍👍👍👍👍,0,2025-10-18T13:12:57Z
2026-10-03,P043,v1,2bDLRhJl0n8,Ugy2xpt09-yasfH59AB4AaABAg,"while it looks good, the periscope camera might be unnecessary, as the sensor doesn't seem to be very large either",0,2026-02-27T17:04:19Z
2026-10-03,P043,v1,2bDLRhJl0n8,UgzjtC2YRwoJxyc_T8d4AaABAg,Excellent design for 40k mobile,0,2025-10-21T03:22:05Z
2026-10-03,P043,v1,2bDLRhJl0n8,Ugxe-h0IwNEnaZg_yG54AaABAg,So beautiful ❤,0,2025-10-23T07:54:35Z
2026-10-03,P043,v1,2bDLRhJl0n8,UgwZH9SGlnB7_C2v9TV4AaABAg,Awesome design,1,2025-11-11T07:18:58Z
2026-10-03,P043,v1,2bDLRhJl0n8,UgwBAY3ohaXyc7HVruZ4AaABAg,Amazing design,1,2025-10-19T21:58:08Z
2026-10-03,P043,v1,2bDLRhJl0n8,UgyQ7kHZsXN8zdQKbmp4AaABAg,clever engineering 🤯,0,2025-10-18T13:56:28Z
2026-10-03,P043,v1,2bDLRhJl0n8,UgzpCkUUGLIAHdtVWQJ4AaABAg,"Какой же он офигенный 😍🔥цвет, дизайн просто бомба",0,2025-10-18T19:44:14Z
2026-10-03,P043,v1,2bDLRhJl0n8,Ugy-8ql4KjEWc5yRLI94AaABAg,"No call disconnection sound notification while using bluetooth. This bug available on all realme, oppo and oneplus phones.",0,2025-11-05T08:35:28Z
2026-10-03,P043,v1,2bDLRhJl0n8,Ugz6r8VnH_9NjCnBQpl4AaABAg,Last white design ❤❤❤❤❤❤,0,2025-11-15T03:04:52Z
2026-10-03,P043,v1,2bDLRhJl0n8,Ugx4cydsnXkL8Kf1rf94AaABAg,"Só perfumaria, GT7 Pro na minha opinião,tem o melhor design.",0,2025-10-17T13:35:58Z
2026-10-03,P043,v1,2bDLRhJl0n8,UgyANCGYkEFthQZOk3d4AaABAg,"Nice, something new",1,2025-10-27T13:44:02Z
2026-10-03,P043,v1,2bDLRhJl0n8,Ugy0O-xchfxnbNUIfJB4AaABAg,Beauty and cool❤,0,2025-12-14T13:54:39Z
2026-10-03,P043,v1,2bDLRhJl0n8,Ugx06FtYbjeA3_g3Ygp4AaABAg,First time good design,0,2025-10-18T13:01:27Z
2026-10-03,P043,v1,2bDLRhJl0n8,Ugyg-6NX0XxZApqN9Tl4AaABAg,Is this vdo is copyright free ? Can I upload this in my shorts ? Plzz reply,1,2025-10-16T09:18:56Z
2026-10-03,P043,v1,2bDLRhJl0n8,Ugz5ph256vV3xYoyao94AaABAg,I'm Realme Lover😍❤️,0,2025-10-18T11:55:31Z
2026-10-03,P043,v1,2bDLRhJl0n8,UgxDQiZouMo16Tbjydh4AaABAg,Nice design ❤❤,0,2025-11-19T13:42:20Z
2026-10-03,P043,v1,2bDLRhJl0n8,UgyKkXvOFbAQZNuM0zR4AaABAg,First phone I ey see wey them dey unscrew before you put case for camera beast,0,2026-09-08T03:43:21Z
2026-10-03,P043,v1,2bDLRhJl0n8,UgwQ2MqHC1d4mv3kCe14AaABAg,Kya reale gt8 pro me bug or heating ka issue hota h please koi mujhe bataiye please,2,2026-09-02T12:17:05Z
2026-10-03,P043,v1,2bDLRhJl0n8,UgxGU2Rsa0m6akk2po54AaABAg,That's really cool,0,2025-10-25T02:00:55Z
2026-10-03,P043,v1,2bDLRhJl0n8,UgzvMugOre46H8hMebt4AaABAg,Nice concept,1,2025-11-04T11:11:09Z
2026-10-03,P043,v1,2bDLRhJl0n8,UgzUdE8MEVCfz4mispF4AaABAg,No one talks about hidden treasure (Realme Gt)bc no one knows how powerful it is.,0,2025-10-17T17:06:31Z
2026-10-03,P043,v1,2bDLRhJl0n8,Ugyw02PH7cqw-gJsr_J4AaABAg,❤ Very Nice.,0,2025-12-11T08:40:44Z
2026-10-03,P043,v1,2bDLRhJl0n8,Ugzqs0JSeeIYIlb2DXx4AaABAg,exhalant ❤❤❤,1,2025-11-07T08:23:46Z
2026-10-03,P043,v1,2bDLRhJl0n8,UgzZnE19ARu1ZvwTE_54AaABAg,"Надеюсь, что в отличае от gt6  на него будет большое количество чехлов включая чехлы с полной защитой камеры",0,2025-10-25T07:37:17Z
2026-10-03,P043,v1,2bDLRhJl0n8,UgxXsgG8QZ59OXmLPzJ4AaABAg,this is so cool ngl,0,2025-10-17T09:59:57Z
2026-10-03,P043,v1,2bDLRhJl0n8,Ugyfb5caA8igwsxqQ5h4AaABAg,Beautiful 😍😍😍😍❤️❤️❤️❤️,0,2025-10-17T11:49:50Z
2026-10-03,P043,v1,2bDLRhJl0n8,UgxUGgkAeIIQIkLHe0t4AaABAg,I love this❤,0,2025-10-25T01:06:36Z
2026-10-03,P043,v1,2bDLRhJl0n8,UgwgZpK7iEsP_Y_Foj14AaABAg,my favourite phone but out of my range😅,1,2026-01-13T18:20:59Z
2026-10-03,P043,v1,2bDLRhJl0n8,UgyHdsbDK9t6YVjc5Fl4AaABAg,"How Much and How does this Compare to Vivo X300 Pro, Oppo Find X9 Pro, Oneplus 15 & Xiaomi 17 Pro Max please?!",0,2025-10-18T01:49:32Z
2026-10-03,P043,v1,2bDLRhJl0n8,Ugz5qg86Vn7Yw37SrPh4AaABAg,CMF inspiration 😅,0,2025-10-19T11:11:22Z
2026-10-03,P043,v1,2bDLRhJl0n8,UgzEJKf-vifaBgDnLl94AaABAg,Awesome Design 👏,1,2025-10-18T14:53:48Z
2026-10-03,P043,v1,2bDLRhJl0n8,UgxyZlAFR6TwhcmynBt4AaABAg,"1st one was OK, but 2nd one cam cutout design looks weird",0,2025-10-17T03:33:07Z
2026-10-03,P043,v1,2bDLRhJl0n8,Ugz_LlViik4uakoU3NN4AaABAg,real me is on off tha best 👌👌,0,2025-11-13T16:22:47Z
2026-10-03,P043,v1,2bDLRhJl0n8,Ugx8uBIcKFZbP0zXCIl4AaABAg,so beautiful,0,2025-10-25T14:37:55Z
2026-10-03,P043,v1,2bDLRhJl0n8,UgwRkGbY7OFH7aROyEZ4AaABAg,Beautiful phone,0,2025-10-17T06:15:50Z
2026-10-03,P043,v1,2bDLRhJl0n8,Ugztcak-yfz_VBHWI5J4AaABAg,Watching on GT 2 pro 💪😉👍,0,2026-08-21T06:46:55Z
2026-10-03,P043,v1,2bDLRhJl0n8,Ugxjy2teTy4x5XLvTO94AaABAg,WOW nice looking price?,0,2026-08-14T18:38:28Z
2026-10-03,P043,v1,2bDLRhJl0n8,UgwHQNakhJc3h0Dk1KJ4AaABAg,Hi do you get both the square and circle design in the same box,0,2025-11-15T17:47:21Z
2026-10-03,P043,v1,2bDLRhJl0n8,UgzbIek7JCxyKf5SgzV4AaABAg,Looks greate,0,2025-10-16T14:19:41Z
2026-10-03,P043,v1,2bDLRhJl0n8,Ugwl4urlOc80jw953OR4AaABAg,Ow I love that,3,2025-10-18T19:27:46Z
2026-10-03,P043,v1,2bDLRhJl0n8,UgxvQFancsQTaokmpzd4AaABAg,Cool design,0,2025-10-17T18:03:34Z
2026-10-03,P043,v1,2bDLRhJl0n8,Ugyt7n39s7yUq9WoIQt4AaABAg,Wow 😍👍👍👍,0,2025-10-16T12:32:10Z
2026-10-03,P043,v1,Wj6UbdUd5gE,UgyvzVkbGVpErPK_m1p4AaABAg,Realme lover lega bhai aa bole to,120,2026-07-19T20:57:59Z
2026-10-03,P043,v1,Wj6UbdUd5gE,UgwPNIr5wuzWSI84n8F4AaABAg,Respect button ✅,79,2026-07-18T14:53:46Z
2026-10-03,P043,v1,Wj6UbdUd5gE,UgzPTTj_Kh_A3i4YVNd4AaABAg,Realme value for money.mere pass realme narzo 80 pro hai meine 16 k me karidha. Abb under 20k iska specs kisi bhi brand offer nahi karta😊😊😊😊.,8,2026-09-02T05:56:08Z
2026-10-03,P043,v1,Wj6UbdUd5gE,UgyYH88dO7csV64d0Op4AaABAg,If they want to make a comeback in indian market then they should sell this under 50k,37,2026-07-20T04:16:18Z
2026-10-03,P043,v1,Wj6UbdUd5gE,UgwZboa0FZPeyp021bZ4AaABAg,"iPhone is a better option in this price range 
Don't support price hiked",259,2026-07-18T14:29:00Z
2026-10-03,P043,v1,Wj6UbdUd5gE,UgxEajN2LuD-yF_57Q94AaABAg,Payment aane mein deri hone ke bad😂😂😂,26,2026-07-22T06:01:28Z
2026-10-03,P043,v1,Wj6UbdUd5gE,UgzU2MybLXcDuK5iHJZ4AaABAg,4 million antutu score💀💀,8,2026-09-04T07:59:35Z
2026-10-03,P043,v1,Wj6UbdUd5gE,UgzGOpepRmaS1LRP8ZZ4AaABAg,"🤣🤣 Exactly! Everyone wants the absolute most powerful phone with zero compromises, but they completely ignore how much those top-tier components actually cost the manufacturer right now. With the price of high-end memory and processors like the Snapdragon 8 Elite hitting record highs, building a beast of a phone isn't cheap.
If a company genuinely doesn't cut corners on essential features and packs the device with the highest quality hardware possible for its segment, why on earth should they compromise on the price tag? You can't demand an uncompromised, peak-performance phone and then expect a heavily compromised price. You get what you pay for! 🤷‍♂️🔥💸",16,2026-07-19T04:13:53Z
2026-10-03,P043,v1,Wj6UbdUd5gE,UgzX4g4yqh1Inz_kTQZ4AaABAg,Aaj khayal aaya itne time baad,10,2026-07-19T14:27:13Z
2026-10-03,P043,v1,Wj6UbdUd5gE,UgzArnNRYGZWSdPYtbt4AaABAg,"Ya realme die hard fans ke liye banaya hoga, jo kisi bhi price point par realme hi lenge honge na bhai fan base kuch % of population of their customers. Or maybe their managers/ ceo/cfo of each region/state/country or something like this.",0,2026-08-01T11:36:00Z
2026-10-03,P043,v1,Wj6UbdUd5gE,UgyI5u2DeP55xEHqJMd4AaABAg,Bhai apka ultra phone me every time favorite Konsa phone hai... Please give me genuine answer...,1,2026-07-18T21:16:53Z
2026-10-03,P043,v1,Wj6UbdUd5gE,UgxCNQxp7Keh-x94bFV4AaABAg,Realme x3 superzoom 6 years still running bgmi on smooth extreme very smoothly,1,2026-09-25T02:37:46Z
2026-10-03,P043,v1,Wj6UbdUd5gE,UgyrJWFQqSfCWTF_Gkh4AaABAg,Sir please jo jacket pahne ho uska link do na😢 bahut achha laga,0,2026-07-19T09:27:37Z
2026-10-03,P043,v1,Wj6UbdUd5gE,UgygDjAc0HC2YwPEAP94AaABAg,Jaise is ke themes pr bhi video banaiye,0,2026-09-27T17:51:44Z
2026-10-03,P043,v1,Wj6UbdUd5gE,Ugw4izH2X7_U9sAGPYZ4AaABAg,Bhai aap ne thumbnail me Google ka logo use Kiya Hai,6,2026-07-18T19:23:20Z
2026-10-03,P043,v1,Wj6UbdUd5gE,Ugzr-h39ku9i7tYamoh4AaABAg,Sir lekin oneplus ka price 15hajar jyada he ushisab se konsa lena chaiye,0,2026-07-18T17:02:10Z
2026-10-03,P043,v1,Wj6UbdUd5gE,UgwDZxSH3d17kFZC8Jt4AaABAg,Ok veri good,0,2026-09-26T13:53:23Z
2026-10-03,P043,v1,Wj6UbdUd5gE,Ugz2bn0fRu9nYCZ9cEV4AaABAg,Realme GT 8 ya realme Neo 8 kab aayega india me reply pls 😢😢,2,2026-07-19T13:52:43Z
2026-10-03,P043,v1,Wj6UbdUd5gE,Ugykc9_rQbmJ0pdPKhF4AaABAg,Ham lenge bhai realme lover realme budget king realme❤❤❤❤,0,2026-09-07T02:50:09Z
2026-10-03,P043,v1,Wj6UbdUd5gE,UgxBZkMNM52m42W_ln54AaABAg,Bhai mai apki har video dekhta hu apka itna bada channel hai Fir v ap fake thumbnail laga rahe ye bahut galat hai plz google pixel ka thumbnail laga kar realme ka fon na dikhaye,2,2026-07-18T17:55:10Z
2026-10-03,P043,v1,Wj6UbdUd5gE,Ugx3ghf9mU-QHxzE4qZ4AaABAg,First comment 🎉❤,3,2026-07-18T12:58:01Z
2026-10-03,P043,v1,Wj6UbdUd5gE,Ugy8_X-Q1UDx0e3KJRN4AaABAg,Vivo v 60e aata hai bhai 200 mp and 4k video ke sath 🗿🗿🗿,2,2026-09-09T06:29:33Z
2026-10-03,P043,v1,Wj6UbdUd5gE,UgzkD7_CuLoN2tZHozF4AaABAg,Just check UFS 4.0 hai ya nahi kyoki data transfer slow hai Arun Sir,0,2026-07-22T15:18:09Z
2026-10-03,P043,v1,Wj6UbdUd5gE,UgxcC_ViDOCs0fwHa754AaABAg,"Humlogo ko camera pichle model se improve nhi. Best camera chahiye, wo bhi jab baat Rs.50k+ ki ho",0,2026-07-22T18:23:23Z
2026-10-03,P043,v1,Wj6UbdUd5gE,UgxOF4_2AZ42lwHyipR4AaABAg,❤❤❤❤❤❤,1,2026-07-18T16:23:02Z
2026-10-03,P043,v1,Wj6UbdUd5gE,Ugxc1V3N9vLI5bWGS2R4AaABAg,Bhai  screen size k acoding 2k or 1080p mai difrence nahi pata chalta,0,2026-08-29T08:13:04Z
2026-10-03,P043,v1,Wj6UbdUd5gE,UgyMWuhPNZo9CCnm5cR4AaABAg,"Kyu bhai 8 elite zen 5 , one plus  ko paise milta hai or realme ko free mai milta hai kya , waise one plus bhi overpriced hai",0,2026-07-19T02:57:40Z
2026-10-03,P043,v1,Wj6UbdUd5gE,Ugxgk7AE5aVXEopHOK94AaABAg,"Mujhe na bhai apko advertisement mai maan lag raha hai , chaye aap iphone hi  kyu na use but advertisement mai ye batao ki iss se behtar kuch nahi mean kuch nahi 😂",0,2026-07-26T17:06:23Z
2026-10-03,P043,v1,Wj6UbdUd5gE,UgzJh48CgmS1H3zfqoR4AaABAg,Ltps display?,0,2026-07-22T19:16:28Z
2026-10-03,P043,v1,Wj6UbdUd5gE,UgzPixsnRTAAylrixip4AaABAg,Agar phone achca hai to ham nokia ka bhi phone le 😅,0,2026-10-03T03:01:02Z
2026-10-03,P043,v1,Wj6UbdUd5gE,UgyzG-jrLP9PFRZq5oJ4AaABAg,Me apka bohot bara fan hu but plz,0,2026-07-22T12:01:51Z
2026-10-03,P043,v1,Wj6UbdUd5gE,UgyNIUWSABM2iFakTX14AaABAg,Bhai realme gt 8 pro ka antutu dekha hai one plus iQOO sa age hai 😅😅,0,2026-07-23T15:27:13Z
2026-10-03,P043,v1,Wj6UbdUd5gE,UgwR-zjqaCciWvJ3IVp4AaABAg,Rather I will go with iPhone 17 or s25 plus,0,2026-07-25T17:13:22Z
2026-10-03,P043,v1,Wj6UbdUd5gE,Ugy9VQZ2Sa1lTZAPeZh4AaABAg,Video editing me mistake hai 22 se 25 second ke bich,0,2026-07-19T06:18:09Z
2026-10-03,P043,v1,Wj6UbdUd5gE,Ugwew4jXpWY5FGm29vB4AaABAg,Earns Commision,0,2026-08-07T08:05:04Z
2026-10-03,P043,v1,Wj6UbdUd5gE,Ugx8Tm6OdBHa5ap8nTx4AaABAg,Will gt 8 launch in india,1,2026-07-18T18:17:32Z
2026-10-03,P043,v1,Wj6UbdUd5gE,Ugyzm5c1t_T_7-HwhgF4AaABAg,Yess,0,2026-08-03T08:17:41Z
2026-10-03,P043,v1,Wj6UbdUd5gE,Ugzw6Oxcenf6uBlpKeZ4AaABAg,"आम आदमी का इनकम बढ़ नहीं रहा है ,फोन का कीमत 📈",0,2026-07-21T04:36:20Z
2026-10-03,P043,v1,Wj6UbdUd5gE,UgxyYtEE81EC02ckSqJ4AaABAg,🗣️Bhai please ek phone gift kar do padhai karne ka leya please please🙏🙏😮😮😮😮,2,2026-07-18T14:02:16Z
2026-10-03,P043,v1,Wj6UbdUd5gE,Ugz49xPaw-hh0LRnm_Z4AaABAg,Reno 15 pro mini 200mp.ka Kia batt krte. Ho,0,2026-07-19T03:11:00Z
2026-10-03,P043,v1,Wj6UbdUd5gE,Ugw7Jxmfi1z7JrsWZj14AaABAg,Realme ltps🤡📉one plus LTPO ☠️📈,0,2026-07-27T14:35:49Z
2026-10-03,P043,v1,Wj6UbdUd5gE,UgwKQfXbBAYUtsnhQ9t4AaABAg,"New ph kharid ne hi nahi jab tak yeh dubara ache ph nahi lekar atte, pichle saal ka ph liya hai ab 5 saal nahi lena koi ph 😂😂",0,2026-07-26T03:59:40Z
2026-10-03,P043,v1,Wj6UbdUd5gE,UgzoZIzJTKOhZy989-94AaABAg,Most of all people buy for PUBG or bgmi,0,2026-07-19T06:57:45Z
2026-10-03,P043,v1,Wj6UbdUd5gE,UgxvGxlldMOFwFUfx6B4AaABAg,WTF Realme Isse To Accha Mai One Plus 15 Ya iQOO 15 Le Lu 👊🥵🥵,23,2026-07-18T16:54:05Z
2026-10-03,P043,v1,Wj6UbdUd5gE,UgyzEOePHXngyFPCDaB4AaABAg,❤️🎉🎉🎉🎉🎉🎉❤❤❤❤❤❤,0,2026-08-02T17:22:32Z
2026-10-03,P043,v1,Wj6UbdUd5gE,UgxF7VgjD3du0z5mOLN4AaABAg,"Experiance-Realme GT range gives top value...
But your one plus sponsorship don't understand it. Grow up",1,2026-07-20T16:57:22Z
2026-10-03,P043,v1,Wj6UbdUd5gE,UgyyYsSubqYAUtqDjQt4AaABAg,Abhi oneplus 15 ka 512 gb wala variant 93k ka ho gaya hai...😵,1,2026-07-23T12:50:40Z
2026-10-03,P043,v1,Wj6UbdUd5gE,UgyYVE9kfSj67XQdPEp4AaABAg,45k under hua to worth hai,0,2026-07-18T18:42:38Z
2026-10-03,P043,v1,Wj6UbdUd5gE,UgwMOSDOUhQESS2FYSV4AaABAg,Kon lega .. Samsung iPhone Google is range me,0,2026-07-28T02:08:11Z
2026-10-03,P043,v1,Wj6UbdUd5gE,UgzneNK5bdoQudlH8XZ4AaABAg,Moto edge 50 ultra,0,2026-09-11T18:55:06Z
2026-10-03,P043,v1,Wj6UbdUd5gE,UgyZsgpExh04Cupym9B4AaABAg,Video editing me mistake hai,0,2026-07-19T06:17:01Z
2026-10-03,P043,v1,Wj6UbdUd5gE,UgwxyA1g_sKlOEP-gql4AaABAg,Talk about Sonam wangchuk,2,2026-07-18T19:06:48Z
2026-10-03,P043,v1,Wj6UbdUd5gE,Ugz_azKErHd-NKjVnaV4AaABAg,Real me kon lega.Bata aur Addidas me level of standard hai na.,0,2026-07-27T10:59:19Z
2026-10-03,P043,v1,Wj6UbdUd5gE,UgzlDdJIb2KYtTHC5Mt4AaABAg,200mp camera redmi 13pro+ price 19000 me,0,2026-09-09T06:46:32Z
2026-10-03,P043,v1,Wj6UbdUd5gE,UgxUcj-6WN1VD3v3nXx4AaABAg,Gt8 best price best phone,0,2026-08-02T10:50:15Z
2026-10-03,P043,v1,Wj6UbdUd5gE,UgzidZrWJL03_oXSi194AaABAg,I took iQOO 15  16+512. Very fast,0,2026-07-23T17:32:07Z
2026-10-03,P043,v1,Wj6UbdUd5gE,UgyGuJXe-qaVR0QvBpV4AaABAg,Is se badiya to pichla wala realme gt 7 hi tha 😢,0,2026-07-25T15:02:11Z
2026-10-03,P043,v1,Wj6UbdUd5gE,UgxLoIH-OFDtCmhQW1J4AaABAg,Bhai,0,2026-07-22T12:02:01Z
2026-10-03,P043,v1,Wj6UbdUd5gE,UgwLM3Zno4H8mCC5JVt4AaABAg,One plus 85000 ka he and ye 68000 ka to same price kese hua,0,2026-07-27T18:51:12Z
2026-10-03,P043,v1,Wj6UbdUd5gE,UgyAMNuFKvORWfbufKp4AaABAg,Realme से बढ़िया एक भी फोन नहीं है।😊,4,2026-07-18T17:49:28Z
2026-10-03,P043,v1,Wj6UbdUd5gE,UgzAA1zQ_Vc3SRfqis54AaABAg,One plus 15 85000 ka hai aur ab koi nhi lega kyunki company bnd hogyi,0,2026-08-10T17:48:41Z
2026-10-03,P043,v1,Wj6UbdUd5gE,UgzTtugOPT3vV8YqBFx4AaABAg,lpts de diya,2,2026-07-18T16:15:28Z
2026-10-03,P043,v1,Wj6UbdUd5gE,UgxZbzrH1qiKCmYmAI54AaABAg,Ma gareeb ho😊,2,2026-07-18T13:19:28Z
2026-10-03,P043,v1,Wj6UbdUd5gE,Ugw3pJDKM8GNABs6qO14AaABAg,Mujhe lagta hai video ke liya paise liya hai  kyu?,0,2026-07-20T16:56:20Z
2026-10-03,P043,v1,Wj6UbdUd5gE,Ugy6ue0mro0_plJhZRF4AaABAg,"Hardware doesn't matter , software does ,that's where samsung wins hands down from chinese phones.",0,2026-07-19T14:23:54Z
2026-10-03,P043,v1,Wj6UbdUd5gE,UgyffOkrb1YZkuU_EfF4AaABAg,Sam singh ka mobile le lo,1,2026-07-21T02:46:05Z
2026-10-03,P043,v1,Wj6UbdUd5gE,UgwFBRRE7A6P2RUsxgR4AaABAg,Bhai ap bhi bolo plz CJP ke lye pura desh bola hai,0,2026-07-22T12:01:31Z
2026-10-03,P043,v1,Wj6UbdUd5gE,UgxrCiWW7V4O1u6wUgh4AaABAg,You all guys make the fake videos every phone videos you make but never talk about negatives this processor accha hai arey ye toh batao ye price range ke hisab se accha nahi hai NFC nahi mil raha ye nahi hai milna chaiye kabhi brands ko criticise bhi karo taki vo sudhar sakhe aur bande bhi shauk se dekhe,0,2026-07-18T17:00:04Z
2026-10-03,P043,v1,Wj6UbdUd5gE,Ugx2DQzFmpbZbXKYuq14AaABAg,😂😂😂 r u kidding me 😭 iphone le lung itne may toh,0,2026-08-08T09:25:35Z
2026-10-03,P043,v1,Wj6UbdUd5gE,Ugyvychtw_iu_ascvQN4AaABAg,Now price 90k😂,0,2026-07-20T05:01:45Z
2026-10-03,P043,v1,Wj6UbdUd5gE,UgxgRPWBBBmdPNS7UVV4AaABAg,"I have realme GT 7 pro good performance 💪💪 camera only Main camera and periscope camera 📸 is very good, 💥 front and ultra wide 🤮🤮🤮",0,2026-07-28T03:07:41Z
2026-10-03,P043,v1,Wj6UbdUd5gE,Ugzz8sxSAO1jNLqDszt4AaABAg,Mala Gaming fone hava ahe,0,2026-08-03T12:06:54Z
2026-10-03,P043,v1,Wj6UbdUd5gE,Ugxcf0FUWttmGdDm4IB4AaABAg,👌👌👌👌👌🫶🫶🫶😀😀😀,0,2026-09-26T13:53:05Z
2026-10-03,P043,v1,Wj6UbdUd5gE,Ugw8YHZp8taaGy7x2mJ4AaABAg,70k pe realme...paisa leke kuch bhi promote kar dete ho 😂,0,2026-08-07T03:29:53Z
2026-10-03,P043,v1,Wj6UbdUd5gE,UgzNunswLtXXTMgv-Bd4AaABAg,60 k hona chahiye tha,0,2026-08-08T06:25:20Z
2026-10-03,P043,v1,Wj6UbdUd5gE,UgztkGmdv8ZNI3InayV4AaABAg,Laleya,0,2026-07-25T17:23:14Z
2026-10-03,P043,v1,Wj6UbdUd5gE,UgzmrxZA3LO40--12KJ4AaABAg,Es Price range se kam me bhi  200Mp Deta hai samjhe Oppo reno 15 Pro Mini only 59k realme ke tarah 72 ke me nahi,1,2026-07-19T03:34:00Z
2026-10-03,P043,v1,Wj6UbdUd5gE,UgwKEcUMN1rJxmocXQJ4AaABAg,I have iphone 17😅,0,2026-07-26T09:16:34Z
2026-10-03,P043,v1,Wj6UbdUd5gE,Ugw0XcNz6KFA_43gCV14AaABAg,Sirf phone hi bech. Desh me logo k paas paisa nahi hain khane ko apni zarurat mitane ko. Tu phone hi bech... Are zamir zinda hai?,0,2026-07-18T14:56:44Z
2026-10-03,P043,v1,Wj6UbdUd5gE,UgxCpQPEyGeI0h1yvWR4AaABAg,My realme Gt 2 saying it's Ai,0,2026-07-24T11:01:27Z
2026-10-03,P043,v1,Wj6UbdUd5gE,UgyDXZXslRI5u78sNbh4AaABAg,Gt 7 pro is also giving 200mp,0,2026-07-24T04:48:21Z
2026-10-03,P043,v1,Wj6UbdUd5gE,UgzSHZIIpODU2xZm9iR4AaABAg,Kuch jyada hi price hai,0,2026-07-23T02:07:51Z
2026-10-03,P043,v1,Wj6UbdUd5gE,UgzCbNQEU1s8dQ9qkV54AaABAg,Camera output to fully bakwas dikh raha hai,1,2026-07-22T18:08:28Z
2026-10-03,P043,v1,Wj6UbdUd5gE,UgzwXwILDXFUeS-d12F4AaABAg,i bought the 512 gb version😌,2,2026-07-21T06:35:55Z
2026-10-03,P043,v1,Wj6UbdUd5gE,UgyEiHfAmwS5JrdAFXZ4AaABAg,Iqoo 15,0,2026-09-12T08:52:50Z
2026-10-03,P043,v1,Wj6UbdUd5gE,Ugy_ZNn_D8hQeaz6fDd4AaABAg,Bolo,0,2026-07-22T12:01:57Z
2026-10-03,P043,v1,Wj6UbdUd5gE,UgytuScA7mGyy-upPZt4AaABAg,Koi nahi lega,1,2026-07-18T14:41:29Z
2026-10-03,P043,v1,Wj6UbdUd5gE,UgySWJ-hzLKtKfhvSuB4AaABAg,Ham log to 105000 Tak ka bhi phone lene ke liye dar lagta hai ham log to Abhi second hand phone hi kharidega kyunki abhi bolane se jamana mein Jaise mobile mein feature barbad kar deta tha achcha kaise deta tha aajkal aise nahin Hai jitna Dam bhi ho raha hai ulta sab kuchh bekar ho raha hai,0,2026-08-08T14:58:26Z
2026-10-03,P043,v1,Wj6UbdUd5gE,Ugy2PZQBJQVMmVArRGF4AaABAg,"Google ka logo kyu lagaya , aukat pe bharosa nhi ki fake thumbnail lagana pad raha hai 😂",0,2026-07-24T16:05:42Z
2026-10-03,P043,v1,Wj6UbdUd5gE,UgwLqJdgk9hXt7V4j5R4AaABAg,70k price main iphone le lega banda...why go for android,0,2026-07-22T13:51:38Z
2026-10-03,P043,v1,Wj6UbdUd5gE,UgypOeGLRX-2u3_tosB4AaABAg,Kya OnePlus me ish se kuch alag ata h ??😂😂 Now Realme/oppo/OnePlus all are Just 1 with different names,0,2026-07-23T08:43:01Z
2026-10-03,P043,v1,Wj6UbdUd5gE,UgyRWPW6J6NtTuxswHF4AaABAg,Iqoo ka sasta h 15,0,2026-07-20T10:45:23Z
2026-10-03,P043,v1,Wj6UbdUd5gE,UgyVXqSnIYw9mQ9gha54AaABAg,🗣️Bhai please ek phone gift kar do padhai karne ka leya please please🙏🙏🗣️Bhai please ek phone gift kar do padhai karne ka leya please please🙏🙏,0,2026-07-18T14:02:06Z
2026-10-03,P043,v1,Wj6UbdUd5gE,UgzDKuIQYoVwD4PXEHF4AaABAg,X200t is more better in 60k,0,2026-09-14T16:57:34Z
2026-10-03,P043,v1,Wj6UbdUd5gE,Ugw3oIdRp7y6z70GKt14AaABAg,Oppo reno 15 pro mini also have 200mp camera and price also less so oppo reno 15 pro mini is best,0,2026-07-22T12:53:03Z
2026-10-03,P043,v1,Wj6UbdUd5gE,UgxuokLlrqRo2HU2jPl4AaABAg,Ham Kya bolega aap logon 70000 Chhota lagta Hai to Kya Karega 70000 Vishva aap lagta Hai to Kya Karega hoga vah sab aap logon ke liye theek hai,0,2026-08-08T14:57:46Z
2026-10-03,P043,v1,Wj6UbdUd5gE,Ugy--LOL85_l9M49Mq54AaABAg,Xiaomi 😂15 pro laughing in corner,0,2026-09-17T09:58:59Z
2026-10-03,P043,v1,Wj6UbdUd5gE,Ugyk0MJnXMu_wRGyImt4AaABAg,😂😂😂😂,0,2026-07-20T16:56:57Z
2026-10-03,P043,v1,Wj6UbdUd5gE,UgwEaw7m6bH6cJr_s6F4AaABAg,Koi logic nahi h iss video m. Iss hisab se to naye brand aaye ge hi nahi flagship market me. Bas woi gine chune brands k phone giste raho.,0,2026-07-19T14:21:16Z
2026-10-03,P043,v1,Wj6UbdUd5gE,UgyfuT66a4oQPzEpXQV4AaABAg,Moto edge 70 max is better,0,2026-07-22T06:38:36Z
2026-10-03,P043,v1,XW61DbWpRUc,UgxMTm1EiNdboRZYLGR4AaABAg,Realme walo ne aag laga di 😮😮,130,2025-11-17T15:39:37Z
2026-10-03,P043,v1,XW61DbWpRUc,UgyGiD1sHl_fZmYKibR4AaABAg,5:59 ultra fast 💀,33,2025-11-17T17:40:08Z
2026-10-03,P043,v1,XW61DbWpRUc,UgymhoDu3mn74U4T1aB4AaABAg,Mera ek Question hai All YouTuber se ki jab phone ka camera itna next level ho gaya hai to aap log video recording phone se kyun nhi karte hai,329,2025-11-17T15:41:40Z
2026-10-03,P043,v1,XW61DbWpRUc,UgyofZG7N5me0k981Tx4AaABAg,Watching from jio phone of rs 1200😂😂,51,2026-01-03T19:20:49Z
2026-10-03,P043,v1,XW61DbWpRUc,UgzZUt0ufUQOvtTTy2l4AaABAg,10:24😂😂😂😂😂😂😂 what a coincidence😂❤❤,6,2025-11-17T20:57:46Z
2026-10-03,P043,v1,XW61DbWpRUc,Ugz1zS6cwXQ6mOXFuXd4AaABAg,Crazy editing 😱,6,2025-11-17T16:19:22Z
2026-10-03,P043,v1,XW61DbWpRUc,Ugx7uqC8Kac_7ilBiTd4AaABAg,Your old subscriber,11,2025-11-17T15:39:49Z
2026-10-03,P043,v1,XW61DbWpRUc,Ugwg0dtdbghk0sLen5p4AaABAg,Super gyan bhai tum hii accha say unboxing kartay hooo,6,2025-11-18T01:01:02Z
2026-10-03,P043,v1,XW61DbWpRUc,UgzpkLQsRazBHhNZ-6R4AaABAg,11:37 bhai ye mere sath bhi hua h iQOO Neo 10 m balanced mode m badiya fps or monster m fps drop😢,18,2025-11-17T16:03:11Z
2026-10-03,P043,v1,XW61DbWpRUc,UgzbKMTE2qFa49Ixf6N4AaABAg,I agree with you bro real me camera processing so poor still. I used some real me phone main problem with camera was at more light it smokey saturated photos but at afternoon time where that much light outside it gives better result or in nature also it gives better results.,1,2025-11-17T18:09:04Z
2026-10-03,P043,v1,XW61DbWpRUc,UgyYbnV3oiwV2tLCSAV4AaABAg,"😂😂😂 जिस कैमरे का इतना ढोल पीटा, उसी ने रियलमी का पोपट कर दिया 😂😂😂😂😂😂😂",46,2025-11-17T17:02:15Z
2026-10-03,P043,v1,XW61DbWpRUc,UgwZ_3YICadUHCPO6rd4AaABAg,11:14  2min 13 sec khel ke bolte ho gaming test...you know. I didn't expect this from you,9,2025-11-17T17:58:06Z
2026-10-03,P043,v1,XW61DbWpRUc,UgxSevyEVKH23gHo8xt4AaABAg,Ohh bhai 11 sec me aa gaya me 🤣❤️🔥,46,2025-11-17T15:38:40Z
2026-10-03,P043,v1,XW61DbWpRUc,UgzpWQtQax9Dbn3BmiB4AaABAg,10/10❤️❤️❤️,4,2025-11-17T16:25:13Z
2026-10-03,P043,v1,XW61DbWpRUc,Ugzqt1lmXjF2sZEttlp4AaABAg,Impressive look,5,2025-11-17T15:38:52Z
2026-10-03,P043,v1,XW61DbWpRUc,UgxUMH-4ZWjxBjCyyuh4AaABAg,10:07 Pro player manoj bhai 😅😅😂,2,2026-06-27T16:30:05Z
2026-10-03,P043,v1,XW61DbWpRUc,UgwkW77gdj_qB29UpMd4AaABAg,Kon kon time pass karne aaya hai😅😅,19,2025-11-18T07:29:12Z
2026-10-03,P043,v1,XW61DbWpRUc,Ugz9093Me7fsh5dH6Kl4AaABAg,5:35 : Bhai ne bola like karne ka matlab like karne ka😊😊😊😊,1,2025-11-17T16:34:03Z
2026-10-03,P043,v1,XW61DbWpRUc,UgybxzmLZzak05JisYp4AaABAg,OnePlus ad 😂,98,2025-11-17T16:48:21Z
2026-10-03,P043,v1,XW61DbWpRUc,Ugye3d1R9SVfG9yIRv54AaABAg,8:15  the second photo with car was fire 🔥😮,1,2025-11-19T12:27:19Z
2026-10-03,P043,v1,XW61DbWpRUc,UgzB3JI0iUiKxlIIvc54AaABAg,Bhai master photo he ❤❤ main aapka sab video dekhta hun 💓💓,1,2025-11-17T16:32:58Z
2026-10-03,P043,v1,XW61DbWpRUc,Ugx13jCLPK58_5_eQqV4AaABAg,एक बार फोन खरीद लू इन सभी को देखूंगा भी नहीं,97,2025-11-17T16:25:29Z
2026-10-03,P043,v1,XW61DbWpRUc,UgyjFIOEjghq2VHAWgh4AaABAg,Mujhe is GT8 Pro ka kit kaafi badia laga deco ke saath 😍,1,2025-11-19T12:09:49Z
2026-10-03,P043,v1,XW61DbWpRUc,Ugxo2vA50l9J5HFDN8R4AaABAg,No 1,0,2025-11-20T01:24:48Z
2026-10-03,P043,v1,XW61DbWpRUc,UgwusvpNrekIC7SaBK14AaABAg,Kitni baar first comment kara😅,10,2025-11-17T15:38:45Z
2026-10-03,P043,v1,XW61DbWpRUc,UgxZjr7X1Gl0abQswSZ4AaABAg,Wah kya baat hai bhai 😮,0,2025-11-17T18:41:56Z
2026-10-03,P043,v1,XW61DbWpRUc,UgwGnx4yBVtfoFmBB9h4AaABAg,Vote for oppo find x9pro unboxing,7,2025-11-17T16:25:22Z
2026-10-03,P043,v1,XW61DbWpRUc,UgymYxsop3FhxDyCEm14AaABAg,All rounder phone 💯,1,2026-02-26T13:43:58Z
2026-10-03,P043,v1,XW61DbWpRUc,Ugyyy2GRs3EPCRWW1Dd4AaABAg,Kis kis ko oneplus ka add aya 😊😊,96,2025-11-17T15:42:05Z
2026-10-03,P043,v1,XW61DbWpRUc,Ugz4V0XixQdclpRqgfV4AaABAg,Fire hai boss🔥🔥,0,2025-11-17T16:32:45Z
2026-10-03,P043,v1,XW61DbWpRUc,UgwelIboGKnQdh_fPnh4AaABAg,You missed the Software part especially Ai Features like MindSpace.,3,2025-11-18T01:50:59Z
2026-10-03,P043,v1,XW61DbWpRUc,UgwuJGaboBqKExyCX8t4AaABAg,Khatarnak gaming phone 📱😮❤,1,2025-11-20T17:06:13Z
2026-10-03,P043,v1,XW61DbWpRUc,UgzhjzWhMF2BthnmGqN4AaABAg,9:01 richo ka alag camera app hona chahiye tha 😢,4,2025-11-17T17:43:21Z
2026-10-03,P043,v1,XW61DbWpRUc,UgxzXFSaIRFlLlO1khh4AaABAg,Very nice voice 12:05,2,2025-11-18T15:16:27Z
2026-10-03,P043,v1,XW61DbWpRUc,UgxCLc6Vh4O1Fn4Uj5l4AaABAg,Kis kisko realme ke phone pasand hai 💯❤,108,2025-11-17T17:40:50Z
2026-10-03,P043,v1,XW61DbWpRUc,UgzWux9eZtDSJ1iByEN4AaABAg,Honest review 👌👍,0,2025-11-17T16:14:03Z
2026-10-03,P043,v1,XW61DbWpRUc,Ugwxtk6FqJH8uAC0Vi94AaABAg,Lava agni 4 ka review kro kis kis ko lava agni 4 ka review chaye ❤😅,26,2025-11-17T15:42:46Z
2026-10-03,P043,v1,XW61DbWpRUc,UgwG7vcAvur4m_vIyjB4AaABAg,10 on 10,1,2025-12-30T14:09:16Z
2026-10-03,P043,v1,XW61DbWpRUc,UgxCeZfbpR0fvfexm8Z4AaABAg,Kon kon Vivo phone se video dekh raha hai 😅😅😅😂😂😂,24,2025-11-18T07:35:48Z
2026-10-03,P043,v1,XW61DbWpRUc,UgxtDsAWCqRgfxPt-E14AaABAg,wow bhai❤❤❤,0,2026-02-13T17:45:27Z
2026-10-03,P043,v1,XW61DbWpRUc,Ugxa3x7VwaX85RidqNp4AaABAg,7:07 post processing ke realme ke Budget phone mein toh photo click kiya hua hota h usse khrab hi ho jaata h 😢,4,2025-11-17T19:05:26Z
2026-10-03,P043,v1,XW61DbWpRUc,UgwXgUZ6OQBCtnCwdWd4AaABAg,Best number 10❤,0,2025-11-18T03:40:59Z
2026-10-03,P043,v1,XW61DbWpRUc,Ugy16CxQF7eANP9yrZV4AaABAg,First comment 😁😁,11,2025-11-17T15:38:45Z
2026-10-03,P043,v1,XW61DbWpRUc,Ugy1ZocZrQlQM9C-Bld4AaABAg,Kon kon realme ka name sunke aya ...apna vote de ❤,21,2025-11-17T15:39:46Z
2026-10-03,P043,v1,XW61DbWpRUc,Ugyau8kH0Zv_vGY9VZt4AaABAg,3:02 9.5/10 l liked the Square design,1,2025-11-17T19:34:31Z
2026-10-03,P043,v1,XW61DbWpRUc,Ugzy4M0BDxGHZaFXmmV4AaABAg,Free fire ka test Karo ❤❤❤❤,3,2025-11-22T02:25:08Z
2026-10-03,P043,v1,XW61DbWpRUc,UgyDVeZrhUsjwsyJrkp4AaABAg,Nice muje bhi aise AI devices pr video bnani chahiy 🤠😍,1,2025-11-17T16:24:00Z
2026-10-03,P043,v1,XW61DbWpRUc,UgxB0e6T9KBcbD7dvhV4AaABAg,आ गए आप चाय नाश्ता करके जाइए गा🤓,4,2025-11-17T15:43:28Z
2026-10-03,P043,v1,XW61DbWpRUc,UgxvFGYo0K1a7elL2XR4AaABAg,Sare phone mein audio call per dikkat a rahi hai,9,2025-11-17T15:44:32Z
2026-10-03,P043,v1,XW61DbWpRUc,Ugya8VJfwg623f3olbt4AaABAg,fantastic 10 on 10,0,2025-11-20T02:55:05Z
2026-10-03,P043,v1,XW61DbWpRUc,Ugy-GWf1irhp8AA0y554AaABAg,10:24 😂😂,25,2025-11-17T16:25:30Z
2026-10-03,P043,v1,XW61DbWpRUc,UgziTxKq_meeyzOOJYF4AaABAg,Bro intro always crazy,0,2025-11-18T03:38:39Z
2026-10-03,P043,v1,XW61DbWpRUc,Ugwn852Rwgo4mu2bl5d4AaABAg,भैया एक infinix note 50s पर वीडियो बनाय👍👍👍,3,2025-11-24T15:02:36Z
2026-10-03,P043,v1,XW61DbWpRUc,UgyxETJCvkBBQdM1XpR4AaABAg,Editor barya editing krta ha manoj bhi ab😂,2,2025-11-18T04:47:23Z
2026-10-03,P043,v1,XW61DbWpRUc,UgxnOE9r0e8iP9P71pd4AaABAg,iQOO 15 is beast phone 🎉,5,2025-11-17T16:15:44Z
2026-10-03,P043,v1,XW61DbWpRUc,UgwNe9uFxfIZix9r1vx4AaABAg,Crazy design❤❤,0,2025-11-18T12:50:18Z
2026-10-03,P043,v1,XW61DbWpRUc,Ugx3EDUa4G6NmyZQFG54AaABAg,Gt master edition,6,2025-11-18T03:10:43Z
2026-10-03,P043,v1,XW61DbWpRUc,UgzEoyAbO9jnQFldqyZ4AaABAg,Manu bhaiya bhojpuri song mast tha 😅 bole to super 😅😅😅,1,2025-11-18T02:34:04Z
2026-10-03,P043,v1,XW61DbWpRUc,UgxZLnEfQMTqg-iz8l94AaABAg,10/10 mast Hai 14:19,4,2025-11-18T15:18:41Z
2026-10-03,P043,v1,XW61DbWpRUc,UgzNKp0-PzUhH017oDh4AaABAg,1 number,0,2025-11-17T17:06:04Z
2026-10-03,P043,v1,XW61DbWpRUc,UgyWC3V_GcLWDBalatJ4AaABAg,Aapka second hand phone mil jata hai kya,4,2025-11-17T15:45:00Z
2026-10-03,P043,v1,XW61DbWpRUc,UgxzpYwF_ka06bfFpYV4AaABAg,Best ho aap mja aata hai dekhne me,0,2026-09-14T11:14:53Z
2026-10-03,P043,v1,XW61DbWpRUc,UgwcKLOaYBaJKsK_nI54AaABAg,Kon Kon Odisha se dhek Raha hai sir 😅😅,4,2025-11-17T15:39:29Z
2026-10-03,P043,v1,XW61DbWpRUc,UgxhcGo2yIbY7DrCNFF4AaABAg,Crazy bhai,0,2025-11-17T16:05:40Z
2026-10-03,P043,v1,XW61DbWpRUc,UgygQWE2W7HkbE78Iot4AaABAg,1st like,5,2025-11-17T15:38:40Z
2026-10-03,P043,v1,XW61DbWpRUc,UgyX9sJZEAIoDKvM6F94AaABAg,9.5 star ⭐❤,2,2025-11-18T07:33:25Z
2026-10-03,P043,v1,XW61DbWpRUc,UgydOpeATak7EEkqXtR4AaABAg,Moto ka add kis kis ko aya,4,2025-11-25T10:49:49Z
2026-10-03,P043,v1,XW61DbWpRUc,UgwuJqGb2UCv5i7QMHN4AaABAg,Pahli Baar Maja aa gaya,0,2025-11-19T11:27:38Z
2026-10-03,P043,v1,XW61DbWpRUc,UgwEIPHh67AWg81GjZ14AaABAg,M to vivo x300 pro launch hone ka wait kr rha hu😊,3,2025-11-17T16:36:04Z
2026-10-03,P043,v1,XW61DbWpRUc,UgxSSKoHa3vAtB8ueB94AaABAg,10no 😊😊😊,0,2025-11-18T14:58:07Z
2026-10-03,P043,v1,XW61DbWpRUc,UgxO32Pa5nXAoHXJ5kV4AaABAg,7:30 200MP 50MP 50MP  itne bade bade number lekin camera tati hai,20,2025-11-17T18:11:40Z
2026-10-03,P043,v1,XW61DbWpRUc,UgyMdBLO8j3OHfHtxl94AaABAg,Phone under 10k,7,2025-11-17T15:39:37Z
2026-10-03,P043,v1,XW61DbWpRUc,Ugx_p_ICvUkttrQDGdh4AaABAg,No. 10,0,2025-11-20T18:16:27Z
2026-10-03,P043,v1,XW61DbWpRUc,UgziCDID8-fNkEN5p1R4AaABAg,OnePlus ne YouTube ko kharid liya hai 😊😂,7,2025-11-17T16:06:41Z
2026-10-03,P043,v1,XW61DbWpRUc,UgzHN0PeIbH5DenWWaJ4AaABAg,O BHAI AMAZING PHONE ❤❤,0,2025-11-22T02:22:10Z
2026-10-03,P043,v1,XW61DbWpRUc,Ugz4W7wUzWqXngKu9sJ4AaABAg,3:45 ltpo ho ltps nahi display.,15,2025-11-17T15:46:12Z
2026-10-03,P043,v1,XW61DbWpRUc,UgyywXCX6Y-W-wC40mR4AaABAg,"Nict.9
😮❤",0,2025-11-18T01:27:17Z
2026-10-03,P043,v1,XW61DbWpRUc,Ugy6Gull1vNqm2YtJw94AaABAg,Bhai mujhe de do plz❤❤,6,2025-11-17T15:38:46Z
2026-10-03,P043,v1,XW61DbWpRUc,UgxjB_8PiCCXu-wvjLt4AaABAg,100th ❤,0,2025-11-27T17:57:39Z
2026-10-03,P043,v1,XW61DbWpRUc,UgwqLQSJM7wmRFp6PVV4AaABAg,Onepluse + iqoo = realme ☠️,8,2025-11-18T03:10:50Z
2026-10-03,P043,v1,XW61DbWpRUc,UgyNDurCsoWWNUGymPZ4AaABAg,🔊🔊🔊🔊🔊  whoo,0,2025-11-20T05:09:39Z
2026-10-03,P043,v1,XW61DbWpRUc,Ugx0u_QIjcdgrxM45x54AaABAg,Kisko kisko oneplus 15 ka ad aaya 😂😂😂,5,2025-11-17T17:11:28Z
2026-10-03,P043,v1,XW61DbWpRUc,UgyIXzLnHiT-_I8NebF4AaABAg,Hum vivo wale hai or kon kon he😂😂😂,11,2025-11-17T16:33:32Z
2026-10-03,P043,v1,XW61DbWpRUc,Ugyi-Yn4ClDNzWJ-x2F4AaABAg,Ek no. Phone hai bhai mein use karta hu❤❤,0,2026-01-24T06:49:34Z
2026-10-03,P043,v1,XW61DbWpRUc,UgzZC_NmxsfdE0v3wdB4AaABAg,3:03 10 me se 2.58 😂,7,2025-11-17T17:48:13Z
2026-10-03,P043,v1,XW61DbWpRUc,Ugw4AYe2olGY-Eydyrx4AaABAg,10 number,0,2025-11-21T17:13:00Z
2026-10-03,P043,v1,XW61DbWpRUc,UgzwbMucQclhAdKJziN4AaABAg,5:16 bhojpuri song ke liye to like bnta hai😊,3,2025-11-22T10:09:40Z
2026-10-03,P043,v1,XW61DbWpRUc,UgwXXCvE-0n-iO8dDzR4AaABAg,Realme day by day ❤,0,2025-11-18T03:44:08Z
2026-10-03,P043,v1,XW61DbWpRUc,UgyQ2QUXK4DxPvYbKxp4AaABAg,manoj bhai big fan 🎉,0,2025-11-17T18:10:40Z
2026-10-03,P043,v1,XW61DbWpRUc,UgzE8UHNwTw3U2-e_7Z4AaABAg,🎉very good,0,2025-11-26T06:15:26Z
2026-10-03,P043,v1,XW61DbWpRUc,UgzeXEYOIEHYh1UpKgZ4AaABAg,GT series finally back with a bang! Performance or camera dono flagship level lag rahe hain,0,2025-11-19T10:10:25Z
2026-10-03,P043,v1,XW61DbWpRUc,UgyrsQPBj3wd4bixwRN4AaABAg,Manoj Saru bhaii Aap v Bhojpuri sunte ho??? ❤ From Bihar,1,2025-11-18T07:25:12Z
2026-10-03,P043,v1,XW61DbWpRUc,UgzZthKC_GwSmOZ1OgJ4AaABAg,Achha to h ❤,0,2025-11-17T19:25:06Z
2026-10-03,P043,v1,XW61DbWpRUc,Ugxl7wapOG03VSsNCBh4AaABAg,1❤️,0,2025-11-18T02:37:24Z
2026-10-03,P043,v1,XW61DbWpRUc,Ugy5OUu10mnuknL2hKR4AaABAg,Power of realme ❤,0,2026-09-09T14:56:40Z
2026-10-03,P043,v1,XW61DbWpRUc,UgxraibnCLKkLEM63oB4AaABAg,This deserves a million likes.,0,2025-11-18T20:11:01Z
2026-10-03,P043,v1,XW61DbWpRUc,UgwLHjQLlQ7NQZGxxzR4AaABAg,10/10❤,0,2025-11-17T18:30:28Z
2026-10-03,P043,v1,XW61DbWpRUc,UgwhJUJC8GwmQtz7cnR4AaABAg,"Bro intro then 👻
Bro intro now ☠️",0,2025-11-18T10:08:41Z
2026-10-03,P043,v1,XW61DbWpRUc,UgxN4jrF1Gsqxxtpa4l4AaABAg,Vai saab itna Sara phone 📱 kaa kya karte ho aap ❤❤❤❤,1,2025-11-20T06:33:21Z
2026-10-03,P043,v1,XW61DbWpRUc,UgyA45e00kWBZeoTshZ4AaABAg,🔥🔥🔥,0,2025-11-17T17:45:00Z
2026-10-03,P043,v1,1AT5COLuHsA,Ugyhq3udv_wFsVm1iq94AaABAg,"Phone prices 📈
Net Reacharge prices 📈
Salary 📉",428,2025-11-20T13:25:56Z
2026-10-03,P043,v1,1AT5COLuHsA,UgyrO7OFrIJbdtkBEyN4AaABAg,"Trakin Tech - without collaboration - who gonna buy it?🤨
Trakin Tech - with collaboration - everyone wanna buy it😊
Edit - Oh my god 😳  250 likes 🫠🥺",601,2025-11-20T13:44:06Z
2026-10-03,P043,v1,1AT5COLuHsA,UgyrPOQ3udA5vUG1voB4AaABAg,0:16 Finally trakin Tech said something Which he did not get paid for!! 🥀,92,2025-11-20T17:00:21Z
2026-10-03,P043,v1,1AT5COLuHsA,Ugy6woc3z9eMwxnazN54AaABAg,"Trakin tech with OnePlus 🥰
Trakin tech with Realme 🤬",239,2025-11-20T16:08:24Z
2026-10-03,P043,v1,1AT5COLuHsA,UgzKfS_RpHFO_7cwR7F4AaABAg,पैसा नही मिला तो चिल्ला नही रहा 😂😂😂,120,2025-11-21T01:38:56Z
2026-10-03,P043,v1,1AT5COLuHsA,UgxnsV-sgbuLHbs0LwB4AaABAg,Relax guys no collaboration video 😂,86,2025-11-21T07:27:53Z
2026-10-03,P043,v1,1AT5COLuHsA,UgwLwD3tltmDnZy2_wx4AaABAg,40-50k k under best all-rounder phone but now it's not value for money so I think we will wait for 4to5 months to buy it low price,13,2025-11-20T15:23:49Z
2026-10-03,P043,v1,1AT5COLuHsA,Ugz0ZRhwnX6t8KDejbt4AaABAg,"70,000 वाला GT8 Pro kitne ka he ji😂",107,2025-11-20T13:29:17Z
2026-10-03,P043,v1,1AT5COLuHsA,UgxWKV-nRzbM9h_YTkd4AaABAg,Kadak review aahe... And this is first comment ❤❤❤😂😂😂😂🎉,5,2025-11-20T12:44:33Z
2026-10-03,P043,v1,1AT5COLuHsA,UgyntT-fF4C6nb2_tRl4AaABAg,Why realme doesn't Collab with trakin tech ?,67,2025-11-20T13:04:14Z
2026-10-03,P043,v1,1AT5COLuHsA,UgyMz7nBT7X2J9CbCX94AaABAg,With that price they should have atleast given 5 years of OS updates and 6 years of security updates.,31,2025-11-20T13:20:57Z
2026-10-03,P043,v1,1AT5COLuHsA,Ugz9tLN3wjCaPbt-qRJ4AaABAg,USB 2.0! Seriously? Looks like it will be selling under 40K next year sale.....,80,2025-11-20T12:57:09Z
2026-10-03,P043,v1,1AT5COLuHsA,Ugz0jUBo6yovattZCGR4AaABAg,"4:40 if i remember correctly, once a realme phone cracked on drop test and the review was stopped immediately",51,2025-11-20T13:27:45Z
2026-10-03,P043,v1,1AT5COLuHsA,UgyYAdAajsrPaiQIHlt4AaABAg,दरोगा बाबू और होम गार्ड वाले यहाँ क्या कर रहे हैं😂😂😂,15,2025-11-20T13:50:53Z
2026-10-03,P043,v1,1AT5COLuHsA,UgwvYfCMpdhAGjRXbcp4AaABAg,Price Inspired by nothing phone 3 😂,46,2025-11-20T14:19:06Z
2026-10-03,P043,v1,1AT5COLuHsA,UgzKeQWqQDIB4FBGNZF4AaABAg,@4:31 pe realme ka drop test important hai as realme ne pehle military grade phones nikalna chalu kiya tha,12,2025-11-23T14:10:15Z
2026-10-03,P043,v1,1AT5COLuHsA,Ugxz4CWJNkZLqsp_8op4AaABAg,Your reviews are very awesome 👍👍,5,2025-11-20T12:44:09Z
2026-10-03,P043,v1,1AT5COLuHsA,Ugw-F1F_Eoy4bsOCIcN4AaABAg,First Comment ❤,5,2025-11-20T12:44:00Z
2026-10-03,P043,v1,1AT5COLuHsA,Ugxkhk_ROfg2Yf6CzTd4AaABAg,"I am using Gt 7 pro and it's a beast in performance, good battery backup . Camera needs some improvement through updates.",3,2025-11-22T11:20:21Z
2026-10-03,P043,v1,1AT5COLuHsA,UgzlnVzHQDr8wDuhFQp4AaABAg,Iski price 40k ho to best hai nahi to koi aur brand hi sahi hai baise bhi realme ka phone 20k tak me hi achha lagta hai,7,2025-11-20T14:43:12Z
2026-10-03,P043,v1,1AT5COLuHsA,Ugz3w0PyXSXYxGm1XmF4AaABAg,All videos main dekta huu apka ❤,5,2025-11-20T12:51:22Z
2026-10-03,P043,v1,1AT5COLuHsA,UgwofvU7XEMYzNhzb1R4AaABAg,Over priced 😮,378,2025-11-20T12:46:38Z
2026-10-03,P043,v1,1AT5COLuHsA,UgyuHbkOC3OojHtvsbx4AaABAg,2:04 price dekhne ke bad video dekhna chhod Diya 😂 .,8,2025-11-20T17:22:29Z
2026-10-03,P043,v1,1AT5COLuHsA,Ugy-X08NRV_Xg2EBPkR4AaABAg,4:13 Gorilla glass 7i ? 70k ke phone mein? 🤨,23,2025-11-20T14:58:48Z
2026-10-03,P043,v1,1AT5COLuHsA,UgzT5ZF8fuU7O4gNw114AaABAg,Fast view...👍,0,2025-11-20T12:45:12Z
2026-10-03,P043,v1,1AT5COLuHsA,UgyxvBDEuwtpRzs9dNZ4AaABAg,10:40  VENOM  🖤,3,2025-11-21T01:54:15Z
2026-10-03,P043,v1,1AT5COLuHsA,UgyiR8vq4cSxqBqaXDx4AaABAg,"Bhai intro ki music bohot acchi thi👏🏻
4:02 The Camerawork Here Is Amazing 😹👏🏻🔥",1,2025-11-21T07:38:43Z
2026-10-03,P043,v1,1AT5COLuHsA,UgwcVtzeX6-RFK_vXZZ4AaABAg,Price bahot jyada he sir😢😢,33,2025-11-20T13:05:08Z
2026-10-03,P043,v1,1AT5COLuHsA,UgxPti48ntM2zL8BkIZ4AaABAg,Ab ye review on point banaya hai. Nice👍👌,0,2025-11-21T00:54:55Z
2026-10-03,P043,v1,1AT5COLuHsA,UgwfreLDaywskE6xu7l4AaABAg,I am 1 viewer of this video,0,2025-11-20T12:44:24Z
2026-10-03,P043,v1,1AT5COLuHsA,Ugw9aTvXwgU4cNki0_t4AaABAg,1st❤❤❤❤❤,0,2025-11-20T12:44:21Z
2026-10-03,P043,v1,1AT5COLuHsA,Ugw6ohBvI72ayPSvgjB4AaABAg,First,1,2025-11-20T12:44:00Z
2026-10-03,P043,v1,1AT5COLuHsA,UgwXQjN7jw3wCB5aIq54AaABAg,First comment 😊,0,2025-11-20T12:44:04Z
2026-10-03,P043,v1,1AT5COLuHsA,UgxLABA3D14jxQkWHkh4AaABAg,realme 8GB Pro.. super design phone 🎉❤😊,2,2026-04-14T06:28:36Z
2026-10-03,P043,v1,1AT5COLuHsA,UgxI3TaredPkJFJFBUp4AaABAg,Sir me apki har video dekhta ho akvi video miss hone nwhi deta😢🎉,1,2025-11-21T04:47:40Z
2026-10-03,P043,v1,1AT5COLuHsA,Ugzg1VUZmauAGH_aNVN4AaABAg,I got gt7 pro for 40k and one of the best phones I got love it,1,2025-11-20T16:11:47Z
2026-10-03,P043,v1,1AT5COLuHsA,UgyA056r7CQ11Hna5zx4AaABAg,Realme k baarein jo bhi kaho pad Realme phones are really awesome. I'm on Realme 8 4G since it was  launched and it still performs very well,1,2026-06-30T15:59:37Z
2026-10-03,P043,v1,1AT5COLuHsA,Ugw8M41mLsyoYFYky5Z4AaABAg,"good informative video, keep it up, good job whole team",0,2025-12-07T01:54:42Z
2026-10-03,P043,v1,1AT5COLuHsA,UgxBNJcZCI4ToJDaBv14AaABAg,Realme दुनिया का सबसे बेस्ट ब्रांड है।,4,2026-07-30T04:00:08Z
2026-10-03,P043,v1,1AT5COLuHsA,UgzShKCTr5s78mgDdBB4AaABAg,Chinese Phone companies pagal ho gyi hai sab apple aur samsung ki copy krne ka prayas kr rhi hai par apni aukat bhul gayi hai 😂😂😂,22,2025-11-20T13:22:47Z
2026-10-03,P043,v1,1AT5COLuHsA,UgyKuILj3y7Z3MkvNfx4AaABAg,Fast ❤,0,2025-11-20T12:44:13Z
2026-10-03,P043,v1,1AT5COLuHsA,UgxsEitQxMEjF7OZ7h54AaABAg,"Is price me S 24 Ultra...the best ❤
Bhai log agar 50k+ mobile lena hi hai to Samsung Utra series ya I phone pro aur max series hi lena chaiye...my personal opinion to all...",17,2025-11-20T14:36:12Z
2026-10-03,P043,v1,1AT5COLuHsA,UgzQ4sehRXExQvliWgJ4AaABAg,Seeing first time unbiased review,2,2025-11-20T13:35:38Z
2026-10-03,P043,v1,1AT5COLuHsA,UgyvlIpWlklBoG1QW-N4AaABAg,"If it was 55 thousand, it would be a very good phone.",0,2026-10-03T03:31:00Z
2026-10-03,P043,v1,1AT5COLuHsA,Ugxkw5wVeItsZGNGqHB4AaABAg,2ND VIEW...,0,2025-11-20T12:43:57Z
2026-10-03,P043,v1,1AT5COLuHsA,UgwMXOEEQkIeeV7qCHd4AaABAg,Realme GT 7 Pro design looks way better than GT8 Pro,11,2025-11-20T13:59:01Z
2026-10-03,P043,v1,1AT5COLuHsA,Ugy-0fRSgk8IFOSGNpp4AaABAg,"Sir I have one concern regarding your videos I have been your biggest fan I have been watching your videos since I bought my first phone the Realme 7 It has been five years now that I have been following you You have grown so much and I truly love that As a fan I really appreciate your video quality concepts everything But recently I have noticed something whether it is your podcasts or your videos you mention OnePlus a lot
I understand that OnePlus is an emotion for you because your first viral video was with a OnePlus device but now you mention it everywhere and sometimes it feels a bit irritating
So as a fan and a subscriber I request you to please consider this I completely understand your love for OnePlus this was my only concern And please do more podcasts I personally love those.",0,2025-11-20T13:09:23Z
2026-10-03,P043,v1,1AT5COLuHsA,UgxoWRcL1ARSkjsRqDt4AaABAg,Pehla comment mera🎉🎉🎉,0,2025-11-20T12:44:39Z
2026-10-03,P043,v1,1AT5COLuHsA,UgxEOEZfzzdTS5K6SOB4AaABAg,Unboxing Realme ki aur Promotion Oneplus ka 😅😅,2,2025-11-20T15:24:56Z
2026-10-03,P043,v1,1AT5COLuHsA,UgwB8-kS5L9_CThQL194AaABAg,Collab me hota to sabhi chije acchi hoti 😂😂😂,2,2025-11-21T11:22:47Z
2026-10-03,P043,v1,1AT5COLuHsA,Ugyg4OEOcClE8TTfcU94AaABAg,Osm phone bhaii ❤😊,1,2025-11-20T12:50:43Z
2026-10-03,P043,v1,1AT5COLuHsA,Ugy1Sr3LH0bBHs607wV4AaABAg,really like your videos,0,2025-11-20T12:44:17Z
2026-10-03,P043,v1,1AT5COLuHsA,UgyE7pHvmnq8KCa1_Rh4AaABAg,"Hum first, hum first",0,2025-11-20T12:44:08Z
2026-10-03,P043,v1,1AT5COLuHsA,UgyvdyKnS1YMrmz5kcB4AaABAg,Second comment ❤,0,2025-11-20T12:45:13Z
2026-10-03,P043,v1,1AT5COLuHsA,UgxFyo8MxQuxZbmFq1F4AaABAg,"big fan bhaii  ❤❤❤❤form jalgaon, maharashtra",0,2025-11-20T12:45:11Z
2026-10-03,P043,v1,1AT5COLuHsA,Ugxq5SKi200oS-K3YkJ4AaABAg,Mujhe laga realme nahi oneplus 15 ka video ha sayad promotion ha😂😂,1,2025-11-21T02:14:51Z
2026-10-03,P043,v1,1AT5COLuHsA,Ugwmub__V6ya_lrBpaB4AaABAg,Wanderful information thanks 👍,0,2026-06-20T08:00:07Z
2026-10-03,P043,v1,1AT5COLuHsA,UgxtwicKiNH3eGWGkO54AaABAg,Bahut mast big fan,0,2025-11-20T15:41:33Z
2026-10-03,P043,v1,1AT5COLuHsA,UgxX56CeDJrISLTPYh14AaABAg,2 3mhine ruko under 40k milega😂😂,46,2025-11-20T13:16:32Z
2026-10-03,P043,v1,1AT5COLuHsA,UgzxFGHjmN5BODB8LtV4AaABAg,Sir mobile itna khubsurat ho aur camera 2k display performance ho to kyun nahi lega inshallah realme ke jo fans Aaj realme ko trust karte Hain GT 8 Pro jarur lenge thank you realme to new look in Ricoh gr,1,2025-11-21T09:50:55Z
2026-10-03,P043,v1,1AT5COLuHsA,Ugxjgyjv1dmCeFnFD2x4AaABAg,Realme neo 8 ka review kab layenge bhai😊,0,2026-02-03T21:30:19Z
2026-10-03,P043,v1,1AT5COLuHsA,UgybmT3hFaObTRMWARl4AaABAg,"Maine pehle suna tha ye kam price mein ane wala hai like Rs 50-55k.
Price 10-15k increase kaise ho gaya ? 😮",1,2025-11-20T17:30:26Z
2026-10-03,P043,v1,1AT5COLuHsA,UgwmO1R91BD4g4b-tCh4AaABAg,Should buy it when compared to other mobiles because it has 2k display and 200 mp telephoto camera which we can only get on more than 1lakh it is impressive to see a bigger camera on gaming phone,0,2025-11-20T16:41:23Z
2026-10-03,P043,v1,1AT5COLuHsA,UgwcaCwAPHpCz2hI2z14AaABAg,Imagine realme phone with 70k plus🤣🙏,6,2025-11-20T13:15:23Z
2026-10-03,P043,v1,1AT5COLuHsA,UgwmYZ5dWz2qqelE6HN4AaABAg,"Realme 40,000 tak to thik hai par 72,000 bhai shab yeh kuch Jada nahi ho gaya 😂😂",7,2025-11-20T13:26:23Z
2026-10-03,P043,v1,1AT5COLuHsA,UgwDFdDCu0cM2y0hB454AaABAg,"Hlo ARUN BHAIII ❤
OLD SUBSCRIBER ❤",0,2025-11-21T11:08:13Z
2026-10-03,P043,v1,1AT5COLuHsA,UgxJ_cIWA03ehpQtAeV4AaABAg,Arun bhaiya u are awesome,0,2025-11-20T14:14:01Z
2026-10-03,P043,v1,1AT5COLuHsA,UgyTQyyCebVB6nI1yk14AaABAg,1st of all Arun sir mujhe woh watch ke baarein mai bataiye woh kounsa watch hai agar comments padh rahe hai toh please reply karnaa,1,2025-11-20T13:34:57Z
2026-10-03,P043,v1,1AT5COLuHsA,Ugy6tDeyB9EM0NfOvT54AaABAg,Very nice video ❤❤,0,2025-11-20T14:13:41Z
2026-10-03,P043,v1,1AT5COLuHsA,Ugx_4bCuAGEzWgkQLax4AaABAg,It could have been all rounder phone if price is slightly lower,1,2025-11-20T13:50:25Z
2026-10-03,P043,v1,1AT5COLuHsA,UgyZTsXgnq82EYMlaqt4AaABAg,"This isn't reliable channel anymore 
The brand pays for the words they speaks, this can be noticed in the description itself the if the 1st hashtag ""Collab"" then it's not the real review",12,2025-11-20T13:38:49Z
2026-10-03,P043,v1,1AT5COLuHsA,Ugynr4eoItVg6UCw5NV4AaABAg,best phone hai dosto aesa camera aaj tak nahi mila kisi me bhi ❤,0,2025-12-07T11:58:28Z
2026-10-03,P043,v1,1AT5COLuHsA,Ugy4te_iulB5s1XHNFJ4AaABAg,1st comment ab giveaway kar do 😅,0,2025-11-20T12:44:33Z
2026-10-03,P043,v1,1AT5COLuHsA,UgynsIK07eXiRWnhnr94AaABAg,I bought the Realme GT8 Pro & I love the phone ❤,0,2025-12-06T21:36:10Z
2026-10-03,P043,v1,1AT5COLuHsA,UgxvXmNY1c5k235t0Jt4AaABAg,"Bhai AP itna der video dalte hain kyu,baki log joldi dete hai ap hi der se dete hai",0,2025-11-21T05:10:49Z
2026-10-03,P043,v1,1AT5COLuHsA,Ugz1zoyg9sQzqZ7AR6x4AaABAg,Brother  I love it  Smart phone 😊,0,2025-11-20T15:16:03Z
2026-10-03,P043,v1,1AT5COLuHsA,UgxVYQlcprSlA19Pko54AaABAg,I'm gonna buy this bro 😁😁,0,2025-12-13T03:35:03Z
2026-10-03,P043,v1,1AT5COLuHsA,Ugxaj13WdbiGihl-rq14AaABAg,Collab nehi ho paya realme se iss bar😂,0,2025-11-20T17:32:12Z
2026-10-03,P043,v1,1AT5COLuHsA,UgwcsZRKYO_vZW61mJp4AaABAg,Ye bahot hi badiya phone hai velue for money hai is time jis tarah se mobile ke rate badre hai is range me ye presser hi nahi milra hai,0,2026-09-26T05:45:44Z
2026-10-03,P043,v1,1AT5COLuHsA,Ugx9lpNP1dRnNgu8TzZ4AaABAg,Realme harbar yahi karta hai. Launch ke time price bohot high rakhta hai. Fir 1 mahine bad price drop kar deta hai.,4,2025-11-20T12:56:49Z
2026-10-03,P043,v1,1AT5COLuHsA,UgzbrkJeMH41fDTQEqp4AaABAg,🔥🔥,0,2025-11-20T12:44:21Z
2026-10-03,P043,v1,1AT5COLuHsA,UgxjOeIfs8z1KB4pcll4AaABAg,Nikalna tho padega with a smile excited me also 😁😂,0,2025-11-21T04:36:50Z
2026-10-03,P043,v1,1AT5COLuHsA,Ugw3Pz5LkOdw2bDBfWd4AaABAg,Koi baat nahi offer me price half hogaya to lelenge 😅,1,2025-11-20T15:02:26Z
2026-10-03,P043,v1,1AT5COLuHsA,UgxDDNiWclddvSchE1t4AaABAg,Ma book kar diya sir❤❤❤❤🎉🎉🎉🎉🎉🎉,0,2025-11-20T13:45:55Z
2026-10-03,P043,v1,1AT5COLuHsA,UgwJeXAJJmugBjC4N3V4AaABAg,Iqoo 15 ka video kab aayega?,0,2025-11-20T15:25:52Z
2026-10-03,P043,v1,1AT5COLuHsA,UgwUpss3dZ1KWhICZHx4AaABAg,loved the design but heard negative reviews regarding its screen burn in and heating.... which was not expected from realme and sd 8 elite gen 5 optimisation,0,2025-12-30T10:58:23Z
2026-10-03,P043,v1,1AT5COLuHsA,UgxwCkfiFuJDoVDcsHd4AaABAg,Who's like One plus 15✅💯,9,2025-11-20T12:46:02Z
2026-10-03,P043,v1,1AT5COLuHsA,UgxNUYe5KDLSGihLsI54AaABAg,Khup prem ❤❤❤❤,0,2025-11-20T14:06:07Z
2026-10-03,P043,v1,1AT5COLuHsA,UgzUWNvDEAcpUrUacrt4AaABAg,2 min gang ----->,1,2025-11-20T12:52:05Z
2026-10-03,P043,v1,1AT5COLuHsA,UgzDYUH-Va_NesVbRfp4AaABAg,Vivo v60e ka aapne unboxing video nhi banaya plz ek us par bhi unboxing full review video banao please,0,2025-11-22T01:15:59Z
2026-10-03,P043,v1,1AT5COLuHsA,UgzT0h-U0vcAr2xuLKt4AaABAg,Watching on Realme gt 7t ❤,1,2025-11-20T18:42:32Z
2026-10-03,P043,v1,1AT5COLuHsA,UgwexZw6LsWe5lCYQeF4AaABAg,Sir kaha tha aap ka ye video kam se wait ker raha tha aap sachai bata te ho acha to acha galat to galat plss aap her video ko lane mai it na derr na ker plss brilliant work❤❤❤❤,0,2025-11-25T22:35:37Z
2026-10-03,P043,v1,1AT5COLuHsA,UgxGBUUZF5Ab5hm_L8V4AaABAg,Dada p4x ki unboxing kab karge,0,2025-12-06T18:26:15Z
2026-10-03,P043,v1,1AT5COLuHsA,UgzS_ZqMJvAJ-OqwrdV4AaABAg,50k - 55k price sahi rahta ❤😊,1,2025-11-20T13:01:37Z
2026-10-03,P043,v1,1AT5COLuHsA,UgzxRwIczbK1wOqAdL54AaABAg,I want to say arun sir I like your videos but you are a little bit harsh in the colab video but in the collab video you don't tell the flaws in the phone very often.,0,2025-11-20T14:19:28Z
2026-10-03,P043,v1,1AT5COLuHsA,Ugzc-GpbHTlfoO4NbIV4AaABAg,Frist comment❤,5,2025-11-20T12:43:51Z
2026-10-03,P043,v1,1AT5COLuHsA,UgzCF-hCxvo69cSIz7h4AaABAg,I am watching your video realme gt 7pro ❤❤,0,2025-11-21T05:35:11Z
2026-10-03,P043,v1,1AT5COLuHsA,Ugy_y1T3KDWGPnCSkfZ4AaABAg,India me under 70k price per 1tb wala varient aana chahiye,5,2025-11-20T13:24:53Z
2026-10-03,P043,v1,1AT5COLuHsA,UgzVUWk465uZJdQbWgd4AaABAg,Pls make a video on new realme 15x,1,2025-11-20T14:59:48Z
2026-10-03,P043,v1,1AT5COLuHsA,UgyPLOmzluNVlympNMV4AaABAg,Samsung s25 vs realme gt 8 pro ke sath compare video banao plz,1,2025-11-25T10:19:21Z
2026-10-03,P043,v1,ddrV_h_ktm4,Ugz0GSSnJktN_svfT554AaABAg,"""നിങ്ങൾക്ക് ആർക്കും ഇത് കിട്ടൂല നോക്കി ഇരിക്കണ്ട""  😂😂",1271,2025-11-07T12:53:10Z
2026-10-03,P043,v1,ddrV_h_ktm4,Ugzyf-AwnLXwDmKGhrR4AaABAg,സ്റ്റൈല്‍ + കരുത്ത് = GT 8 Pro 💪👌,199,2025-11-07T12:59:37Z
2026-10-03,P043,v1,ddrV_h_ktm4,UgylzkVo4kmtvOCwNhh4AaABAg,CMF : ehh ehh ehhhhhhhh,106,2025-11-07T12:29:23Z
2026-10-03,P043,v1,ddrV_h_ktm4,UgxAMl4ViOyDkEWPFAx4AaABAg,ഞങ്ങൾ ഉണ്ടായതുകൊണ്ടാണ് അതൊക്കെ കിട്ടുന്നത് 😂,116,2025-11-07T13:07:23Z
2026-10-03,P043,v1,ddrV_h_ktm4,UgzQi5wSi6A7Xw2EnCh4AaABAg,4.2 million + antutu score🥵🔥🔥,9,2025-11-09T19:22:11Z
2026-10-03,P043,v1,ddrV_h_ktm4,UgyE1WBUfNHmQB2rxwV4AaABAg,Now Realme 🔥📈,61,2025-11-07T12:50:12Z
2026-10-03,P043,v1,ddrV_h_ktm4,Ugz5swdF7tPKdI3lNvp4AaABAg,Oree poliii❤️‍🔥❤️‍🔥,61,2025-11-07T12:25:20Z
2026-10-03,P043,v1,ddrV_h_ktm4,UgxZ0WguWzfno3thJKp4AaABAg,Ipravashyam realme market tookum🔥,85,2025-11-07T12:42:12Z
2026-10-03,P043,v1,ddrV_h_ktm4,UgxbrG4AWOR08ONgqE54AaABAg,Cmf revolution 🔥,18,2025-11-07T12:43:22Z
2026-10-03,P043,v1,ddrV_h_ktm4,UgysR2sYmVEUMR3imb14AaABAg,അതാണ് realme power🔥 😁,5,2025-11-16T09:16:09Z
2026-10-03,P043,v1,ddrV_h_ktm4,UgxiSIXNsfktvYPdOV14AaABAg,Nine Ingane kandirikan thanne enth rasannariyuo😅😂,30,2025-11-07T12:27:43Z
2026-10-03,P043,v1,ddrV_h_ktm4,UgxQd6btXhmALkwRJDt4AaABAg,Super അണ്ണാ we r waiting ✋️,17,2025-11-07T12:28:01Z
2026-10-03,P043,v1,ddrV_h_ktm4,Ugyy2duGpmvZF4jBl2l4AaABAg,Realme nannayi varunund,5,2025-11-07T12:30:21Z
2026-10-03,P043,v1,ddrV_h_ktm4,UgxT4xcsJgjxPHlKCV94AaABAg,Kollaam lee 😌📈,2,2025-11-07T15:59:22Z
2026-10-03,P043,v1,ddrV_h_ktm4,UgzKWv6gxQYBPBkTea54AaABAg,Katta waiting ❤❤❤,2,2025-11-07T12:40:36Z
2026-10-03,P043,v1,ddrV_h_ktm4,Ugw6ADhkxquM1idcNOl4AaABAg,Ente ponnu bro ningalde long format video kku vendi kaatthirikkunna kure perund ..,15,2025-11-07T12:29:46Z
2026-10-03,P043,v1,ddrV_h_ktm4,Ugz1Gmo_NrMcB_nGn-t4AaABAg,Realme 8ഈലൂഡേ realme GT 8 കണ്ട ഭാഗ്യവാന)യ ഞമ്മൽ😎,3,2025-11-07T15:37:00Z
2026-10-03,P043,v1,ddrV_h_ktm4,UgwA80pDAvlgfZO5W_54AaABAg,Thankyou bro,1,2025-11-07T15:10:20Z
2026-10-03,P043,v1,ddrV_h_ktm4,UgzVJ0N4RoyhWC43xlB4AaABAg,Realme 💥,1,2025-11-07T12:30:41Z
2026-10-03,P043,v1,ddrV_h_ktm4,UgyE2b5XWzpIx94mHLJ4AaABAg,Loved it,0,2025-11-19T23:35:02Z
2026-10-03,P043,v1,ddrV_h_ktm4,UgyRmY2wMdF8irlH2XR4AaABAg,Beautiful ❤,0,2025-11-08T02:53:39Z
2026-10-03,P043,v1,ddrV_h_ktm4,Ugz6y6-ETyw2dnGPnAl4AaABAg,Thalle scene ❤,9,2025-11-07T12:42:08Z
2026-10-03,P043,v1,ddrV_h_ktm4,Ugw7XFriKsui4AENmRp4AaABAg,Ambho👀💥,0,2025-11-07T15:31:28Z
2026-10-03,P043,v1,ddrV_h_ktm4,UgwaO1nCzXfRlCx9k6J4AaABAg,Nice 🔥🔥,0,2025-11-17T05:48:09Z
2026-10-03,P043,v1,ddrV_h_ktm4,UgxxaigTbp1nVsa2wJl4AaABAg,ലെഗോ.. ഞാൻ അടിച്ചുമാറ്റിയിരിക്കും 😂😂😂😂😂...... എന്ന്..ഗോപാലൻ,2,2025-11-07T13:38:52Z
2026-10-03,P043,v1,ddrV_h_ktm4,UgzjbwvOd5pMPDBYPPN4AaABAg,❤,1,2025-11-07T12:25:40Z
2026-10-03,P043,v1,ddrV_h_ktm4,UgyyQycMpukWxYyOj0x4AaABAg,Ivan kollaaam,1,2025-11-07T13:18:12Z
2026-10-03,P043,v1,ddrV_h_ktm4,UgyWhZVUlfVJTntWGo14AaABAg,🤩,1,2025-11-07T13:12:51Z
2026-10-03,P043,v1,ddrV_h_ktm4,UgzTjmE7gvWgQBglwhh4AaABAg,ഞങ്ങൾക്ക് കിട്ടാത്ത മുന്തിരി പുളിക്കും 😂,4,2025-11-07T13:46:26Z
2026-10-03,P043,v1,ddrV_h_ktm4,Ugz2hnGn25KWX5KDjCd4AaABAg,Polichallo,1,2025-11-07T12:52:45Z
2026-10-03,P043,v1,ddrV_h_ktm4,UgyUcM9ZsGb7rXLqVTB4AaABAg,👍👍👍,1,2025-11-07T12:30:37Z
2026-10-03,P043,v1,ddrV_h_ktm4,Ugx_0LOClA8iZE4ZWv14AaABAg,Le cmf: evideyo entho thakaraaru pole,1,2025-11-26T14:21:23Z
2026-10-03,P043,v1,ddrV_h_ktm4,UgxlgaDMHAgynQEVbbJ4AaABAg,Hy bro....nxt time... video chyumbol day to day life il...bro chyunna kariyagal with oroo phone da explanation...with other brand items like.... gadgets that you use... and small explanation with it....pne pattumagil oroo brand items explanation...chyo,1,2025-11-07T13:10:14Z
2026-10-03,P043,v1,ddrV_h_ktm4,Ugxs1mc2EwG48afQi1V4AaABAg,കാണാം,1,2025-11-07T13:10:05Z
2026-10-03,P043,v1,ddrV_h_ktm4,UgxJfKddVKlwak7jgq54AaABAg,Thedyy kothupichu😂😂❤❤,0,2025-11-07T16:54:53Z
2026-10-03,P043,v1,ddrV_h_ktm4,UgwQA1dC02jTSZHuy1l4AaABAg,First😂,2,2025-11-07T12:25:25Z
2026-10-03,P043,v1,ddrV_h_ktm4,UgwglAN63GR8LHi12ON4AaABAg,🔥🥤,0,2025-11-08T06:53:07Z
2026-10-03,P043,v1,ddrV_h_ktm4,Ugw7xS101K5-RMbYkfd4AaABAg,Hmmm kollam😌,0,2025-11-07T14:47:33Z
2026-10-03,P043,v1,ddrV_h_ktm4,UgwN3TzvdQS2EpcdCcl4AaABAg,Sahazm bro aaal puliyanu ❤,0,2025-11-07T20:59:43Z
2026-10-03,P043,v1,ddrV_h_ktm4,Ugzr_u6kOzFmq-6WbX94AaABAg,അണ്ണാ 😍,0,2025-11-08T04:15:50Z
2026-10-03,P043,v1,ddrV_h_ktm4,UgwCMkbrG12cZRddUbt4AaABAg,The og,0,2025-11-07T14:26:50Z
2026-10-03,P043,v1,ddrV_h_ktm4,UgwMFsQu42_vTMOnPLl4AaABAg,First 🎉,0,2025-11-07T12:25:07Z
2026-10-03,P043,v1,ddrV_h_ktm4,UgxdiuHg1e4fM2p-huN4AaABAg,❤🎉,0,2025-11-07T18:34:00Z
2026-10-03,P043,v1,ddrV_h_ktm4,UgwJZyBci8rVmc9Tvih4AaABAg,Gen 5🥶,0,2025-11-07T18:33:10Z
2026-10-03,P043,v1,ddrV_h_ktm4,UgxHPjGOU6BJY7N4Efx4AaABAg,❤❤❤❤❤,0,2025-11-07T12:25:35Z
2026-10-03,P043,v1,ddrV_h_ktm4,UgzDMA7HPepKfKxTj-l4AaABAg,Smili😁,1,2025-11-07T12:26:53Z
2026-10-03,P043,v1,ddrV_h_ktm4,UgxKNfZ0_J8L8b6i_uR4AaABAg,💙💙💙💙,0,2026-06-11T17:31:17Z
2026-10-03,P043,v1,ddrV_h_ktm4,Ugw0hQxTRKAeJpM0sw14AaABAg,Ente anna😂,1,2025-11-11T07:29:34Z
2026-10-03,P043,v1,ddrV_h_ktm4,UgyPcOb5T57CIRiidLN4AaABAg,👍♥️,0,2025-11-07T16:54:33Z
2026-10-03,P043,v1,ddrV_h_ktm4,Ugx3JVNersnMCFL2_wN4AaABAg,Long video idd anna waiting....😅,1,2025-11-07T12:46:59Z
2026-10-03,P043,v1,ddrV_h_ktm4,Ugwh1jkn-BxPgB2xpnR4AaABAg,Anna aah orange camera cover tharoo anna? 🥲🙂,6,2025-11-07T12:52:53Z
2026-10-03,P043,v1,ddrV_h_ktm4,UgxJ4GSnUPCUU-5Rbth4AaABAg,Anna ethin vendi Wait cheyyuvarunnu,0,2025-11-07T21:02:47Z
2026-10-03,P043,v1,ddrV_h_ktm4,Ugw7-_BFju6aGhEzT_94AaABAg,Inspire from CMF phone 1,0,2025-11-16T11:38:09Z
2026-10-03,P043,v1,ddrV_h_ktm4,UgxNdId04LZUa3NbKlV4AaABAg,Ente ponnadaa aa oru chiri 😂😂😂❤,0,2025-11-08T04:57:08Z
2026-10-03,P043,v1,ddrV_h_ktm4,UgyIF7LQWS4pi0apHGF4AaABAg,Scene,5,2025-11-07T12:25:10Z
2026-10-03,P043,v1,ddrV_h_ktm4,UgznhyFYbfaTtqeKGiR4AaABAg,Agrahum undu muthe ellam koodi tim vende❤❤😊😊,0,2025-11-09T09:56:38Z
2026-10-03,P043,v1,ddrV_h_ktm4,Ugzz_s28-F_sSjgwxNJ4AaABAg,ചേട്ടാ ചിരി കൊള്ളാം,0,2025-11-08T18:15:05Z
2026-10-03,P043,v1,ddrV_h_ktm4,Ugxw2AG5AmqTVcWbS1t4AaABAg,😍😍😍💙💙💙🧿,0,2025-11-07T12:27:10Z
2026-10-03,P043,v1,ddrV_h_ktm4,UgwCqywpD_PubdoFSOV4AaABAg,Hello shazzam bro❤😂,0,2025-11-07T12:26:38Z
2026-10-03,P043,v1,ddrV_h_ktm4,UgwX9DcRF-3dB5M6KV14AaABAg,That evil laugh 😂,0,2025-11-10T03:29:38Z
2026-10-03,P043,v1,ddrV_h_ktm4,UgznK8DuwLUuXNPMUb94AaABAg,Realme GT6 user🙋‍♂️,1,2025-11-08T10:16:22Z
2026-10-03,P043,v1,ddrV_h_ktm4,UgzKuGe6D89wN27kWfh4AaABAg,ആരും പേടിക്കേണ്ട ഇന്ത്യയിൽ price 80k ന്റെ അടുത്ത് വരാൻ സാധ്യത ഉണ്ട് 😀,5,2025-11-07T12:45:14Z
2026-10-03,P043,v1,ddrV_h_ktm4,UgzzpyDUU94V-9ZlI3V4AaABAg,Pookkiee Shazzam eppo evil Shazzam ayee😅,0,2025-11-09T07:16:41Z
2026-10-03,P043,v1,ddrV_h_ktm4,UgyoMzo8UDv3C6FXNJF4AaABAg,chettanu big bossile nevin te oru look um mannerisms um  und,0,2025-11-07T20:07:13Z
2026-10-03,P043,v1,ddrV_h_ktm4,UgwRooqx4CO4CDRW_1R4AaABAg,When we have a Full Review😮,0,2025-11-08T03:52:36Z
2026-10-03,P043,v1,ddrV_h_ktm4,UgwYlWFqxAjaMdaqXzJ4AaABAg,Atleast they tried,0,2025-11-07T12:44:45Z
2026-10-03,P043,v1,ddrV_h_ktm4,UgwO9xQobBJyB68F0KB4AaABAg,That evil smile 😑,0,2025-11-08T03:02:48Z
2026-10-03,P043,v1,ddrV_h_ktm4,UgwJT7l39P1BSJJqtVF4AaABAg,ആ ചിരി 😂😂,0,2025-11-07T15:57:32Z
2026-10-03,P043,v1,ddrV_h_ktm4,UgyuCSTbF2ri7TsgvYp4AaABAg,iqoo 15 vs realme gt 8 pro🔥🔥,1,2025-11-07T15:55:18Z
2026-10-03,P043,v1,ddrV_h_ktm4,UgyrTId4Og_HAZnc3iN4AaABAg,bhagiyam kittathathu 😂😂,1,2025-11-08T13:28:40Z
2026-10-03,P043,v1,ddrV_h_ktm4,Ugz76ZA1cogmVjZxLO54AaABAg,Njan reels mathram alla Brother inte sakala videos kaanarum und support cheyarum und,0,2025-11-07T19:17:10Z
2026-10-03,P043,v1,ddrV_h_ktm4,Ugwq4RgxT-icd7W7Qe94AaABAg,"Bro, it's our choice for what to see either reels or long format video",0,2025-11-08T11:38:47Z
2026-10-03,P043,v1,ddrV_h_ktm4,Ugzk0iZA_cGghNXxnrx4AaABAg,Edekoode sayip op kayariyathupole😂😅😅,0,2025-11-07T19:33:49Z
2026-10-03,P043,v1,ddrV_h_ktm4,Ugx1hA3Qj2ugFifHyuB4AaABAg,First comment 🎉😂,0,2025-11-07T12:25:27Z
2026-10-03,P043,v1,ddrV_h_ktm4,Ugyko85yrt5F67Eme8B4AaABAg,"I have no clue what you said... 🤔
But it's was very interesting! 😜
Thank you 🙏 🍁",0,2025-11-08T01:59:11Z
2026-10-03,P043,v1,ddrV_h_ktm4,Ugz64ex54Gbp-2e4Yrx4AaABAg,😁🤝,0,2025-11-16T09:15:33Z
2026-10-03,P043,v1,ddrV_h_ktm4,UgzV39rtImfMKjfARU14AaABAg,Deivame nagak kittatha adich pote......!😁 Hamuk nammak tharath anak matram thannaithil oom kuttichatha swaha......!😂,1,2025-11-07T13:36:10Z
2026-10-03,P043,v1,ddrV_h_ktm4,UgwUs4OnCxk5B3X09Zp4AaABAg,Rate അറിഞ്ഞിരുന്നേൽ പോകമായിരുന്നു😊,1,2025-11-07T13:33:21Z
2026-10-03,P043,v1,ddrV_h_ktm4,UgyZF6XSZ773D97ZWI14AaABAg,"നിങ്ങൾക്കും ഇത് കിട്ടൂല 😂 നോക്കി ഇരികണ്ട 😂.. 
കൊള്ളാം ❤😂.",0,2025-11-08T05:52:58Z
2026-10-03,P043,v1,ddrV_h_ktm4,UgzPg2CauJ7EBiyykER4AaABAg,Polappan thanne 😂,0,2025-11-07T14:00:32Z
2026-10-03,P043,v1,ddrV_h_ktm4,Ugwjcm24Pm57z_s6d8p4AaABAg,Anna chri 😊😊😊,0,2025-11-07T13:46:58Z
2026-10-03,P043,v1,ddrV_h_ktm4,Ugx6LhEXp8kFc8XCo994AaABAg,Chettan vicharichal anikum kittyum😅,0,2025-11-08T16:21:03Z
2026-10-03,P043,v1,ddrV_h_ktm4,UgwCo7xi_t6I_PEICPZ4AaABAg,enthanu bro . ningalu thanne reel ittitu . ithu pinne ara kanuka. nammalokke allathe😊,0,2025-11-07T16:50:16Z
2026-10-03,P043,v1,ddrV_h_ktm4,UgzPzYA2JUGaW0iYrFZ4AaABAg,🥰🥰🥰🥰🥰🥰,0,2025-11-10T11:20:33Z
2026-10-03,P043,v1,ddrV_h_ktm4,UgyFrsbs1-IEWCCzX6Z4AaABAg,I am Technical support for gaming pc.,0,2025-11-07T14:02:24Z
2026-10-03,P043,v1,ddrV_h_ktm4,UgzrPd3ml3eQ5Va2-3p4AaABAg,ഇതൊക്കെ നിങ്ങൾക്ക് കിട്ടുന്നത് ഞങ്ങൾ കുടി കാരണം ആണ് എന്ന് മറക്കല്ലേ shazzam anna,0,2025-11-07T13:07:58Z
2026-10-03,P043,v1,ddrV_h_ktm4,Ugxi44cCBoWFoEFpVG14AaABAg,6th position of powerfull flagship phones 🔥😂,1,2025-11-07T14:03:05Z
2026-10-03,P043,v1,ddrV_h_ktm4,UgzFFQpODTHi34hxcKN4AaABAg,Pls post a review of Honor X9D,0,2025-11-07T17:37:23Z
2026-10-03,P043,v1,ddrV_h_ktm4,UgwZJ8lFHU1OAdOYJJl4AaABAg,😅😅 aaa ചിരി,0,2025-11-11T06:59:26Z
2026-10-03,P043,v1,ddrV_h_ktm4,Ugw_kGDxb_0oUUoot5N4AaABAg,എന്താ സേട്ടാ ഇങ്ങനെ സേട്ടാ ഫോൺ ഓൺ ചെയ്യുമ്പോൾ സേട്ടന്റെ reels ആണ് സേട്ടാ വരുന്നേ സേട്ടാ 😁,0,2025-11-07T14:50:27Z
2026-10-03,P043,v1,ddrV_h_ktm4,UgwE7o5bWIfrLxNqA154AaABAg,Shaaz annan inn mood swings ann 😂,0,2025-11-07T14:16:08Z
2026-10-03,P043,v1,ddrV_h_ktm4,UgxPBFX3gzkPFcM-gON4AaABAg,Bro please review Nubia z80 ultra,0,2025-11-07T14:30:23Z
2026-10-03,P043,v1,ddrV_h_ktm4,Ugw7Uuhysufv98DNFqN4AaABAg,Kola chiri aanallo bro 😂,0,2025-11-07T12:30:13Z
2026-10-03,P043,v1,ddrV_h_ktm4,UgwOvuxPH7rIwDi8gY14AaABAg,I really wonder the case designs,0,2025-11-07T16:19:12Z
2026-10-03,P043,v1,ddrV_h_ktm4,UgwanmubNqMBYAEN3QV4AaABAg,Bro iqoo neo10R എടുത്തപ്പോൾ SD 8 Gen 4 ആയിരുന്നു  update കഴിഞ്ഞപ്പോൾ അത് 8 Gen 3 ആയി ഇപ്പൊ ഇറങ്ങുന്ന Neo10R 8Gen3 ആണ് അത് ഇപ്പൊ rate 4000 രൂപ കുറവാണ്😢😢,1,2025-11-07T13:36:31Z
2026-10-03,P043,v1,ddrV_h_ktm4,UgxBcdYMzEFBiRzh4pR4AaABAg,Oo nammakonum illale oooo ooo😂,0,2025-11-07T20:58:32Z
2026-10-03,P043,v1,ddrV_h_ktm4,UgyGnd0oSDBMdRDW4fF4AaABAg,Spray that camera cover will be nice and unlimited plus personal,0,2025-11-11T17:10:01Z
2026-10-03,P043,v1,ddrV_h_ktm4,UgzQpyy_6Et-THeQxsJ4AaABAg,ആദ്യം screw തരാറുള്ളത് nothing ആയിരുന്നു ഇപ്പൊ ദാ realmeയും 😂😂,0,2025-11-08T10:10:35Z
2026-10-03,P043,v1,ddrV_h_ktm4,UgzbgxKqZjZ0TGNUVtV4AaABAg,Reelum kand irikan😂. Full video il sett aakam😅,0,2025-11-07T14:51:13Z
2026-10-03,P043,v1,ddrV_h_ktm4,UgzTopYV8rxYQS4xL1t4AaABAg,"Bro any online earning ideas 
Part time as a student",1,2025-11-07T13:41:38Z
2026-10-03,P044,v1,S8tsj3hD5Rc,Ugw7_3y89GRc7Dj44M54AaABAg,finally one of the legends getting back in the game🔥🔥,157,2026-03-18T13:07:31Z
2026-10-03,P044,v1,S8tsj3hD5Rc,UgzFv7ycVTqWyHWipC14AaABAg,Nice phone design and slim was amazing🔥🔥,88,2026-03-21T11:03:42Z
2026-10-03,P044,v1,S8tsj3hD5Rc,UgwqeYUvClaGB2ag7kx4AaABAg,It's moto signature variant,53,2026-03-13T17:30:51Z
2026-10-03,P044,v1,S8tsj3hD5Rc,UgyDQS7tJ7dQ5dVBC-V4AaABAg,"i like flat display.
Good job moto❤",41,2026-04-06T15:54:06Z
2026-10-03,P044,v1,S8tsj3hD5Rc,UgxfIyOlmZsBtmBFypF4AaABAg,"Cara , que dá vontade usar esse telefone sem capa e sem película pra aproveitar o máximo da beleza que ele pode oferecer não tá escrito ,aparelho incrivelmente lindo !",1,2026-04-13T22:03:07Z
2026-10-03,P044,v1,S8tsj3hD5Rc,UgzWzD0eaODLYulQeSJ4AaABAg,Price and MediaTek dimensity,65,2026-04-01T14:44:13Z
2026-10-03,P044,v1,S8tsj3hD5Rc,Ugz--p1ki34lNoPlL-V4AaABAg,Just one think if moto use own dialer instead of  google dialer with gallery option then moto will rock in mobile segment in low price,6,2026-03-23T18:12:28Z
2026-10-03,P044,v1,S8tsj3hD5Rc,UgzKTELOw4DAqJLfASl4AaABAg,oof that gold accent looks schmexy,11,2026-03-14T21:35:18Z
2026-10-03,P044,v1,S8tsj3hD5Rc,UgxFlYeSzKfwTdxbDqd4AaABAg,I liked flat display but more phones should come wih big battery may be 8 mm slim,1,2026-06-04T11:14:47Z
2026-10-03,P044,v1,S8tsj3hD5Rc,UgzAc1ZwPa1N1QpyR0h4AaABAg,I really liked the mid ranger music in the background,1,2026-04-05T07:37:34Z
2026-10-03,P044,v1,S8tsj3hD5Rc,UgxFaCRt-kUxSAD1rUN4AaABAg,Only thing I don't like is there are too many camera...it's spoiling looks,2,2026-04-22T15:02:56Z
2026-10-03,P044,v1,S8tsj3hD5Rc,UgzM5K1kmaN7Fy8AgAB4AaABAg,Moto is back on the track 🔥,1,2026-07-27T02:01:01Z
2026-10-03,P044,v1,S8tsj3hD5Rc,UgyfMyncJwnYgcmwGv14AaABAg,So clean,1,2026-04-11T03:54:39Z
2026-10-03,P044,v1,S8tsj3hD5Rc,UgzvQHtPqKiAozfL3PR4AaABAg,Watching with same phone🤩,8,2026-03-25T17:03:35Z
2026-10-03,P044,v1,S8tsj3hD5Rc,UgyBy7pYuVS0mbG7qDV4AaABAg,I will buy this one,4,2026-03-18T16:51:06Z
2026-10-03,P044,v1,S8tsj3hD5Rc,Ugza_Nw2dLD3-acjX0J4AaABAg,What about the security & updates policy?,2,2026-04-25T12:11:53Z
2026-10-03,P044,v1,S8tsj3hD5Rc,Ugxb4WYdoEm0WMe0Swd4AaABAg,No curved display plus same design in the back,48,2026-03-12T12:14:47Z
2026-10-03,P044,v1,S8tsj3hD5Rc,UgxwHJgRdzHR_MJhDW14AaABAg,Gorgeous phone,0,2026-04-19T12:00:28Z
2026-10-03,P044,v1,S8tsj3hD5Rc,Ugw6DaeP1D9RA4mdBZx4AaABAg,"Yesterday,I buy it.what a nice phone❤",3,2026-06-07T06:55:51Z
2026-10-03,P044,v1,S8tsj3hD5Rc,Ugw6m1E5ECUebIzUuXp4AaABAg,Lovely ❤❤❤,0,2026-04-22T00:06:43Z
2026-10-03,P044,v1,S8tsj3hD5Rc,Ugyca4oKfqxgkg-m26p4AaABAg,I love moto ❤,0,2026-03-23T03:55:46Z
2026-10-03,P044,v1,S8tsj3hD5Rc,UgwbkpPnvQNju3mTJit4AaABAg,Is this on Display in Croma?,0,2026-05-06T13:56:12Z
2026-10-03,P044,v1,S8tsj3hD5Rc,Ugy838dz1Vuo4Z1uN-54AaABAg,Viene incluído con los bugs de wi-fi y Bluetooth como en los Edge's anteriores?,0,2026-08-13T23:01:04Z
2026-10-03,P044,v1,S8tsj3hD5Rc,UgxwJlD96BMGqGprA054AaABAg,Is this model causing heating issues ?,0,2026-05-09T05:03:13Z
2026-10-03,P044,v1,S8tsj3hD5Rc,UgyXVXCE0J-K9otAJhh4AaABAg,Motorola is so slept on I just switched from Samsung to Moto to save some money and it's my first time since I've had a Moto since high school and I'm impressed with them,0,2026-09-26T00:47:16Z
2026-10-03,P044,v1,S8tsj3hD5Rc,Ugz3DdlOz0YMFwKGw1J4AaABAg,Ini bagus. Layar datar. Keren,0,2026-03-19T20:57:07Z
2026-10-03,P044,v1,S8tsj3hD5Rc,UgytTA9Ity7TiE_mwuR4AaABAg,Why 4 cameras?,1,2026-03-16T07:20:05Z
2026-10-03,P044,v1,S8tsj3hD5Rc,Ugz0_Ts9z5GyfHILY9t4AaABAg,Flat display or curved becuase I check on flipkart it's curved display,2,2026-04-08T11:09:40Z
2026-10-03,P044,v1,S8tsj3hD5Rc,UgzI0sbY73pEBOKl6gl4AaABAg,model?,0,2026-03-28T02:00:34Z
2026-10-03,P044,v1,S8tsj3hD5Rc,UgzNMlgBeMRacEsk09J4AaABAg,Which Moto's Samsung iPad is that???,0,2026-06-30T17:53:20Z
2026-10-03,P044,v1,S8tsj3hD5Rc,UgyWQ7MJXsCGl105NsF4AaABAg,Watching on motrola 70 edge,1,2026-09-22T15:39:42Z
2026-10-03,P044,v1,S8tsj3hD5Rc,Ugx_Qr8uDFaUygKlsVl4AaABAg,Modul kamera rada kurang suka .. di buat 1 frame kayak mi 13 bagus,0,2026-03-21T21:10:05Z
2026-10-03,P044,v1,S8tsj3hD5Rc,UgwVDbeDUY5qOXkcXpt4AaABAg,"Beast, with snap 7🐸",0,2026-04-08T17:20:00Z
2026-10-03,P044,v1,S8tsj3hD5Rc,UgwjVOvZMnlXO7pkSPp4AaABAg,No curved displays 😢😭😭,0,2026-03-15T12:58:55Z
2026-10-03,P044,v1,S8tsj3hD5Rc,UgxbFlLIi6vmiUDnpBx4AaABAg,моторола делает вещи!,0,2026-04-02T17:43:27Z
2026-10-03,P044,v1,S8tsj3hD5Rc,UgxM4lb-Vjln4Wb9BRp4AaABAg,"Watching on moto edge 70 without cover+tempered 🗿
Feel premium 🥰",3,2026-03-28T17:43:42Z
2026-10-03,P044,v1,S8tsj3hD5Rc,UgwmH68d_mRspgestNp4AaABAg,Que hermoso teléfono😮❤,0,2026-03-30T23:58:14Z
2026-10-03,P044,v1,S8tsj3hD5Rc,UgyNBgo8gZatHLaQYSB4AaABAg,Motorola should also need to work on its own OS system,0,2026-06-09T11:22:54Z
2026-10-03,P044,v1,S8tsj3hD5Rc,UgxNOL1S_czGZ-qh5eZ4AaABAg,Ye signature h,0,2026-09-16T15:21:38Z
2026-10-03,P044,v1,S8tsj3hD5Rc,UgxeqjRp4oWS3rCzGhN4AaABAg,Watching in Moto edge 70 awesome ❤,1,2026-06-10T14:24:47Z
2026-10-03,P044,v1,S8tsj3hD5Rc,UgyBI15Lss9PXqz-Gld4AaABAg,നന്നായിട്ട് നോക്കീട്ട് എടുക്കണം  മൊബൈല് ഇതേ പോലെ വാങ്ങി. അവസാനം ഞാൻ ശരിക്കും പെട്ടുപോയി യൂട്യൂബിൽ പാട്ട് വെച്ച് നോക്കണം. ബാക്ക് ക്യാമറ സൈഡ് വൈബ്രേഷൻ ഉണ്ട് നല്ല പോലെ ഉണ്ട്.,0,2026-09-30T12:56:55Z
2026-10-03,P044,v1,S8tsj3hD5Rc,Ugx5Ceph7tfgrjqgHXF4AaABAg,What about camera fog ?,0,2026-07-04T00:11:43Z
2026-10-03,P044,v1,S8tsj3hD5Rc,Ugz8P_GUNln4OblT2gB4AaABAg,Looks good with flat display,4,2026-04-20T13:28:05Z
2026-10-03,P044,v1,S8tsj3hD5Rc,UgxEzmapgCBLfqabDfB4AaABAg,"Me salió muy bueno, no se calienta a la hora de jugar juegos exigentes, la batería le dura bastante",1,2026-07-28T18:13:12Z
2026-10-03,P044,v1,S8tsj3hD5Rc,UgwLbOq88ysy_ZCiyZJ4AaABAg,My current phone switched from 1 plus 15,0,2026-09-30T07:52:18Z
2026-10-03,P044,v1,S8tsj3hD5Rc,UgxrmEPOylr8CrddsKF4AaABAg,Galaxy S7!,0,2026-03-12T13:14:22Z
2026-10-03,P044,v1,S8tsj3hD5Rc,Ugxuxv1T-02SIAeahN14AaABAg,Wow looks,0,2026-05-16T04:04:50Z
2026-10-03,P044,v1,S8tsj3hD5Rc,UgyBx8SqRVXVowO9jdR4AaABAg,Where are this Motorola experience centre,0,2026-07-02T16:43:19Z
2026-10-03,P044,v1,S8tsj3hD5Rc,Ugw8l8Xp_Hs8FRWSo_94AaABAg,Everything is good but back camera design is not good I am going for samsung purchase,0,2026-09-15T10:15:04Z
2026-10-03,P044,v1,S8tsj3hD5Rc,UgzXsJEdGgbaTq76J7N4AaABAg,Watching from motorola edge 70 fusion,0,2026-06-21T15:47:59Z
2026-10-03,P044,v1,S8tsj3hD5Rc,UgzXn5FQIp3vEUOyJ0N4AaABAg,Moto edge 70,0,2026-03-13T15:48:42Z
2026-10-03,P044,v1,S8tsj3hD5Rc,UgyANFxuonCSTokFqFh4AaABAg,Ye cable tie kyu lagi hai,0,2026-05-02T10:05:27Z
2026-10-03,P044,v1,S8tsj3hD5Rc,UgwgQigTp1U4jijVLo14AaABAg,Want Sound effects to change Tap Sound like Realme  Samsung,0,2026-04-20T17:42:08Z
2026-10-03,P044,v1,S8tsj3hD5Rc,UgxDnwie5TPdy9LSSM54AaABAg,model,0,2026-03-10T15:40:49Z
2026-10-03,P044,v1,S8tsj3hD5Rc,UgwV9Xf0kYmujXxujnB4AaABAg,They need to change this camera model,0,2026-09-05T17:33:34Z
2026-10-03,P044,v1,S8tsj3hD5Rc,UgxjkfDy9C7oRmgrcqh4AaABAg,I have filed a complaint in court.,0,2026-09-30T13:02:03Z
2026-10-03,P044,v1,S8tsj3hD5Rc,Ugwhn6ChkgiVAO5vzEd4AaABAg,Anything but beast,0,2026-03-25T04:11:09Z
2026-10-03,P044,v1,S8tsj3hD5Rc,Ugz6DTsO8WxzMkD7tql4AaABAg,signature,0,2026-08-02T20:47:18Z
2026-10-03,P044,v1,S8tsj3hD5Rc,UgxiRs8miQr9zMRxkVR4AaABAg,should be in a bulgarien store - we love to use ziptires  as universal solution for every problem ... we call them pig tiles:),0,2026-08-29T11:49:11Z
2026-10-03,P044,v1,S8tsj3hD5Rc,Ugy_RZge1sZKCplgNUB4AaABAg,🔥🔥🔥🔥🔥,0,2026-03-21T13:25:28Z
2026-10-03,P044,v1,S8tsj3hD5Rc,UgxzZ5aYdsJu7D6V_NB4AaABAg,I have Motorola edge 40 neo world slimmest phone.  But hai kitna slim hai ?,0,2026-03-27T12:00:59Z
2026-10-03,P044,v1,S8tsj3hD5Rc,UgzZ2_XB7tRzs9vntxR4AaABAg,Eu lavaria esse pra casa 😂,0,2026-04-30T02:30:45Z
2026-10-03,P044,v1,S8tsj3hD5Rc,Ugx-kGn5xFmzowg5Yz14AaABAg,No updates 😅,0,2026-03-14T08:37:43Z
2026-10-03,P044,v1,S8tsj3hD5Rc,UgzT1hSJfAZIwt8b_EZ4AaABAg,Ui and back design😢😢,0,2026-03-17T14:56:22Z
2026-10-03,P044,v1,S8tsj3hD5Rc,UgwF0s2Bo7bS2QkoLRR4AaABAg,LOCATION PLZ,1,2026-07-02T05:35:02Z
2026-10-03,P044,v1,S8tsj3hD5Rc,UgxKL2KY7Vb1-W4FMeF4AaABAg,Front looks same like samsung A73,5,2026-03-24T07:02:51Z
2026-10-03,P044,v1,S8tsj3hD5Rc,Ugw7MMFruKeS-4_t73V4AaABAg,Price ??,0,2026-04-14T12:37:33Z
2026-10-03,P044,v1,S8tsj3hD5Rc,UgzYxDT5Bw3bYIaFYe54AaABAg,Hi re meri Moto Ho re meri Moto ❤❤❤❤,0,2026-03-14T16:58:59Z
2026-10-03,P044,v1,S8tsj3hD5Rc,UgzFo7REc_d5ckNLa4N4AaABAg,Very nice 👍❤❤❤❤❤🎉🎉,0,2026-04-10T17:19:17Z
2026-10-03,P044,v1,S8tsj3hD5Rc,UgzN_yvh7CDyRjFL9W54AaABAg,Time bomb 💣 😂😂,0,2026-03-13T12:00:01Z
2026-10-03,P044,v1,S8tsj3hD5Rc,UgycPo6VKrlmFnNB2ep4AaABAg,"Display flat h kya isme. ???

Amoled. ???",0,2026-08-06T18:55:30Z
2026-10-03,P044,v1,S8tsj3hD5Rc,UgxJ5sTb1LZJkahLsEB4AaABAg,Perfect,0,2026-08-25T11:30:01Z
2026-10-03,P044,v1,S8tsj3hD5Rc,Ugyjt1zNUAcpXbcxQoh4AaABAg,Flat display hai na ?,0,2026-03-27T03:56:02Z
2026-10-03,P044,v1,S8tsj3hD5Rc,UgxYiIeowuwaJwsSzlF4AaABAg,App Icon Purane Wale hi Hai😂😂,0,2026-09-13T08:25:00Z
2026-10-03,P044,v1,S8tsj3hD5Rc,Ugwt5H6jTgsGIx1fNGF4AaABAg,how much for cable tie??,0,2026-03-27T07:43:33Z
2026-10-03,P044,v1,S8tsj3hD5Rc,UgywGzqeuzVVk9bteT94AaABAg,Model name?,0,2026-05-03T09:20:16Z
2026-10-03,P044,v1,S8tsj3hD5Rc,Ugy0GBPA3CkhIp7cl_N4AaABAg,Camera bump so bad,0,2026-03-15T10:28:29Z
2026-10-03,P044,v1,S8tsj3hD5Rc,Ugz0zks2WvnTyQ3eWwd4AaABAg,5000 mah....but atleast 6000 is best for,0,2026-03-24T05:07:43Z
2026-10-03,P044,v1,S8tsj3hD5Rc,UgyvAZMrYt6PpDq_V2Z4AaABAg,70 fusion....,0,2026-03-21T07:46:58Z
2026-10-03,P044,v1,S8tsj3hD5Rc,Ugwo45eGziZhM7dP1O94AaABAg,30 mil 😮?,0,2026-04-22T23:57:40Z
2026-10-03,P044,v1,S8tsj3hD5Rc,UgxaqMniMoeXYOX0rsN4AaABAg,Service center issue..,1,2026-04-13T18:37:04Z
2026-10-03,P044,v1,S8tsj3hD5Rc,UgzPcPmVg4Nz7dT3wH94AaABAg,Fusion 50 after  updating 16 of on automatic problem last trust on moto,0,2026-04-11T09:06:26Z
2026-10-03,P044,v1,S8tsj3hD5Rc,UgymXB4XFaCeky8YqwJ4AaABAg,Cakep,0,2026-04-02T12:40:54Z
2026-10-03,P044,v1,S8tsj3hD5Rc,Ugx5dt_CRKoqXNVjz5x4AaABAg,"1 year warranty phone. Then Motherboard goes BooM 💥. Best phone for basic use, don't expect too much.",0,2026-04-06T03:04:40Z
2026-10-03,P044,v1,S8tsj3hD5Rc,UgznfQitFW-6QP7PCCJ4AaABAg,നിങ്ങൾക്കും ഇതേ പോലെ ഉണ്ടായിരുന്നോ യൂട്യൂബിൽ പാട്ട് വയ്ക്കുമ്പോൾ ബാക്ക് സൈഡ് ക്യാമറ വൈബ്രേഷൻ ഉണ്ടോ. ക്യാമറ സൈഡ്,0,2026-09-30T12:57:48Z
2026-10-03,P044,v1,S8tsj3hD5Rc,UgzBX2ty1x-jpTOCS054AaABAg,Meri taraf se bst advice koi v brand ka phone lelo lekin motorala kaa bat lena mne 2 bar galti kardi hai buy karke,0,2026-05-04T12:43:31Z
2026-10-03,P044,v1,S8tsj3hD5Rc,UgzcRBW2lbkFe4w4ckR4AaABAg,Watching in Edge 70 ❤❤🎉🎉,0,2026-07-11T05:27:22Z
2026-10-03,P044,v1,S8tsj3hD5Rc,UgyXA0CT6hYqaDaW9GN4AaABAg,Sab sahi h bs camera ka portion sahi nahi lag rhaa,0,2026-08-30T17:28:43Z
2026-10-03,P044,v1,S8tsj3hD5Rc,Ugw77O7iSsBoHvox47d4AaABAg,Por que tiraram a borda infinita 😢,0,2026-08-16T22:55:02Z
2026-10-03,P044,v1,S8tsj3hD5Rc,UgzWMWujpnEsTTi84014AaABAg,"Those volume and power buttons fall off out of nowhere. Had to buy them thrice for my Moto Edge 40 Neo. Major hardware flaw. Motorola should fix this. 
This has happened with my and other 2 moto phones in my family. Will not buy another Motorola again.",1,2026-06-25T15:36:17Z
2026-10-03,P044,v1,S8tsj3hD5Rc,UgzOMK7uoJIzq5j9OdV4AaABAg,Moto phones have network issues,0,2026-09-21T18:19:44Z
2026-10-03,P044,v1,S8tsj3hD5Rc,UgxbIvAiz8HNVdksiEt4AaABAg,Que moto edge es ese?,0,2026-06-26T21:55:24Z
2026-10-03,P044,v1,S8tsj3hD5Rc,UgwOpO3JnqccEMz0Vyp4AaABAg,Super,0,2026-08-22T17:42:49Z
2026-10-03,P044,v1,S8tsj3hD5Rc,Ugy7NYmvTtHRIRjU5L54AaABAg,Don buy it forget the advertisement u will rgret it the mobile feels lke a cheap handset while holding trust me,0,2026-03-25T17:03:17Z
2026-10-03,P044,v1,S8tsj3hD5Rc,Ugw9NBEmFa0KBfVsOaZ4AaABAg,Watching in moto edge 70,0,2026-08-30T11:34:02Z
2026-10-03,P044,v1,S8tsj3hD5Rc,UgyKIzDB3d4k7008r654AaABAg,Motorola 😁,0,2026-09-26T16:07:05Z
2026-10-03,P044,v1,S8tsj3hD5Rc,UgxgMIkiYoOazfT_0N94AaABAg,Model name,0,2026-09-08T17:23:05Z
2026-10-03,P044,v1,S8tsj3hD5Rc,UgzzrwNd5uqwhhb9rCd4AaABAg,Price,0,2026-07-13T18:56:45Z
2026-10-03,P044,v1,S8tsj3hD5Rc,Ugy5cHTNLCGIDLzvKj94AaABAg,Motorola me display problem bahut aati hai,0,2026-03-31T07:42:16Z
2026-10-03,P044,v1,S8tsj3hD5Rc,Ugy1b8IjzgEwbLpr8pV4AaABAg,Heats up like a mf aslo,1,2026-04-16T09:31:45Z
2026-10-03,P044,v1,SGbfw9gJDZ8,Ugz_8nlu_U6-lufTBnJ4AaABAg,"Using edge 70 for 3 weeks, from my usage I can say that It is a good mobile. No lag, slightly heating while charging, battery backup is good, getting around 9 hours+ SOT. Missing some features from my previous samsung mobile",191,2026-05-21T09:32:02Z
2026-10-03,P044,v1,SGbfw9gJDZ8,UgyBm_GYcft_p_3CDx94AaABAg,Motorola edge 70 fusion ki screen achi nhi lgi thi baki sab bahut acha lga tha aapne motorola edge 70 flat screen  ke bar me btaya thank you didi 🥰,20,2026-06-11T06:18:11Z
2026-10-03,P044,v1,SGbfw9gJDZ8,UgwX4IlQKTnqdFI_VTZ4AaABAg,You missed to update one important thing Edge 70 has metal frame compare to 70 fusion which has plastic frame,141,2026-04-17T17:10:09Z
2026-10-03,P044,v1,SGbfw9gJDZ8,Ugw1pc1hloEOGRE_nCB4AaABAg,"I don't know why some youtubers are saying 70 fusion is a ₹30k phone. It's not. It starts at ₹24,999. 🤷🏻‍♂️",324,2026-04-10T17:14:52Z
2026-10-03,P044,v1,SGbfw9gJDZ8,UgwlsIkosrHo_dMaKmR4AaABAg,thank you for quick feedback. i purchased 2 Moto 70 for myself and my wife. keep growing,4,2026-08-09T19:21:19Z
2026-10-03,P044,v1,SGbfw9gJDZ8,UgwcAXovJSf1JCUOCsp4AaABAg,Thank you @TechyKiran. Your review helped me to choose the right mobile. God bless.,3,2026-07-12T10:25:36Z
2026-10-03,P044,v1,SGbfw9gJDZ8,Ugw6BIeUqxWKi6JkyuB4AaABAg,"I bought Motorola Edge 70 Fusion yesterday for 26,000 after card discount of 2000 from offline shop. When we see smartphones online there are many phones around 25k but, when we see offline this Motorola phone is the only option for the specs that it provides in the range of 25k. There are no other phones in offline market that offer near same specs. I loved it. It's very good phone",28,2026-05-09T05:50:58Z
2026-10-03,P044,v1,SGbfw9gJDZ8,UgxnPNqDDN0p-I794Ud4AaABAg,Good reviews from you that ఈ live❤️🙏🥰🎉,8,2026-04-10T14:23:50Z
2026-10-03,P044,v1,SGbfw9gJDZ8,Ugx-dL3ivsfmaI7F5G94AaABAg,"Please make ""Honor 400 lite"" video",22,2026-04-11T01:22:20Z
2026-10-03,P044,v1,SGbfw9gJDZ8,UgxgqbxGAaekPnU-9i54AaABAg,"Ma'am first of all I am sorry I am not trying to be rude,I am not an insensitive person but your fingers are so cool ,I loved them 😭❤Feels like Yakuza Mafia boss ,I really respect you please dont get me wrong I just happen to like them",5,2026-06-20T19:55:36Z
2026-10-03,P044,v1,SGbfw9gJDZ8,UgzFqw_M_vyQ_Q3vQzB4AaABAg,Nice and clear presentation,0,2026-08-10T04:28:39Z
2026-10-03,P044,v1,SGbfw9gJDZ8,UgzSmVgErSUiUllv1pN4AaABAg,"Thank you Kiran, you helped me out!!",1,2026-07-22T01:32:59Z
2026-10-03,P044,v1,SGbfw9gJDZ8,Ugwrx_W5Tq6TZynklYB4AaABAg,Isase Achcha To 60 tha usmein telephoto lens to tha,18,2026-04-25T13:04:37Z
2026-10-03,P044,v1,SGbfw9gJDZ8,UgwTMa-c1PPyBkCID4V4AaABAg,we want more tech baddies 😭😭,7,2026-07-26T16:22:40Z
2026-10-03,P044,v1,SGbfw9gJDZ8,UgwY1EYZVGW7JqDEfY54AaABAg,Isase badhiya to maine Dedh sal pahle gt20 Pro liya tha,3,2026-04-17T21:22:39Z
2026-10-03,P044,v1,SGbfw9gJDZ8,Ugy3FPMtZsZZbqo34hJ4AaABAg,I see in video some important things related to u but god bless every time with u and u r so beautiful 😍.I love u dear,0,2026-07-16T05:47:25Z
2026-10-03,P044,v1,SGbfw9gJDZ8,UgzlFFmtzCXg8-hEVIx4AaABAg,Ok Didi 👍🧿✅,3,2026-04-13T10:33:45Z
2026-10-03,P044,v1,SGbfw9gJDZ8,Ugzw4pHp8CDifVbWc_h4AaABAg,Which camera did you use to record this video. Quality is insane,0,2026-07-13T07:39:12Z
2026-10-03,P044,v1,SGbfw9gJDZ8,UgwZt-3nSkhkrw6buB14AaABAg,"Need a long term review for Moto 70 fusion phone. I've used Motorola edge 30 pro, there's lot of heating issue. A lot. I still have the phone with me, but I'm not using it anymore. The heating issue is seriously unbearable!",3,2026-04-18T19:48:22Z
2026-10-03,P044,v1,SGbfw9gJDZ8,Ugx9NU2DDO8pY2x_gvF4AaABAg,Nice Knowledge,0,2026-08-06T03:32:41Z
2026-10-03,P044,v1,SGbfw9gJDZ8,UgwAu1vC6863uoAClSZ4AaABAg,"@techykiran - please suggest moto edge 70, moto edge 70 pro+, moto edge 70 max or moto signature, which should be an ideal phone to purchase for heavy multimedia usage, no gaming, for a period of 2-3 years ?",0,2026-07-31T12:13:35Z
2026-10-03,P044,v1,SGbfw9gJDZ8,UgzIsgKJNxOm2LvR6Up4AaABAg,Thank you..,0,2026-08-18T18:10:36Z
2026-10-03,P044,v1,SGbfw9gJDZ8,Ugyi7EmzjWrDSI4FNdx4AaABAg,"What about water test, underwater selfie try karey",1,2026-04-14T19:49:24Z
2026-10-03,P044,v1,SGbfw9gJDZ8,UgzhD0dMmOjd0RoWEeV4AaABAg,Can you tell when edge 70 pro will launch ?,0,2026-04-11T05:47:27Z
2026-10-03,P044,v1,SGbfw9gJDZ8,Ugw8tac-dgWQtFXyuAF4AaABAg,"मैने कल ही लिया है moto edge 70   , 12-256 GB स्टोरेज वाला 27000 मे । कैमरा अच्छा है और लुक भी बहुत अच्छा है",2,2026-05-10T10:29:25Z
2026-10-03,P044,v1,SGbfw9gJDZ8,UgxhI5huu8NElvpkADl4AaABAg,Didi vivo x300 ya vivo v60 accha hoga?,2,2026-04-14T23:16:42Z
2026-10-03,P044,v1,SGbfw9gJDZ8,UgwP2vjkNr1vP8dbHaJ4AaABAg,Thank u cuteness 😊❤,2,2026-04-11T14:19:04Z
2026-10-03,P044,v1,SGbfw9gJDZ8,Ugwy75FD6XdWcoGwebh4AaABAg,"Are these phones better than oneplus?  One thing about oneplus phones is they are heavy at 211g, 217g for the nord 5 and 6",8,2026-04-13T03:04:30Z
2026-10-03,P044,v1,SGbfw9gJDZ8,Ugx50qTDozeg8BoK5J54AaABAg,Woh toh thik hai app itni cute kaise,0,2026-04-18T09:08:57Z
2026-10-03,P044,v1,SGbfw9gJDZ8,UgyX32G3F4jVNjYOBA94AaABAg,Now I watching this video in motorola edge 70 🔥,3,2026-08-19T17:11:43Z
2026-10-03,P044,v1,SGbfw9gJDZ8,Ugzs5VHuyKkainI4KLd4AaABAg,Didi ap konsa mobile me video shoot krte ho ye btao 😅,1,2026-06-25T14:11:47Z
2026-10-03,P044,v1,SGbfw9gJDZ8,UgzmsweJGf8LSM5YFUh4AaABAg,Sister under 33k mein kaun sa best camera phone lena chahiye in April 2026,1,2026-04-21T21:22:56Z
2026-10-03,P044,v1,SGbfw9gJDZ8,UgxP6WyFit3zx8jKzD54AaABAg,Edge 60 pro choose kya Qki mujhe bsss 2/3 saal chalana rhta h har set,0,2026-04-14T20:56:05Z
2026-10-03,P044,v1,SGbfw9gJDZ8,UgwfzIiSNdvxwCvzTWF4AaABAg,I want to record video in indoor low light with audio recording. Which moto is best?,0,2026-05-04T09:24:35Z
2026-10-03,P044,v1,SGbfw9gJDZ8,UgyG1yz2RZOj8Ht501N4AaABAg,Thank you,0,2026-08-24T11:24:01Z
2026-10-03,P044,v1,SGbfw9gJDZ8,UgyTbb45YlSevkMmqy94AaABAg,Bhaiya ❣️,0,2026-05-23T18:25:44Z
2026-10-03,P044,v1,SGbfw9gJDZ8,UgxOZJ_aeVArLLHmr3h4AaABAg,"Vivo t4 pro ❤
Don't thought about ufs ...yes its ufs 2.2 but having better chip 
7gen 4 >>>7sgen 4",0,2026-05-11T11:47:07Z
2026-10-03,P044,v1,SGbfw9gJDZ8,UgwZUI9aWaddglNqoM54AaABAg,"Maine Jo choose karna tha, woh khareed bhi liya hai already, aapki hi videos dekh kar, decide kar ke... Motorola G86 Power 5G 🌝🌝",0,2026-05-03T06:45:15Z
2026-10-03,P044,v1,SGbfw9gJDZ8,UgyTdAO-iDQmMU3J9A94AaABAg,"Didi Agar ye phone  2026 , may main lunga kuch prblm hoga? Egde 70 .",0,2026-05-12T02:48:14Z
2026-10-03,P044,v1,SGbfw9gJDZ8,UgzP09u9MbY6oBOaLt54AaABAg,Camera mein kaun jyada accha hai moto edge 70 fusion ya iQOO 15r,0,2026-06-12T10:53:18Z
2026-10-03,P044,v1,SGbfw9gJDZ8,UgzmVoCKTUFgcEEfHgx4AaABAg,Kiran ji plz 20k under koi accha phone 📱 suggest kijiye,1,2026-04-24T08:15:36Z
2026-10-03,P044,v1,SGbfw9gJDZ8,UgygQk3a6PwxizGHo6V4AaABAg,*But Woh Bomb 💣😶✌️*,0,2026-04-20T08:40:42Z
2026-10-03,P044,v1,SGbfw9gJDZ8,UgxeO7acrJpmWlvR3mZ4AaABAg,Maybe oneplus,74,2026-04-10T14:54:17Z
2026-10-03,P044,v1,SGbfw9gJDZ8,UgyvLuV_5of5zLCjjQh4AaABAg,Nice 👍,0,2026-09-15T16:27:31Z
2026-10-03,P044,v1,SGbfw9gJDZ8,UgwLMVmEo8ARcR4sv7N4AaABAg,❤❤❤❤❤❤❤,2,2026-04-10T17:14:01Z
2026-10-03,P044,v1,SGbfw9gJDZ8,UgyCgJCmf3zvhJIVwut4AaABAg,Thank god.. mene Moto edge 70 fusion 25k mein le liya tha suru mein hi,1,2026-04-13T05:58:47Z
2026-10-03,P044,v1,SGbfw9gJDZ8,UgzALaMMWRISNTPYeqd4AaABAg,Bas itana batao kya bbd sale me moto edge 60 pro ka successor 26-27k me milega ?,0,2026-04-10T14:55:54Z
2026-10-03,P044,v1,SGbfw9gJDZ8,UgyriX9SElSgHj4C0v14AaABAg,Main camera kiska acha hain? - fusion ka ya phir edge 70 ka?,0,2026-06-22T17:26:40Z
2026-10-03,P044,v1,SGbfw9gJDZ8,UgyPfsPFyc6gH3pXjrl4AaABAg,Mujhe to aap pasand h ❤,3,2026-06-12T10:02:42Z
2026-10-03,P044,v1,SGbfw9gJDZ8,UgxPj52Q9iPChLPLK7x4AaABAg,"Well vohi range me better processor ke saath edge 60 pro bhi miljayega with card discount 28k..
I just purchased moto edge 60 pro last month believe me it's a best Choice",1,2026-04-16T11:31:53Z
2026-10-03,P044,v1,SGbfw9gJDZ8,UgykWPnaUXL4oKqkKQV4AaABAg,which mobile batter speaker for music &  movies?,0,2026-05-12T11:55:53Z
2026-10-03,P044,v1,SGbfw9gJDZ8,UgzV3PNAuHv4cdBKssZ4AaABAg,"Mam I see a video jisme ek ladka bata raha tha ki uska display edge 70 ka dab raha hai or click ki sound de raha hai or ye moto wale bool rahe hai ki manufacturing me hi esa hai 
Tell me bye kare ki nahi edge 70 
Please mam tell me",1,2026-06-14T11:58:04Z
2026-10-03,P044,v1,SGbfw9gJDZ8,UgwdjNmERgnyt1MRrE14AaABAg,"I compared Moto edge 70 with signature. Main camera are almost same, 70 has better front cam. Signature only edges in processor, speed, telephoto, speakers. Thats all. You wont regret in edge 70 as well",1,2026-05-29T13:23:24Z
2026-10-03,P044,v1,SGbfw9gJDZ8,UgzoMGZ7Z3tN4-LsktB4AaABAg,Bhagwan apko bhot khus rakhe,0,2026-08-11T09:14:04Z
2026-10-03,P044,v1,SGbfw9gJDZ8,UgxVeMzH3gzxUG1xq7l4AaABAg,Didi BROTHER-IN-LAW ko v Video me laao ❤😊,15,2026-04-10T15:11:50Z
2026-10-03,P044,v1,SGbfw9gJDZ8,UgxuY-c_-Fdp4L564vR4AaABAg,Didi mere phone ki battery 9020 mah hai mobile ka naam vivo t5 pro hai is ke bare me kuch batao 😊,1,2026-06-04T15:32:51Z
2026-10-03,P044,v1,SGbfw9gJDZ8,UgzO7qrnDJsSYB5Smrh4AaABAg,Quad curved is not good due to temper issue,0,2026-05-17T08:07:04Z
2026-10-03,P044,v1,SGbfw9gJDZ8,Ugy-MB5GX-KJahxSgAB4AaABAg,Mai to aapko dekhne aata hu mobile se matlab nahi hai❤,0,2026-04-19T21:00:52Z
2026-10-03,P044,v1,SGbfw9gJDZ8,Ugx6Dvb0ZZS5_UiMtOB4AaABAg,हैलो जी ❤❤,0,2026-04-10T14:24:14Z
2026-10-03,P044,v1,SGbfw9gJDZ8,Ugx2vp-qoao4X6_PY3p4AaABAg,Camra lag issue solve hua kya moto me?,0,2026-04-13T03:49:24Z
2026-10-03,P044,v1,SGbfw9gJDZ8,Ugz5_Za7--ur7fS5R-J4AaABAg,❤❤,0,2026-04-10T23:50:00Z
2026-10-03,P044,v1,SGbfw9gJDZ8,UgyRW1Jy3Lg9R9PVamB4AaABAg,Kirn.tu hai meri kirn❤,0,2026-07-13T03:47:20Z
2026-10-03,P044,v1,SGbfw9gJDZ8,UgyGV-xHt7BQb2FqRR14AaABAg,वीडियो कॉन फोन से बना रहे हैं,0,2026-04-17T14:26:07Z
2026-10-03,P044,v1,SGbfw9gJDZ8,UgzsDlVDGmMjuAHBjRt4AaABAg,Jab curved edges hi nahi hai toh edge series me dalna hi kyun tha,0,2026-04-15T09:24:44Z
2026-10-03,P044,v1,SGbfw9gJDZ8,UgxarWelUNiS92HysvJ4AaABAg,"I got security update on edge 50 pro , after that call waiting option got disabled and issue never solved. Moto disappoints",0,2026-04-19T14:24:21Z
2026-10-03,P044,v1,SGbfw9gJDZ8,UgzelkrI7USyD81lDU14AaABAg,Hello Mam Aap Bahut Hi Cute Ho Sach Mein❤,0,2026-04-21T05:18:18Z
2026-10-03,P044,v1,SGbfw9gJDZ8,UgyaCGjy76mwCqtyyUR4AaABAg,TQ u dd,0,2026-08-07T09:09:14Z
2026-10-03,P044,v1,SGbfw9gJDZ8,UgwPI5WcYmPiD_orJ2x4AaABAg,Good 👍 l love you,0,2026-04-13T15:03:03Z
2026-10-03,P044,v1,SGbfw9gJDZ8,UgwkwP9z6IfSdQu3tvF4AaABAg,Realme p4 pro price?,2,2026-04-10T14:26:04Z
2026-10-03,P044,v1,SGbfw9gJDZ8,Ugw-WyJpbjvtlnXxm6t4AaABAg,Which cam sensor in edge 70?,0,2026-05-03T13:16:45Z
2026-10-03,P044,v1,SGbfw9gJDZ8,UgwfU3aEeWsdDJxH-kF4AaABAg,"U looks beautiful,,, eyes more than beautiful",0,2026-04-11T14:35:01Z
2026-10-03,P044,v1,SGbfw9gJDZ8,Ugx_5IMJOj4yP7tS7El4AaABAg,Ye motorola wale khud se he competition karne me lage hue hain 😂,4,2026-05-08T11:59:55Z
2026-10-03,P044,v1,SGbfw9gJDZ8,Ugz0_WzksgdvnWj2Nup4AaABAg,"❤
❤",0,2026-04-10T23:49:50Z
2026-10-03,P044,v1,SGbfw9gJDZ8,Ugz54HkXWB7xf-xiBmt4AaABAg,Is there heating issue in motorola edge 70 ?,0,2026-05-11T17:58:51Z
2026-10-03,P044,v1,SGbfw9gJDZ8,Ugz0kDNhfSPhKt9EWhl4AaABAg,Well I bought Fusion because It looks good as well camera as per my use is good,0,2026-08-13T16:44:31Z
2026-10-03,P044,v1,SGbfw9gJDZ8,UgxhGKnWW8PDmWhDJYJ4AaABAg,Same same but different,0,2026-04-15T09:16:39Z
2026-10-03,P044,v1,SGbfw9gJDZ8,UgwLQkeprmB_rVDIPQF4AaABAg,30k ke under best konsa phone hai,1,2026-06-01T13:37:35Z
2026-10-03,P044,v1,SGbfw9gJDZ8,UgzmZLTpp9_ACYenedt4AaABAg,Pls which is better pro 60 vs pro 70..as per rate pro 60 is best apka rai kay hay,0,2026-07-16T07:07:06Z
2026-10-03,P044,v1,SGbfw9gJDZ8,Ugwl0ICYoI0bs8DTiKJ4AaABAg,So cute jn😊,0,2026-06-01T16:27:17Z
2026-10-03,P044,v1,SGbfw9gJDZ8,Ugxz1afLsknFRVYfIQh4AaABAg,Need flat display + compact,0,2026-06-28T07:26:23Z
2026-10-03,P044,v1,SGbfw9gJDZ8,UgyRehrsmh0COtuCcNR4AaABAg,What about Edge 60 pro? Same 30k range,0,2026-04-19T12:55:39Z
2026-10-03,P044,v1,SGbfw9gJDZ8,Ugxkc9riZ0LBphfSP9R4AaABAg,how to get that sot cheching ? any app?,0,2026-06-08T06:11:29Z
2026-10-03,P044,v1,SGbfw9gJDZ8,UgxdHyc-dVS4JWRBmLF4AaABAg,you can't see the phone i hate these quick cuts but thank you for the review,0,2026-09-22T09:58:38Z
2026-10-03,P044,v1,SGbfw9gJDZ8,UgxZeLDyEpZ2olqg80p4AaABAg,Watching in motorola edge 70,1,2026-04-21T08:52:40Z
2026-10-03,P044,v1,SGbfw9gJDZ8,Ugz1_U3Co759VVoTcnx4AaABAg,Madam Motorola ke fusion mein video jab chalata hun Facebook mein tab Thoda Thoda atak Ja Raha Hai uska solution kya hai,0,2026-05-06T04:34:07Z
2026-10-03,P044,v1,SGbfw9gJDZ8,Ugw093qXQXjdogG4piZ4AaABAg,20k ya 25k ke under me phone bataiye  Apne bete ke liye Lena hai  plzzz sister,0,2026-07-10T09:39:08Z
2026-10-03,P044,v1,SGbfw9gJDZ8,Ugwt6Sl9bLdcYDo10NF4AaABAg,What about edge 60 pro compared to both of them,0,2026-04-29T16:06:09Z
2026-10-03,P044,v1,SGbfw9gJDZ8,UgxVK8PUx3tmsXY_3tt4AaABAg,Moto edge 50 ultra plise review,0,2026-04-15T16:37:21Z
2026-10-03,P044,v1,SGbfw9gJDZ8,Ugyfl7nSfmP9gHWYCnR4AaABAg,Edge 70 pro kab ayega ?,0,2026-04-11T15:49:31Z
2026-10-03,P044,v1,SGbfw9gJDZ8,UgxsgxK3GlWqPHljwrF4AaABAg,Flat display good,0,2026-04-13T18:14:17Z
2026-10-03,P044,v1,SGbfw9gJDZ8,UgwjLhxtNG-8haQs2Qd4AaABAg,❤️,0,2026-04-15T03:41:32Z
2026-10-03,P044,v1,SGbfw9gJDZ8,UgxNwwYqE0EgTGpLI-14AaABAg,Didi ne bola matlab dono ko ignore karo 😂,0,2026-05-21T06:59:59Z
2026-10-03,P044,v1,SGbfw9gJDZ8,UgwoZF2q7Vx4uhm-Zo14AaABAg,"just bought edge 70 2 days ago.. i was going to buy edge 70 fusion, now i feel glad that i didn't.",1,2026-08-03T07:32:20Z
2026-10-03,P044,v1,SGbfw9gJDZ8,UgwdOt2iDZW8MwEzt5J4AaABAg,Moto ka konsa new phone le,0,2026-07-08T07:29:24Z
2026-10-03,P044,v1,SGbfw9gJDZ8,UgzpJTP2MQcwhZMw-XN4AaABAg,Moto 6 pro kesa rehega??,0,2026-04-18T01:43:29Z
2026-10-03,P044,v1,SGbfw9gJDZ8,UgwAlLzIsQ5kaX60m2V4AaABAg,ha tention nhi le ge pisa bi de do fer lele ge😅,0,2026-05-01T03:57:36Z
2026-10-03,P044,v1,SGbfw9gJDZ8,Ugzu-q-h-U97MIsOs5J4AaABAg,How to see sot in moto phones?,0,2026-04-15T04:30:29Z
2026-10-03,P044,v1,SGbfw9gJDZ8,UgywYs99j64DRbbRxud4AaABAg,Black vs green moto edge 70 ??,0,2026-07-29T05:51:07Z
2026-10-03,P044,v1,SGbfw9gJDZ8,UgxdKnjSWCUthm0_as94AaABAg,Dd what should I buy 70 or 70fusion Or any other best mobile in this range . Please suggest me,0,2026-04-10T18:18:15Z
2026-10-03,P044,v1,SGbfw9gJDZ8,UgzjAziKQ1-7h_dhQv14AaABAg,First comment,0,2026-04-10T14:23:20Z
2026-10-03,P044,v1,KminYy13OIU,Ugzxwjsfx10f-uV_coZ4AaABAg,"Design aur performance ka balance is phone ka sabse strong point lagta hai. Kisi ek cheez ko overhype nahi kiya gaya, sab kuch proportionate lagta hai 📱✨",162,2025-12-15T10:06:37Z
2026-10-03,P044,v1,KminYy13OIU,UgyfWKW_g89fAXeJNaZ4AaABAg,Review dhekhne se pehle Moto edge 70 ka  hi Ad aa gaya 😂,453,2025-12-15T06:39:37Z
2026-10-03,P044,v1,KminYy13OIU,Ugz_KiWJouSJ7pC1RgR4AaABAg,I have motorola edge 40 neo .. truly unbeatable these today's phone r just giving same features in expensive price but edge 40 is just unbeatable using it from last 2 years not a single problem is faced ... Highly recommend,10,2025-12-18T20:39:30Z
2026-10-03,P044,v1,KminYy13OIU,Ugw5jzSxkIFQXogNQXh4AaABAg,Finally flat display aa gaya ❤😅,212,2025-12-15T07:08:11Z
2026-10-03,P044,v1,KminYy13OIU,UgzaJS9i4tbM654JYsp4AaABAg,"Slim phone keh ke jo doubts hote hain, woh is phone ko dekh ke kaafi had tak clear ho jate hain. Battery aur daily performance dono confidence dete hain 👍📱",179,2025-12-15T12:03:26Z
2026-10-03,P044,v1,KminYy13OIU,Ugzgij8VpH63OgsYceV4AaABAg,Finally Flat Display From Moto! 😊,166,2025-12-15T07:13:32Z
2026-10-03,P044,v1,KminYy13OIU,UgzPeU0WyWJ-EipAuGx4AaABAg,Slim phone bol ke battery ko leke jo hesitation hoti hai. Is phone mein woh hesitation naturally kam ho jati hai after specs dekhne ke baad 😌🔋,208,2025-12-15T10:35:43Z
2026-10-03,P044,v1,KminYy13OIU,UgxH6jcXWmeTMAgjb1R4AaABAg,Battery capacity ko dekh ke lagta hai ki long usage ke liye phone reliable hoga. Slim hone ke bawajood confidence milta hai 👍📱,200,2025-12-15T10:09:47Z
2026-10-03,P044,v1,KminYy13OIU,UgxGxiXCGKIZ63pILcJ4AaABAg,Itni thin body ke saath fast charging support hona kaafi practical decision lagta hai. Busy days mein yeh feature kaafi kaam aata hai ⚡🔋,168,2025-12-15T10:06:09Z
2026-10-03,P044,v1,KminYy13OIU,UgwwIIgE4Z_m1q5gGEt4AaABAg,Slim phones aksar sirf style statement ban ke reh jate hain. Yeh phone us stereotype se thoda upar uthta hua feel deta hai 🔥,192,2025-12-15T10:07:10Z
2026-10-03,P044,v1,KminYy13OIU,Ugww2Bi95arf7WiWqVB4AaABAg,हर समय फोन टेबल पर नहींं गिरता है  लकड़ी पर नहींं गिरता है गिराना है तो फर्श पर गिराओ  ❤,8,2025-12-15T14:03:15Z
2026-10-03,P044,v1,KminYy13OIU,UgxAMJiirLxjLXw-XLV4AaABAg,"Lightweight hone ke bawajood phone fragile ya underpowered feel nahi deta. Daily apps, media aur general usage smooth aur reliable lagta hai 🔋😌",244,2025-12-15T12:04:15Z
2026-10-03,P044,v1,KminYy13OIU,Ugwd56hK9dN2SgeiQvJ4AaABAg,Legend watching without money 😅😅😅😅👇🏻,127,2025-12-15T08:39:02Z
2026-10-03,P044,v1,KminYy13OIU,Ugx0AMcZwQIf_9R9u694AaABAg,Don't have money to buy a phone😢… even though watching very carefully 😅😂😂,8,2025-12-15T15:05:53Z
2026-10-03,P044,v1,KminYy13OIU,UgzBtCXG16IKFzy9Q254AaABAg,Last 2year I was using moto edge 40 and phone working is absolutely outstanding,4,2025-12-15T14:43:19Z
2026-10-03,P044,v1,KminYy13OIU,UgwwDzCFELZHmu9RcqF4AaABAg,Editor needs salary hike 0:20 😂😅😂😅,21,2025-12-15T10:55:15Z
2026-10-03,P044,v1,KminYy13OIU,UgzeHoG_uw5emcjMyeJ4AaABAg,Ab saala 2 mahine Tak Motorola mobile ki add aaegi😂,116,2025-12-15T07:39:45Z
2026-10-03,P044,v1,KminYy13OIU,Ugw2pJ5HLP30_fSZfiV4AaABAg,Motorola should make flat display in all devices,5,2026-04-18T11:31:49Z
2026-10-03,P044,v1,KminYy13OIU,UgycTkvqlNTC-QrIoSN4AaABAg,Aap log customer Care ka review karo....nahi kar paoge😂😂😂,51,2025-12-15T11:40:56Z
2026-10-03,P044,v1,KminYy13OIU,UgxityL1BzbE_vpesCl4AaABAg,"After long time your video felt like what it used to be before , all details covered ❤",0,2025-12-15T10:31:07Z
2026-10-03,P044,v1,KminYy13OIU,UgxGjQ6GTXCJyZOTzJl4AaABAg,Thank you for all the love!💙 Your support means the world to us and keeps Team Motorola pushing for better lifestyle tech product every day.,3,2025-12-29T14:57:35Z
2026-10-03,P044,v1,KminYy13OIU,UgzRZrOh88PJrU24N6Z4AaABAg,Everytime i thought of buying moto phone they come up with better and new phone,1,2025-12-16T16:00:53Z
2026-10-03,P044,v1,KminYy13OIU,Ugwyk8onWD7OJBPA87p4AaABAg,"If there were no ram,storage shortages, we would've get this below 25k",12,2025-12-15T06:45:50Z
2026-10-03,P044,v1,KminYy13OIU,UgxfFrlIvgfpZLpKcnB4AaABAg,"Bhai aap kabhi kisi device ki burai nahi karte, hum confused kon sa lena hai, sab me aapka positive feedback hota hai",0,2025-12-18T15:30:56Z
2026-10-03,P044,v1,KminYy13OIU,Ugws-KHsZo-4I7YpxSN4AaABAg,Using Edge 40 neo Masterclass Camera and Power at That Price Range . Also the fifa officially sponsor,31,2025-12-15T06:31:47Z
2026-10-03,P044,v1,KminYy13OIU,UgzO6hAGpwBzmajLXnR4AaABAg,I've been waiting for a flat screen phone for a long time.,1,2025-12-15T15:15:16Z
2026-10-03,P044,v1,KminYy13OIU,UgzjxrCXnnGVVb5Bx1N4AaABAg,Kon kon 4g phone use kar raha hai 😢😢,741,2025-12-15T06:33:06Z
2026-10-03,P044,v1,KminYy13OIU,UgwSAJaMKZgGd7agHlR4AaABAg,"1st to thnk u sooo much arun bhaiya.
Q ki mein moto ka edge 70 purchase karna chata hu.
Kahi din o se intezer kar raha tha kab aap unboxing koren ge.
Isse phele bhi mein ne IQOO Z6 PRO(2022) saal ph tha.Aur video dekh kar purchase kiye tha.
Aur kafi achha ph hai IQOO.
Mujhe buhat hlp hota hai.
Mein aap ka koi bhi video skip nahi karte hu.
Aap ka new video upload hone se agar nahi dekh bhi paya to mein time nikal kar baat me dekh leta hu.
Thnx again 4 moto edge 70.",0,2025-12-16T08:28:55Z
2026-10-03,P044,v1,KminYy13OIU,UgyQU1QwtLeAgmer7q94AaABAg,Har bar. Same dialogue ye alag hai 😂😂😂,26,2025-12-15T07:27:22Z
2026-10-03,P044,v1,KminYy13OIU,UgzcWFThKAQF77tVWtt4AaABAg,Unbelievable Thin H Arun Bhai ❤,0,2026-03-31T01:17:16Z
2026-10-03,P044,v1,KminYy13OIU,Ugz_SLNgz_O0WMIn8jt4AaABAg,Aapki unboxing dekhte 7 sal hogya sir😮😢,5,2025-12-15T11:11:19Z
2026-10-03,P044,v1,KminYy13OIU,Ugy9kSjy7193FXa0a954AaABAg,Pehle bar moto ne gaming ko target kiya hai bhai ❤️🔥mera moto edge 50 fusion hai 😊,0,2026-01-05T02:38:08Z
2026-10-03,P044,v1,KminYy13OIU,UgyLWwsrtyCcsplLgid4AaABAg,11:00 absolutely,6,2026-01-17T13:40:01Z
2026-10-03,P044,v1,KminYy13OIU,UgzkufAConWxaEsOLs94AaABAg,"Watching it in moto edge 30
Earlier slim phone 
Using from 4 yrs",1,2025-12-15T12:40:41Z
2026-10-03,P044,v1,KminYy13OIU,UgxOFAXMt43mW8bYrIl4AaABAg,8:28 already available in previous phone,9,2025-12-15T13:08:46Z
2026-10-03,P044,v1,KminYy13OIU,UgzisJQbdLtJ15UqtWp4AaABAg,"I am the promoter of Motorola, I want to explain to the customers that even after that the customer has to drop it and show it to me like you.",0,2025-12-15T15:06:25Z
2026-10-03,P044,v1,KminYy13OIU,UgzsGqRG8gyLuWEamjV4AaABAg,मोटरोला को मोबाइल का बैक लुक चेंज करना चाहिए 😰😰😰,37,2025-12-15T08:05:32Z
2026-10-03,P044,v1,KminYy13OIU,UgyR4_AfE2Nt1rG-7Ad4AaABAg,Addition of esim and wireless charging just increased the user base of this device. I hope motorola adds IR sensor and bigger battery in Edge 80. I will definitely buy it.,0,2025-12-15T10:27:35Z
2026-10-03,P044,v1,KminYy13OIU,Ugy1DAAog6m8Ri17-xN4AaABAg,Ab Ek Hafta Moto ka he add aayega😅,6,2025-12-15T12:00:42Z
2026-10-03,P044,v1,KminYy13OIU,UgxhovY2e68lQZmKj5l4AaABAg,Thumbnail is awesome 😎😎,0,2025-12-15T18:51:56Z
2026-10-03,P044,v1,KminYy13OIU,UgxPcidHcRdA015V2yN4AaABAg,30k ki under kuch unique leke ao yaar..30k is a huge amount..,21,2025-12-15T10:08:20Z
2026-10-03,P044,v1,KminYy13OIU,UgxkpUHaBM3xO5FyDdB4AaABAg,I am going to buy this phone for my secondary.. I really liked it.,0,2026-07-30T16:44:19Z
2026-10-03,P044,v1,KminYy13OIU,UgyOKJ7hEj5ETyAEf1F4AaABAg,Lo Phirsey Motorola Ne YouTube Ko Kharid Liya😂,17,2025-12-15T10:18:35Z
2026-10-03,P044,v1,KminYy13OIU,Ugw0_bLV-JpcXXnBl754AaABAg,"Recently purchased Motorola edge 50 Neo, I think this is very underrated phone...",0,2026-02-12T11:02:43Z
2026-10-03,P044,v1,KminYy13OIU,UgxsALo9Fcsr4jlxNbd4AaABAg,Missing Neo series' 😢,13,2025-12-15T10:42:30Z
2026-10-03,P044,v1,KminYy13OIU,UgyF3-xWP3etti5q4eV4AaABAg,Moto ne kamal kr diya 🎉,0,2025-12-16T10:25:48Z
2026-10-03,P044,v1,KminYy13OIU,UgxPL1qyXgw3hzA0A3J4AaABAg,0:10 will edge 70 neo come in india? When?,7,2025-12-18T16:14:18Z
2026-10-03,P044,v1,KminYy13OIU,UgyUOeLTNYX0pLdLqzd4AaABAg,5:24 Video ends here 😂😅,31,2025-12-15T07:31:54Z
2026-10-03,P044,v1,KminYy13OIU,Ugxxtm_29hAkiv-v09h4AaABAg,"Just big brother of Edge 40, i feel❤",0,2025-12-15T14:31:56Z
2026-10-03,P044,v1,KminYy13OIU,Ugy0h2FbLvjcuMLXmE94AaABAg,3:28  what happened to your hand are you okay bro ?,3,2025-12-15T11:23:01Z
2026-10-03,P044,v1,KminYy13OIU,UgztwEM2Hhld27C4dll4AaABAg,Gonna buy it,1,2026-01-16T13:24:06Z
2026-10-03,P044,v1,KminYy13OIU,UgzwKVYmebJK1tyhLR14AaABAg,5:11 Is phone me pakka heating issue hoga mere se kahi pr bhi likhwaa lo kyuki yaha dekho antutu test k time is ka max temperature kitna rise hua hai 28* rise hua hai 10 min k test me😮😮,7,2025-12-15T08:03:55Z
2026-10-03,P044,v1,KminYy13OIU,UgwBojADIFw9p7OUoPd4AaABAg,"Just bought the same 
It's awesome",0,2026-03-16T07:24:12Z
2026-10-03,P044,v1,KminYy13OIU,UgzeNld89lOjjs_MMPB4AaABAg,"Bought this phn , and in 1 hour jus while setting it up it went off....shut down...never recovered, jus gave it back to the store.",3,2026-04-24T10:42:22Z
2026-10-03,P044,v1,KminYy13OIU,UgzWDG-vTR6SWImvf8R4AaABAg,Watching the video on Edge 30 which is working absolutely fine till now.,0,2025-12-20T20:42:08Z
2026-10-03,P044,v1,KminYy13OIU,UgzOO1A_CABkzMCGk7x4AaABAg,0:55 yahan se smell kar pa raha hu😅❤,16,2025-12-15T07:56:16Z
2026-10-03,P044,v1,KminYy13OIU,UgyshuEBACAfmcpM_xJ4AaABAg,After long time finally flat display ❤,0,2026-01-03T14:57:17Z
2026-10-03,P044,v1,KminYy13OIU,UgxyOAHcmsDAiJmj3xp4AaABAg,5:04 Arun Sir Edge 60 me MTK 7400 hai and Edge 50 me 7 gen 1 hai 😅😅,5,2025-12-15T06:45:43Z
2026-10-03,P044,v1,KminYy13OIU,UgzgYdyoHJ33-yk1CE94AaABAg,Double tap at back was from edge 40 series ❤❤❤,1,2025-12-16T02:24:23Z
2026-10-03,P044,v1,KminYy13OIU,UgzNnCUFLGzenAx7fPh4AaABAg,Ab moto lunga kyunki flat display 😊😊,15,2025-12-15T07:31:38Z
2026-10-03,P044,v1,KminYy13OIU,UgycA0LYJ7i-mADqEqV4AaABAg,What a colour ❤,0,2025-12-15T11:55:12Z
2026-10-03,P044,v1,KminYy13OIU,UgxzlZnbYmEpQfGt9Ex4AaABAg,Ek toh yeh takla itni overacting karta hai. Shuru m hi dimaag kharab hojata h. @gyantheraphy bhai jaldi vedio laya karo inn sb se 😢,8,2025-12-15T15:17:31Z
2026-10-03,P044,v1,KminYy13OIU,Ugy1NgfJZlJtWo31Aad4AaABAg,"Phone kharidunga nahi lekin trakin tech ka video dekhne mai maja aata hai 
Love you Trakin Tech which helped me to increase my smartphone knowledge ❤❤",0,2025-12-15T13:52:54Z
2026-10-03,P044,v1,KminYy13OIU,UgxKalGWV99n3Z2CVaZ4AaABAg,Motorola doing fire(means amazing) job! 🔥,11,2025-12-15T06:33:53Z
2026-10-03,P044,v1,KminYy13OIU,Ugyzw7xBcHMRsfTIL794AaABAg,"Very smart mobile 
Me inshallah bhut jaldi lene vala hu ❤",0,2026-01-31T08:31:03Z
2026-10-03,P044,v1,KminYy13OIU,UgzrE2vz4NL7hu4UfEN4AaABAg,"5:33 ab battery Kam nahin lagta Hai sponsorship mein banaya Gaya Hai video 😂😂
 edited :- ab ye mat bolna lightweight hai karke khud bolate Ho 2025/26 mein 5000 mein battery nahin  lena",7,2025-12-15T06:58:10Z
2026-10-03,P044,v1,KminYy13OIU,UgxceDOfbrG0vyK8Xnh4AaABAg,Itna lightweight h ki phone dikha hi nai 0:20,21,2025-12-15T06:35:23Z
2026-10-03,P044,v1,KminYy13OIU,UgwlLjdyni1E0Od03Px4AaABAg,This time absolutely cool 😎 looking he bhai moto edge 70,0,2025-12-15T13:34:54Z
2026-10-03,P044,v1,KminYy13OIU,Ugw_64Ifir5LTgvy7BR4AaABAg,5:53 bhai sirf 120 de dene se nhi chalta hugg dega event pe ye device 😂,10,2025-12-15T15:44:37Z
2026-10-03,P044,v1,KminYy13OIU,UgyU_feYExeYQNq718x4AaABAg,8:27  ye gesture to mere mobile g54 5g me bhi hai. ❤ 8:27,1,2026-01-07T15:28:33Z
2026-10-03,P044,v1,KminYy13OIU,UgxHQ1vIIBU0gaefOMN4AaABAg,5000mah in big 2025🥀,6,2025-12-15T14:39:45Z
2026-10-03,P044,v1,KminYy13OIU,UgxmPII4MD566SqTwOJ4AaABAg,Unbelievable phone❤,0,2025-12-21T05:58:08Z
2026-10-03,P044,v1,KminYy13OIU,UgzufAncLXJ3u4kFc1N4AaABAg,Battery me hug dia. Kam se kam 6000 honi chahiye Aaj kal k time me,6,2025-12-15T08:12:51Z
2026-10-03,P044,v1,KminYy13OIU,UgzWU9hjx0LUwS9pqA94AaABAg,I think trakin tech has official  promotor of moto.. Service center bekaar hai moto ke,0,2025-12-16T17:19:14Z
2026-10-03,P044,v1,KminYy13OIU,UgwJQJNaM_6EAppQyhh4AaABAg,"20% information 
80% extras",2,2026-01-21T06:23:17Z
2026-10-03,P044,v1,KminYy13OIU,Ugw48exTwH2a7TfBZ_F4AaABAg,"मैं हमेशा सैमसंग उसे करता था लेकिन A 14 k backup preshan hokar motorola edge 60 liya , lag bhag saal bhar hoga behtar phone hai",0,2025-12-16T01:25:51Z
2026-10-03,P044,v1,KminYy13OIU,Ugw-nVrK4AOoJJ1Zu_d4AaABAg,"Can u suggest me which mobile is best in this 3 samsung s25ultra.  iPhone 17pro,vivo x 300 which is best r else wait for s26 ultra plz respond for my msg",2,2025-12-16T06:56:40Z
2026-10-03,P044,v1,KminYy13OIU,Ugwe1tvKxbTYWYeAWGJ4AaABAg,Best Reivew,0,2025-12-15T14:30:00Z
2026-10-03,P044,v1,KminYy13OIU,Ugx9_zDTWdKIzIvr6G94AaABAg,neo aane wale hei. kya sir?,5,2025-12-15T06:48:00Z
2026-10-03,P044,v1,KminYy13OIU,UgwURzj3sjlMij_0pdp4AaABAg,Aap comments nhi dekhte maybe 😂❤,4,2025-12-15T06:31:15Z
2026-10-03,P044,v1,KminYy13OIU,UgxrcfLC18Nyo3s2yF14AaABAg,Still using Moto Edge 50 pro for my youtube channel and still works like a beast🔥🔥,0,2025-12-20T06:49:53Z
2026-10-03,P044,v1,KminYy13OIU,UgyzjoL4grnEa9eRvLl4AaABAg,Moto started cooking 💀💀,7,2025-12-15T06:35:48Z
2026-10-03,P044,v1,KminYy13OIU,UgyJsadE3WN2HmItvDt4AaABAg,Mene Aaj hi liya what a phone❤❤❤,1,2026-07-10T19:09:42Z
2026-10-03,P044,v1,KminYy13OIU,Ugw3EKLf0pLrUyILQiB4AaABAg,Bhai mana 1 week pahala edge 60 pro la liya ab pachaya ho raha ha same price ma edge 70😢😢,2,2025-12-17T14:57:53Z
2026-10-03,P044,v1,KminYy13OIU,UgxyIM9nNHSupyjuPxV4AaABAg,"Bhai ji me aap ki sb hi phone ki video dekh raha hu 
Or ye bi dekhi hai",0,2025-12-15T10:39:14Z
2026-10-03,P044,v1,KminYy13OIU,Ugzb3T9C-pxvCkrNkDN4AaABAg,"Don't buy Moto Phones, there are no software updates, and if there are they make the software experience worse.",10,2025-12-15T07:08:36Z
2026-10-03,P044,v1,KminYy13OIU,UgzuX-3y0tPcvfi_D514AaABAg,"Thanks God, flat display is back",0,2025-12-16T05:09:49Z
2026-10-03,P044,v1,KminYy13OIU,UgxW70rmRqT1XtkQr1N4AaABAg,Eagerly waiting for edge 70 ultra. If it is good. Will upgrade from edge 50 ultra,0,2025-12-20T09:19:07Z
2026-10-03,P044,v1,KminYy13OIU,Ugyw5M2SHV1ON6_12x14AaABAg,"Last few years I was fan of Motorola.. but its good for 1 year only... Later it will have Software update issue.. then once uodated you will get display issue... Which I personally found in two phones... & yes later phones gets Slow too..
Didnt expect that from Motorola..",0,2025-12-16T15:43:01Z
2026-10-03,P044,v1,KminYy13OIU,UgwVZAQ-VTd3aLgHBb94AaABAg,Watching from the moto edge 60 pro❤,0,2025-12-15T14:13:51Z
2026-10-03,P044,v1,KminYy13OIU,UgzrTEtFccUV4Exfw754AaABAg,Thanks for 15 subscribers youtube family🎉♥️,0,2026-01-22T06:44:13Z
2026-10-03,P044,v1,KminYy13OIU,UgxTfS8_pKbbUAjtvTJ4AaABAg,Sar aapse ek hi request hai aap Aaj Tak sirf unboxing hi kar rahe hain aap detail review nahin late Hain Jo other youtubers aajkal aane Lage Hain jismein design build aur battery ke bare mein jyada detail mein bataya jata hai jo mobile kharidne mein kafi madad karti hai sirf unboxing se andaza nahin La sakte ki mobile kharidna hai ya nahin,1,2026-01-20T14:22:43Z
2026-10-03,P044,v1,KminYy13OIU,UgyKTvjVE-HngZVcqvd4AaABAg,This phn is amazing by different factors like camera display etc ❤,1,2025-12-16T09:38:42Z
2026-10-03,P044,v1,KminYy13OIU,UgwPss1-or9nUSzPvEt4AaABAg,CUSTOMER CARE REVIEW B HONA CHAHIYE 😅,0,2025-12-15T16:00:19Z
2026-10-03,P044,v1,KminYy13OIU,Ugz-4JzlxuvFOoLNvVR4AaABAg,Review dhekhne se pehle moto edge 70 ka ad aa gaya😅,0,2025-12-16T00:28:36Z
2026-10-03,P044,v1,KminYy13OIU,Ugy4m1cWH6C3n1RtXSp4AaABAg,"Sir, please talk about durability. Moto is quite infamous for durability and service.",0,2025-12-15T19:59:10Z
2026-10-03,P044,v1,KminYy13OIU,UgzccH_jil2iRBWBMiV4AaABAg,"Yaar now I've 60 fusion, i had to wait somedays 😊for 70",0,2025-12-15T10:56:23Z
2026-10-03,P044,v1,KminYy13OIU,UgyYGRt_5y-VlW5kVqR4AaABAg,Now that's a real segment killer,0,2025-12-15T13:40:12Z
2026-10-03,P044,v1,KminYy13OIU,Ugz0SEeKaGLMh5NkWaJ4AaABAg,First time moto ke ad moto ka unboxing 😂😂😂,0,2025-12-15T15:48:36Z
2026-10-03,P044,v1,KminYy13OIU,UgwQhJRoZckcBlZkrgZ4AaABAg,Jab yah phone launch hua tha tabhi se main isko use kar raha hun,1,2026-08-02T10:59:00Z
2026-10-03,P044,v1,fFO7SJOwigw,UgyGtDR_5kA_pPacUox4AaABAg,Snapdragon 🔥🔥,14,2026-06-03T23:00:42Z
2026-10-03,P044,v1,fFO7SJOwigw,Ugwb8bWBICDCK3iw-TF4AaABAg,Bro antha colour name batch removable ahh!!???,3,2026-08-22T13:15:32Z
2026-10-03,P044,v1,fFO7SJOwigw,Ugxf1Kffs8qDXNxg_Pl4AaABAg,G70 best ❤❤❤,24,2026-05-09T12:55:45Z
2026-10-03,P044,v1,fFO7SJOwigw,UgzkAQN8j3Z2P4dN0Wp4AaABAg,Best phone wow,6,2026-06-07T10:16:51Z
2026-10-03,P044,v1,fFO7SJOwigw,Ugxawbn4IszNNjLCcFx4AaABAg,30008❤😢😅,6,2026-04-23T19:38:58Z
2026-10-03,P044,v1,fFO7SJOwigw,UgzmXBwlCxVuumyVE-F4AaABAg,"20 x, camera becomes blurr",1,2026-08-03T16:33:54Z
2026-10-03,P044,v1,fFO7SJOwigw,UgwN0HcK5o4uhe3gHOh4AaABAg,This is the most slippery phone case I have ever seen it's literally like holding an ice cube in your hands what was that idiot thinking when they produced this,11,2026-04-13T09:40:30Z
2026-10-03,P044,v1,fFO7SJOwigw,UgxY2tjqOES6eKXgCXB4AaABAg,"VERSUS,WHY ALLWAYS CAMERA CAMERA CAMERA & CAMERA?",33,2026-04-22T04:39:01Z
2026-10-03,P044,v1,fFO7SJOwigw,UgyczyJX8ltudBeYFmd4AaABAg,Mere camera mai vertical black line flicker h photo khinchte time,0,2026-10-02T14:38:22Z
2026-10-03,P044,v1,fFO7SJOwigw,Ugywb_FZckKyDiDgbFV4AaABAg,Enough with stupid curved screens Jesus this why I’m buying the regular 70 I hate curbed screen when temper glass don’t work films that are thin don’t work and it’s just useless takes from screen for no reason they need to end this curved screen crap,21,2026-06-20T04:28:20Z
2026-10-03,P044,v1,fFO7SJOwigw,Ugy7UCQRpZoZgzbFVC14AaABAg,❤❤❤,0,2026-08-18T05:31:23Z
2026-10-03,P044,v1,fFO7SJOwigw,UgwC1jsn8aT-EaUmRIl4AaABAg,Moto edge 70 ❤️❤️,0,2026-08-07T10:31:58Z
2026-10-03,P044,v1,fFO7SJOwigw,UgwDNypat6D08_Np-Kh4AaABAg,Laptop sell koren,5,2026-04-10T15:29:47Z
2026-10-03,P044,v1,fFO7SJOwigw,UgyHAhVyXj1iud017594AaABAg,দাম কতো বলবেন কি,1,2026-05-18T17:55:05Z
2026-10-03,P044,v1,fFO7SJOwigw,UgwVG02ZcK1XQgz7YtB4AaABAg,La verda no me gusta el mío me duró poco por su pantalla curva y por falta de mica se me estrelló,0,2026-08-08T18:02:55Z
2026-10-03,P044,v1,fFO7SJOwigw,UgxiSJHdzA8urA1BEa94AaABAg,The back panel of my Motorola Edge 70 Fusion changes color when it gets hot. It turns yellow.,0,2026-09-30T05:08:30Z
2026-10-03,P044,v1,fFO7SJOwigw,UgxZrTVCovdnTM2fQLt4AaABAg,Watching on moto edge 70,5,2026-06-15T01:55:43Z
2026-10-03,P044,v1,fFO7SJOwigw,Ugy_L54MpAaTJx52ck54AaABAg,Bhailog is behkave me mat aavo camera dekh ke kya karna he.... aap log Processor/battery backup/Company/Ram/Rom/Affordable Price dekhiye guys. That's it.,0,2026-10-02T03:14:48Z
2026-10-03,P044,v1,fFO7SJOwigw,UgzXFYFer_xhQQrCK-94AaABAg,Que musica mogolica man,4,2026-06-29T14:08:57Z
2026-10-03,P044,v1,fFO7SJOwigw,UgzGqHe0wDK81Dfj65B4AaABAg,Vivo y100 best 😊😊😊😊,0,2026-09-30T07:21:57Z
2026-10-03,P044,v1,fFO7SJOwigw,Ugz2htYCV15F9JgWTDh4AaABAg,Dono me se konsa best hai 256 gb wala dono same price pe hai,6,2026-05-02T14:26:47Z
2026-10-03,P044,v1,fFO7SJOwigw,UgzE6ndGE6qsZ2g42fx4AaABAg,Motorola edge 70 nilam 😎,7,2026-05-01T16:12:30Z
2026-10-03,P044,v1,fFO7SJOwigw,UgzshbmRNreKvVIYX2t4AaABAg,Bekar gallary nhi hai 😡😡😡😡,0,2026-10-01T15:12:42Z
2026-10-03,P044,v1,fFO7SJOwigw,UgzisCVAr1CQrC_xZKN4AaABAg,Trash song🎉🎉🎉🎉,0,2026-09-18T05:32:06Z
2026-10-03,P044,v1,fFO7SJOwigw,Ugy3Bf4KfjNLaaAZWql4AaABAg,Im using moto edge 70 fusion since 11days but camera is no so good 🥲,1,2026-07-17T08:52:28Z
2026-10-03,P044,v1,FPfnq6Y2CF0,UgyoCKkgsR9PBb5uUsN4AaABAg,"Using Motorola Edge 70 fusion since 2 months, best phone ever, no problem at all.",351,2026-05-27T13:41:15Z
2026-10-03,P044,v1,FPfnq6Y2CF0,UgwNhbfyQV2hocTpCXV4AaABAg,Moto Edge 70 🎉 user here !,700,2026-04-29T06:50:55Z
2026-10-03,P044,v1,FPfnq6Y2CF0,UgyFB--K0g7CLXuOtdh4AaABAg,I am using this phone since 1 month let's see if there is a problem in future but till now there is no problem working totally fine,151,2026-05-18T10:08:52Z
2026-10-03,P044,v1,FPfnq6Y2CF0,UgyR3ywdfz_jWkAwk_d4AaABAg,Yahi phone se dekh rha hu 😂,355,2026-05-10T05:23:18Z
2026-10-03,P044,v1,FPfnq6Y2CF0,UgyKzfPbXtOSCZWtUC14AaABAg,"If your phone has some problem, don't judge all other pieces are like that...😏",66,2026-06-25T18:27:43Z
2026-10-03,P044,v1,FPfnq6Y2CF0,UgzhNT0vErGPK2wK6LZ4AaABAg,Fully Satisfied. No such as our problem,15,2026-06-21T12:07:38Z
2026-10-03,P044,v1,FPfnq6Y2CF0,UgwYti8tgvZSBpnvUX94AaABAg,"Bhai, phone setting mai display mai fliker prevention ON kr lo fir fliker nhi hoga.",8,2026-09-04T16:04:48Z
2026-10-03,P044,v1,FPfnq6Y2CF0,Ugw4K_h8OC1PCJFk42Z4AaABAg,Ha bhai mene shop pe demo unit dekha usme same problem thi 😅😅,20,2026-06-13T19:59:40Z
2026-10-03,P044,v1,FPfnq6Y2CF0,UgwmNeF0AcAy7txePLp4AaABAg,No issues with this phone...best phone under 30k,7,2026-07-20T13:17:16Z
2026-10-03,P044,v1,FPfnq6Y2CF0,UgyN0oi-QVz-BiMZ5RZ4AaABAg,"He is right it has so many problems, I have 12/256 and that has issues of not getting apps open after clicking on screen",0,2026-09-01T23:21:29Z
2026-10-03,P044,v1,FPfnq6Y2CF0,UgyKPmMZAV-rQjeQXYt4AaABAg,"Bhai mujhe yeh phone lekr utna satisfaction nhi mila . Display to thik h mera pr iska camera bhut saturated and contrasty images leta h. Over processed lagti h . software me bhi bhut basic features nhi h. Camera gadbad h ya nhi mujhe nhi pta . Aap suggest kro replacement ke liye jau kya?.

Baki apke videos dekhta rhta hu 😅kuch badia hi jankari milti h.",21,2026-04-24T15:17:06Z
2026-10-03,P044,v1,FPfnq6Y2CF0,Ugw2Z-quRR7DfO33QIF4AaABAg,I am using this mobile for 2 months .no problems I faced .but little bit problem on the touch screen on top left side .but it resolved from the new update,0,2026-05-27T10:08:45Z
2026-10-03,P044,v1,FPfnq6Y2CF0,UgyiqBhCPuAyd585JuB4AaABAg,Bhai mere me v same flickering kr rha tha and I thought ki maybe first time setup korne me esa hua hoga but later it happans again... But than an update came and its fixed now😊.. and also some animations were added too,0,2026-06-29T22:33:57Z
2026-10-03,P044,v1,FPfnq6Y2CF0,UgzPDChFDDF5SS-7sKx4AaABAg,"I can raise the budget, tho Oneplus Nord 6 kaisa rahega, bhaiya, please tell, aap ke reviews mujhe sabse genuine lage, isliye aapse pooch Raha hu. I'm getting doubtful to go for it seeing its negative reviews of on heating while gaming or normal tasking, battery drain, also, it doesn't have dedicated vapour chamber, it just has a heat dissipation area but I guess nord ce5, ce6 aur nord 5 mei tho dedicated vapour chambers hai. Aisa tho nhi ki by time nord 6 improve hoye with optimisation and updates, I'm thinking to buy the newest phone nord 6 against nord 5, aur ce6 isliye nhi kyuki usmei updates kam kardiye hai aur voh 12gb ram mei bhi nhi hai. Bhaiya, please give your recommendation.

Nord 6 ke kuch hazar aage budget mei poco x8 pro max bhi hai with 512 gb storage  and 12gb ram, but I think uska software achcha nhi as per users, aur updates bhi proper nhi deta, uske uper bhi heating or battery drain ke reviews hai, camera inferior hai, lekin as per testing videos on YouTube, it wins heating and battery tests against nord 6 but I saw somewhere that oneplus is better than poco for network  reception, bhaiya, please recommend...",3,2026-05-09T12:19:28Z
2026-10-03,P044,v1,FPfnq6Y2CF0,UgxKayDuHICJjCK2HZR4AaABAg,"This is the best phone in this segment in the current scenario of price hike due to chip shortage,using since last month and no issues at all",0,2026-09-20T07:20:15Z
2026-10-03,P044,v1,FPfnq6Y2CF0,UgwgEWUodbVPpWdu9UR4AaABAg,Aj ke update ke baad fix ho gaya issue 🎉🎉,14,2026-05-07T17:58:18Z
2026-10-03,P044,v1,FPfnq6Y2CF0,UgwF0UjfVAGavK2DHFx4AaABAg,Mast phone hain yahi phone use kr raha hu Motorola edge 70 fusion se,15,2026-05-18T00:14:24Z
2026-10-03,P044,v1,FPfnq6Y2CF0,UgyFSYSgdifxjq3UjnF4AaABAg,"Moto Edge 70 user here, fully satisfied",3,2026-06-15T16:50:43Z
2026-10-03,P044,v1,FPfnq6Y2CF0,UgzVKc_QOzhIcpwmy0V4AaABAg,Same problem mere saath bhi aa rahi hai bhai mujhe 20 din ho gye liye or display me yahi problem aa rahi h 60hz pr sahi chal rahi hai or,7,2026-04-23T18:41:01Z
2026-10-03,P044,v1,FPfnq6Y2CF0,UgxMRZ6jsKoOXM1dvJV4AaABAg,Shi bola bhai mere 70fusion m bhi thi issue h or company walo k pass bhi iska koi solution nhi h😢,1,2026-05-29T06:02:46Z
2026-10-03,P044,v1,FPfnq6Y2CF0,Ugy7zJSvjPTQQ5IpSQ94AaABAg,Chill guys this problem is now resolved through Software update on 7may 2026 and it is now resolved and working perfectly ❤,5,2026-05-07T14:09:06Z
2026-10-03,P044,v1,FPfnq6Y2CF0,Ugy_DgHYKjO4LkVO4194AaABAg,"Moto edge 60 fusion..
Moto mera pehla pyaar hai 😅❤❤",0,2026-06-20T15:23:58Z
2026-10-03,P044,v1,FPfnq6Y2CF0,Ugwfx9Vlfk7zkGjtzs94AaABAg,Me bhi isi device dekh raha hu😂😂😂,8,2026-06-01T08:08:36Z
2026-10-03,P044,v1,FPfnq6Y2CF0,Ugx06pavRARig7_8o_d4AaABAg,Refresh rate km kro solve ho jyega don't worry,3,2026-05-10T16:53:12Z
2026-10-03,P044,v1,FPfnq6Y2CF0,Ugz4EiMS_H6k68SmRIJ4AaABAg,bhai ek vedio upadate ane k bad shi hua ki nhi is pr bhi bana dena short hi shi,1,2026-05-03T02:13:48Z
2026-10-03,P044,v1,FPfnq6Y2CF0,UgwJn-RGcd5L4MApzC14AaABAg,Same phone se dekh raha hu.. mujhe to koi dikkat nahi lagi but ab dhyan se dekhna padega,1,2026-09-22T16:30:19Z
2026-10-03,P044,v1,FPfnq6Y2CF0,UgxKvsIvFO8wj9dv6EB4AaABAg,I'm using same mobile... works like a butter smooth..no problem at all for me,0,2026-07-28T21:44:24Z
2026-10-03,P044,v1,FPfnq6Y2CF0,UgzQN9_beONQ8RnY23t4AaABAg,Kahi pn sangto.bhai .....tyach phone Varun tuza video bagun replay det ahe 😊,0,2026-06-30T02:52:31Z
2026-10-03,P044,v1,FPfnq6Y2CF0,UgyHAxQR2Yuu39OGO-l4AaABAg,Me bhi use kar rahahu but koi problem nahi bohot acha chal raha heee,32,2026-04-30T10:23:31Z
2026-10-03,P044,v1,FPfnq6Y2CF0,Ugw188hF7Z7iwfGvqAJ4AaABAg,Turn off adaptive brightness bro,4,2026-06-02T06:58:05Z
2026-10-03,P044,v1,FPfnq6Y2CF0,UgyjpU4cu6m611fU0qx4AaABAg,"Thanks brother ❤
Very Perfect Lines, I'm also facing same issues 
#boycottmotorolamobilephone",1,2026-07-30T07:29:19Z
2026-10-03,P044,v1,FPfnq6Y2CF0,UgzXUVez6H6yyQSE5ZN4AaABAg,That one problem was fixed when I updated.,1,2026-07-05T09:48:21Z
2026-10-03,P044,v1,FPfnq6Y2CF0,Ugz2heRHCwOtyqCjX_Z4AaABAg,bhai 10 din se same phone use kar raha hu mare phone me koyi problem abtak nahi hai,4,2026-04-29T10:39:21Z
2026-10-03,P044,v1,FPfnq6Y2CF0,UgzEKu66zUDjvESLHn94AaABAg,I hadn't noticed in my unit...my phone is working well,0,2026-06-10T03:28:58Z
2026-10-03,P044,v1,FPfnq6Y2CF0,UgwzoPb8LimS9wLbhfR4AaABAg,No problem 😅😂😂😂😂 bro 🎉 super mobile 📲,1,2026-05-21T16:41:23Z
2026-10-03,P044,v1,FPfnq6Y2CF0,Ugws37jw9whbyanlZH14AaABAg,"If you try to click empty space on screen, what do you expect?
If it flicks, change it, it's probably faulty",1,2026-09-11T19:22:21Z
2026-10-03,P044,v1,FPfnq6Y2CF0,UgwB-wwrm6J2xkLKs_F4AaABAg,"Mre phone me bhi camera ka problem hai. 
Focus hi nahi hota",1,2026-06-10T14:41:48Z
2026-10-03,P044,v1,FPfnq6Y2CF0,Ugy_dpPPyWUnrH8e8hl4AaABAg,Jb isme peoblem h to aapne ye shopping ke liye link ku share kya hua h description me???,0,2026-08-04T15:55:03Z
2026-10-03,P044,v1,FPfnq6Y2CF0,UgxTCXdtK7t5wi3h0Th4AaABAg,Thnks bhai mai lene wala tha ❤,0,2026-06-24T19:35:49Z
2026-10-03,P044,v1,FPfnq6Y2CF0,Ugyh-abqAaYtaw4GAFV4AaABAg,I am studen. I buy this phone.same problem Kya muje replacement mil jayega,1,2026-04-30T10:07:45Z
2026-10-03,P044,v1,FPfnq6Y2CF0,UgyvfNa64KzuTJx2KyJ4AaABAg,Bhai aisi koi baat nhi h mai bhi moto edge 70 fusion hi use kr rha hu pichale 5 month se,1,2026-09-12T14:34:57Z
2026-10-03,P044,v1,FPfnq6Y2CF0,UgyK9cjo5qgBM6rjrCl4AaABAg,"Bhai..ye phone use kiye huye aj ko 5 months 2 days hain.. multiple issues hain..2 baar servicing centre ja chuki hun.. fir v problems hain...wo log bol rhe ki hardware mein problem hain toh wo usse kholke banayenge..but hum nhi chahte ki usse khola jaye.. 

kya phone ka ab  replacement nhi mil sakta?

Pls reply ASAP.",1,2026-10-01T14:36:20Z
2026-10-03,P044,v1,FPfnq6Y2CF0,UgyfF1YEZvAtIOPlh-94AaABAg,"Turn off Flicker prevention in the settings.
The description says in there, that it may cause screen noise or color distortion.",4,2026-04-29T02:56:04Z
2026-10-03,P044,v1,FPfnq6Y2CF0,Ugy1TAanuCT5VDiuJV54AaABAg,That's my daily phone and no issue at all so far... I love it except usb 2.0 but that's a detail,0,2026-09-19T15:30:22Z
2026-10-03,P044,v1,FPfnq6Y2CF0,UgwLijoihvM-omYwTHR4AaABAg,एक कीड़ा पुरे खेत को खराब कर देता है इसका मतलब ये नहीं हैँ की पुरा खेत खराब था,5,2026-06-01T11:43:22Z
2026-10-03,P044,v1,FPfnq6Y2CF0,UgyANCOcy1o6IDF2hep4AaABAg,Ye motorola ke sab phone mei problem hai mere 60 fusion mein bhi hota hai,0,2026-05-10T11:59:29Z
2026-10-03,P044,v1,FPfnq6Y2CF0,UgwEPs7BtsHUdVbjCpN4AaABAg,"ফ্লিপকার্ট থেকে আমি অনেক অর্ডার রিসিভ করি বাট আমার সুপার কয়েন এড হচ্ছে না প্রবলেম কি 
এত এত অর্ডার রিসিভ করার পরেও আমার সুপার কয়েন জিরো প্লিজ প্রবলেমের সলিউশন বলবেন",1,2026-05-06T07:41:21Z
2026-10-03,P044,v1,FPfnq6Y2CF0,UgxKU7jnJ9U-VHh6M3R4AaABAg,Yes i have the same problem what should we brother,2,2026-06-11T20:11:27Z
2026-10-03,P044,v1,FPfnq6Y2CF0,Ugw1OgTepF7YI7LE6eV4AaABAg,Bhai tum logo ka hi nhi pata kese problem aajata me to 5 month se use kar rah mast chal rha,1,2026-09-09T03:55:26Z
2026-10-03,P044,v1,FPfnq6Y2CF0,Ugwa32dVAk7qcL42TuF4AaABAg,"Launch ke din hi kharid liya tha, abhi tak koi problem nhi hai, sirf charging ke time overheating",0,2026-07-11T02:56:42Z
2026-10-03,P044,v1,FPfnq6Y2CF0,Ugz6Zo3gFvPiUI2SApp4AaABAg,Agar aap gaming user ho to aap bilkul bhi is Phone ko bye mat karna network problem bhi hai bahut jyada network problem aata Hai charge per lagane ke bad heat karta hai bahut jyada gaming khelte waqt hit karta hai bahut jyada yah issue hai network issue bhi ismein bahut jyada😢😢,1,2026-09-11T11:55:43Z
2026-10-03,P044,v1,FPfnq6Y2CF0,Ugz3W0hAvPYXhm7yiD54AaABAg,Bhai ko sirf moto Rola se problem hai lagta hai😂😂😂😂😂,2,2026-09-03T02:36:55Z
2026-10-03,P044,v1,FPfnq6Y2CF0,Ugz4B-9yjapnE5_5qgJ4AaABAg,"Mera PHN may asa Hoti hay
Keya karu only Facebook videos",0,2026-06-02T14:05:29Z
2026-10-03,P044,v1,FPfnq6Y2CF0,UgznYY5zyVR7jEpTCsl4AaABAg,"issi phone se dekh rha hu 
best phoe in this segment",1,2026-09-13T15:28:44Z
2026-10-03,P044,v1,FPfnq6Y2CF0,UgwJDyOkwahpCahH8A54AaABAg,M bhi yahi use Kara wo bhi dark mood m mere m koi dikkat ni ari brother',1,2026-07-22T19:09:54Z
2026-10-03,P044,v1,FPfnq6Y2CF0,Ugz6ZRR8rU5I5E5pspx4AaABAg,I am using motrola g 86 power same issue,0,2026-05-09T07:51:19Z
2026-10-03,P044,v1,FPfnq6Y2CF0,Ugz_-2N0a6ZuOFjtdXV4AaABAg,"Mera bhi same problem hai😢 kya muje replacement mil sakti hai,, please reply me I am student I buy this phone for study😢😢❤",1,2026-04-30T09:57:14Z
2026-10-03,P044,v1,FPfnq6Y2CF0,Ugw9fugY1sgL5Pai33B4AaABAg,Ha Mera sath bhi hua tha jab new liya tha par 1 week mai teek ho gaya woh auto refresh rate mai ho raha tha par abhi teek hai,6,2026-04-25T14:40:01Z
2026-10-03,P044,v1,FPfnq6Y2CF0,UgxXZb2qMlppb9PsVHh4AaABAg,Mera tho hota bhai mero ko 10 days hogaya hai,1,2026-04-28T16:30:52Z
2026-10-03,P044,v1,FPfnq6Y2CF0,UgxX5jOjwWwugAFNVZp4AaABAg,Mere pass motorola g 40 fusion tha 2021 se ab 2026 me kharab hua ab me 70 fusion le rha hun koe problem nhi hue 5 sal mujhe,1,2026-07-24T15:49:17Z
2026-10-03,P044,v1,FPfnq6Y2CF0,UgwRsXExXHDj2SlorAp4AaABAg,Koi dikkat nhi he bhai mere pass yehi he,2,2026-05-23T19:46:25Z
2026-10-03,P044,v1,FPfnq6Y2CF0,Ugwv_47EUg0eQtORTWt4AaABAg,Mera bhi sem problem he,0,2026-05-23T07:19:38Z
2026-10-03,P044,v1,FPfnq6Y2CF0,Ugw7hqgQSkEtbinD50F4AaABAg,Bhai yah Se Meri bhi problem hai Mera bhi display blame hota Hai,0,2026-05-03T02:14:42Z
2026-10-03,P044,v1,FPfnq6Y2CF0,UgyIu9JS95u1AMjsTL54AaABAg,Bhai me yahi phone lerah tha Diwali me accha hua batadiya 😊 bhai kharidi karu ya nhi iski 😅,0,2026-09-16T16:57:24Z
2026-10-03,P044,v1,FPfnq6Y2CF0,Ugzx6nilYHQAqWCOw354AaABAg,"No problem in my phone , everything Great",2,2026-05-16T18:07:33Z
2026-10-03,P044,v1,FPfnq6Y2CF0,Ugx5zZerIKp3c-Kx8o54AaABAg,Sabhi mein nahin hota hai aisa main bhi use kar raha hun 😂,0,2026-06-19T09:54:49Z
2026-10-03,P044,v1,FPfnq6Y2CF0,UgzmNjLTstqI7Wge_l54AaABAg,No problem sir 🎉🎉🎉,0,2026-09-19T12:29:40Z
2026-10-03,P044,v1,FPfnq6Y2CF0,UgzOAuIOcWCnAxpMdAB4AaABAg,Mera fone bhi bar bar hang ho raha hain,0,2026-05-18T14:16:54Z
2026-10-03,P044,v1,FPfnq6Y2CF0,UgxPXXIata0DZHisRD14AaABAg,Finger sencer kaam nhi karta hai re-start karen se kaam Karta hai,0,2026-07-13T13:50:41Z
2026-10-03,P044,v1,FPfnq6Y2CF0,UgxZa3uBF7QhQyCrgSR4AaABAg,Nhi koi problem nhi he ❤😂,22,2026-05-01T14:48:21Z
2026-10-03,P044,v1,FPfnq6Y2CF0,Ugw_4LJXJ80Lja1EzbR4AaABAg,Watching from the same phone. Bhai kyu defame kar rahe ho agar replacement bhi mili hai?,0,2026-06-19T15:46:43Z
2026-10-03,P044,v1,FPfnq6Y2CF0,Ugzpa7n-vRxFxDgUi-94AaABAg,Mera bhi phone pe yehi problem ho raha hai..lekin service centre se mujhe exchange nhi kar raha hai...abhi kya karna parega mujhe???,1,2026-05-30T20:16:56Z
2026-10-03,P044,v1,FPfnq6Y2CF0,Ugz-mFRL7AGfIHv6GF14AaABAg,Very nice mobaile ..❤,0,2026-05-20T00:52:42Z
2026-10-03,P044,v1,FPfnq6Y2CF0,UgxatirLNfFRiWsfm014AaABAg,Settings me jao flicker preventation on karo,1,2026-09-05T16:15:09Z
2026-10-03,P044,v1,FPfnq6Y2CF0,UgyU4Z45c8RNaGaZ03t4AaABAg,Cube display me aisa problem hai mere friend ke pass realme 14 pro plus usme bhi yahi dikkat ho rhi hai,0,2026-09-21T15:44:54Z
2026-10-03,P044,v1,FPfnq6Y2CF0,Ugx1hGcUdIOMdnfkyKx4AaABAg,Not a single problem 💪🏻👑,0,2026-06-01T17:53:05Z
2026-10-03,P044,v1,FPfnq6Y2CF0,UgwuyulRAu_NA0VwQAV4AaABAg,But main to isi phone se dekh rha hu no problem 😂,0,2026-06-22T08:02:40Z
2026-10-03,P044,v1,FPfnq6Y2CF0,UgxyA4627yvJKUD8c354AaABAg,Me 1 mhine se use kar raha hu koi problem nahi hai,1,2026-04-26T15:48:05Z
2026-10-03,P044,v1,FPfnq6Y2CF0,UgztLSRwegt8D_VkIn14AaABAg,Just use anti flicker mode,0,2026-06-01T09:51:57Z
2026-10-03,P044,v1,FPfnq6Y2CF0,UgzYfxhu7JQmIG9zV1J4AaABAg,Mere me to nahi hota,0,2026-05-15T09:31:13Z
2026-10-03,P044,v1,FPfnq6Y2CF0,Ugy_Fih4Eg9a1UbbdrF4AaABAg,Same phone hai par aisa muze samaj nahi aa raha issue,1,2026-08-25T18:31:13Z
2026-10-03,P044,v1,FPfnq6Y2CF0,Ugzjxb-mKhQ9uAQtCB94AaABAg,"Mere wale me speaker me problem ayi thi or thoda sa bhi press krne se bnd hi ho jata tha 
Maine to return kr diya",0,2026-07-30T03:22:43Z
2026-10-03,P044,v1,FPfnq6Y2CF0,Ugzc447owYu06wPZ86F4AaABAg,Ya ye mere sat b h,0,2026-06-28T14:03:43Z
2026-10-03,P044,v1,FPfnq6Y2CF0,UgztEEZQ8YxpqpgO3qF4AaABAg,Mera bhi same problem hai...kya Krna chahiye?,0,2026-06-10T10:24:14Z
2026-10-03,P044,v1,FPfnq6Y2CF0,Ugzr3iohD-ha0YcRxj14AaABAg,Fully satisfied,0,2026-06-20T12:05:55Z
2026-10-03,P044,v1,FPfnq6Y2CF0,UgyCfW0vopIid38Sbyt4AaABAg,But my phone is okay in condition I have just brought it nearly about  4 days it's running so smooth and good I am happy with it .i think there is problem in particular batch not on every smart phone,0,2026-04-25T15:47:33Z
2026-10-03,P044,v1,FPfnq6Y2CF0,Ugw-r31sd7LhurVYLIB4AaABAg,Mast phone hai isi me video dekh raha hun 😂,0,2026-08-12T15:56:47Z
2026-10-03,P044,v1,FPfnq6Y2CF0,UgxGArKvKDzUKi4T10Z4AaABAg,Thank u so Mach I was planning to buy but now I will search any other good phone,0,2026-09-29T21:33:28Z
2026-10-03,P044,v1,FPfnq6Y2CF0,UgwWWt70za5Hd0YbFHh4AaABAg,Best phone over.,0,2026-06-23T03:04:23Z
2026-10-03,P044,v1,FPfnq6Y2CF0,UgzB7nQnFOeVE_RV1Bx4AaABAg,Bhai 70 fusion is best no problem 😊,2,2026-07-18T15:37:28Z
2026-10-03,P044,v1,FPfnq6Y2CF0,UgxACaH1C8XeESxOQGF4AaABAg,Bhai 120 Hertz refresh rate kardo fir bahut maza ayega phone chalane bahut fast chalta h,8,2026-04-30T19:13:46Z
2026-10-03,P044,v1,FPfnq6Y2CF0,Ugzix5VpAVM_orzKC0Z4AaABAg,"Gali dene vala button ------------->






3 mahine se use kar raha hu ladle",3,2026-09-11T17:06:51Z
2026-10-03,P044,v1,FPfnq6Y2CF0,Ugy4pZEQACexI5fcmiJ4AaABAg,Bas Yehi wala lena h ab 😊,0,2026-08-30T07:09:50Z
2026-10-03,P044,v1,FPfnq6Y2CF0,UgyfD7Hg44qQOJilMUJ4AaABAg,Same problem here with my mobile too,0,2026-07-19T14:42:37Z
2026-10-03,P044,v1,FPfnq6Y2CF0,UgxcrvOyncdAh5l5lLl4AaABAg,Mai khud 2.5 months se use kar rha hu koi dikkat nai hai  smooth chal rha hai,0,2026-05-04T06:55:42Z
2026-10-03,P044,v1,FPfnq6Y2CF0,UgyKejnCcWNpXwlytl94AaABAg,Purchased just 4 days before it's working perfectly,0,2026-09-16T20:10:08Z
2026-10-03,P044,v1,FPfnq6Y2CF0,UgyrsGqJYbHJmYkNLzV4AaABAg,"60hz rakoge tho, flickering ni hota. Yahi ek tarika h!!",4,2026-04-23T16:07:26Z
2026-10-03,P044,v1,FPfnq6Y2CF0,Ugw5ojwdnmuZEnUfo9J4AaABAg,Ek phone m problm h to sabhi phone m hoga jaruri nhi h,0,2026-05-12T07:38:53Z
2026-10-03,P044,v1,FPfnq6Y2CF0,Ugzyf_7AJSbC1LXEPJt4AaABAg,Hamara to nhi ho rha bhai,0,2026-06-01T14:45:38Z
2026-10-03,P044,v1,FPfnq6Y2CF0,UgzSzDBtox91Iq1-nKB4AaABAg,Best ever phone hai bhai usi phone se dekh rha hu😂😂😂😂😂🎉🎉🎉🎉🎉🎉🎉🎉🎉,0,2026-09-06T04:47:50Z
2026-10-03,P046,v1,ge0Tb-J98ak,UgxDtSSQvfY8IWdk0vp4AaABAg,Ye sab dekh ke iPhone value for money lagne laga 😂😂,502,2026-01-08T12:13:46Z
2026-10-03,P046,v1,ge0Tb-J98ak,UgxH9i5IJeHfns_z32h4AaABAg,Price ke hisab se justify karta hai kuch bhi😂,101,2026-01-08T09:15:39Z
2026-10-03,P046,v1,ge0Tb-J98ak,UgyfaNiiymhiCXpnzyt4AaABAg,ये तो पूरा ही बिक चुका है इतने ओवर प्राइस फोन को जस्टिफाई प्राइस कह रहा है 😂😂😂,197,2026-01-08T12:34:59Z
2026-10-03,P046,v1,ge0Tb-J98ak,UgzoUpHfTdPJOW7vUoB4AaABAg,Ye log bhi bik jata hai 😂😂,108,2026-01-08T09:10:12Z
2026-10-03,P046,v1,ge0Tb-J98ak,UgxmcBij7HjYLA5ah-t4AaABAg,Price mein hug Diya😅😅😅,1103,2026-01-08T07:44:48Z
2026-10-03,P046,v1,ge0Tb-J98ak,UgyXblytzbiqfYefYE94AaABAg,Redmi Series 🤡 Oppo Series 🔥🙌🏻,10,2026-01-08T16:05:24Z
2026-10-03,P046,v1,ge0Tb-J98ak,UgxJ2hZeZLvBmk11azV4AaABAg,Baap re baap Meri berozgari 😅,82,2026-01-08T07:35:25Z
2026-10-03,P046,v1,ge0Tb-J98ak,UgyW1Mex0ZMwbleWz6R4AaABAg,60k mai UFS 3.1 & dimensity 8450 😂,319,2026-01-08T08:51:02Z
2026-10-03,P046,v1,ge0Tb-J98ak,UgysWDm-7uy_ImdQo5h4AaABAg,50k m brother 7gen 4 ko defend kar rahe hai 😂😂,545,2026-01-08T07:58:57Z
2026-10-03,P046,v1,ge0Tb-J98ak,UgztwrCO5ySY3QKKbn14AaABAg,This time OPPO Reno series has nailed it...,5,2026-01-08T12:52:05Z
2026-10-03,P046,v1,ge0Tb-J98ak,Ugyjj9GhTM-zFoF_aZt4AaABAg,Ab To Yahi lag raha hai ki Bik gaye ho sir... Itna mahanga hone ke bad bhi aap kah rahe ho ki price ko justify kar raha hai😢 yah ummid kam se kam aapse Nahin thi,161,2026-01-08T07:57:08Z
2026-10-03,P046,v1,ge0Tb-J98ak,Ugz4ij8Qr3ORVz4jnBV4AaABAg,Mai abhi ek ghanta pehle leke aaya hun mini or abhi ussi se dekh raha hu thank you trakin tech wale bhaiya,7,2026-05-13T10:35:37Z
2026-10-03,P046,v1,ge0Tb-J98ak,Ugw4k1P10iqopmCPQFh4AaABAg,0:33 kuch bhi 💀,119,2026-01-08T08:07:20Z
2026-10-03,P046,v1,ge0Tb-J98ak,UgyiQhjBquaG1qeHGKZ4AaABAg,Trakin tech❌ Dalla✅,124,2026-01-08T11:23:32Z
2026-10-03,P046,v1,ge0Tb-J98ak,UgzO8AlPoNsuC0FgJmh4AaABAg,iPhone: Same Same But Different 😅😅😂,97,2026-01-08T07:58:55Z
2026-10-03,P046,v1,ge0Tb-J98ak,UgzUx22JMsXDCr318wF4AaABAg,Bahut jyada gira rhe hai Sir saaamaan 😂😂😂.,24,2026-01-08T08:45:25Z
2026-10-03,P046,v1,ge0Tb-J98ak,UgzhtxaxMpa8KbFBJpp4AaABAg,Aap ke mamle mein her ek phone best hai,11,2026-01-08T07:37:16Z
2026-10-03,P046,v1,ge0Tb-J98ak,UgwVa4I63l5DEed0-K14AaABAg,"0:01 Trakin Tech❌
           Ad in Tech✅",3,2026-01-08T11:13:37Z
2026-10-03,P046,v1,ge0Tb-J98ak,Ugw6yAiEyo0a4uKQq9F4AaABAg,Processor  mai hug diya 😂😂😂😂,91,2026-01-08T10:15:48Z
2026-10-03,P046,v1,ge0Tb-J98ak,UgybGsLmzf_mq0_I8-Z4AaABAg,Yeah banda kitna casually price ko defend kar ta rahta hai😅😅,6,2026-01-08T11:43:21Z
2026-10-03,P046,v1,ge0Tb-J98ak,UgwkKKJtJkQeqU6I_1N4AaABAg,Price bhi update kar di gai hai😅😅😅,29,2026-01-08T07:45:08Z
2026-10-03,P046,v1,ge0Tb-J98ak,UgwnHCet-vcP6tbhm9x4AaABAg,Oppo reno 15pro mini best phone🎉🎉,7,2026-01-08T11:42:21Z
2026-10-03,P046,v1,ge0Tb-J98ak,Ugzo1yjDgpTs8-S7Pzt4AaABAg,कोई भी यूट्यूबर pro मॉडल पे बात नहीं करेगा इनको मना किया गया है क्योंकि प्राइस ही इतना बड़ा दिया 😂,12,2026-01-08T07:40:26Z
2026-10-03,P046,v1,ge0Tb-J98ak,UgxIK2Rb-MJFa_1xGq54AaABAg,Update ke Baad Camera Toh Jayega Quality 🤡🤡,25,2026-01-08T08:59:30Z
2026-10-03,P046,v1,ge0Tb-J98ak,UgwTwmV647sIrNzGC-54AaABAg,Kuch log bol rahe the ki Realme 16 pro plus overprice hai processor price ke hisab se match nhi karta...,11,2026-01-08T08:18:49Z
2026-10-03,P046,v1,ge0Tb-J98ak,Ugxjt0BM0_azZ66K_8p4AaABAg,Isko leke i phone ka cover lga skte haj 😂❤❤,2,2026-01-09T04:48:54Z
2026-10-03,P046,v1,ge0Tb-J98ak,Ugy8BSILXBLG5fteaeF4AaABAg,Chalo ye bhi sponcer hai😂😂,62,2026-01-08T09:02:01Z
2026-10-03,P046,v1,ge0Tb-J98ak,UgzZ8sa3TxbDmOP8kCN4AaABAg,That 200MP camera is a game changer for mobile photography! 📸,0,2026-01-15T12:22:16Z
2026-10-03,P046,v1,ge0Tb-J98ak,UgytWkGsKHdhTcFvxH14AaABAg,"Badiya explanation, aasaan hua mobile choose karne, iam going for reno 15 pro mini, thank you 😊",0,2026-09-07T16:59:06Z
2026-10-03,P046,v1,ge0Tb-J98ak,Ugw8u_HVWrSu4SDlqH54AaABAg,Zen z yo ki fatt gai price dekh ke 😂😂😂,20,2026-01-08T07:50:40Z
2026-10-03,P046,v1,ge0Tb-J98ak,UgwL1yV7NAso3VMcp154AaABAg,Ek hi video main bhai se bharosa uth gaya 😂,0,2026-01-08T11:47:12Z
2026-10-03,P046,v1,ge0Tb-J98ak,Ugxf5l-p-3frxSNpp_F4AaABAg,Saans lete hi phone aa jata hai 😂😂,5,2026-01-08T08:05:37Z
2026-10-03,P046,v1,ge0Tb-J98ak,UgwqIYYJyH-Aldu8L2l4AaABAg,6:55 love these small corrections in video 👌🏻😁,0,2026-01-13T04:59:33Z
2026-10-03,P046,v1,ge0Tb-J98ak,UgynjCgbjmYUYWfQKaV4AaABAg,Oppo ne pura mobile industry me hag diya is bar😂,20,2026-01-08T13:19:35Z
2026-10-03,P046,v1,ge0Tb-J98ak,UgxncJYmafOpSlSIhgZ4AaABAg,"Trakin tech actually reno 13 to 15 no major upgrade, 🌝🌚",2,2026-01-08T09:02:56Z
2026-10-03,P046,v1,ge0Tb-J98ak,UgzAIYD38p2sfOzat9J4AaABAg,I am in love with the white chotu,3,2026-01-08T15:52:14Z
2026-10-03,P046,v1,ge0Tb-J98ak,UgyHCe9ITaDgD9_Rtap4AaABAg,"Shayad video banate samay thak gaye the 😂😅


Itna slow bolre ho... 😂",2,2026-01-08T14:19:43Z
2026-10-03,P046,v1,ge0Tb-J98ak,UgzAMJPn7cykuQrwIFJ4AaABAg,Kitne me bike ho sir 😅😅,33,2026-01-08T09:40:55Z
2026-10-03,P046,v1,ge0Tb-J98ak,UgxXl4t0aaY3GkoS9ON4AaABAg,Bahut bdiya phone hai isko phone of the year ka award dena best affordable phone of the year 😏😏😏,0,2026-01-09T12:38:35Z
2026-10-03,P046,v1,ge0Tb-J98ak,UgxsfqtevmoCH-491FJ4AaABAg,Oneplus phone ke price tab tak high lagte hain jab tak baki company phone launch nhi karte😅,14,2026-01-08T07:40:34Z
2026-10-03,P046,v1,ge0Tb-J98ak,UgzWLYYKka3M-Jnqm-14AaABAg,"Hello sir, you always give us a positive vibes 🎉❤",0,2026-02-18T04:52:01Z
2026-10-03,P046,v1,ge0Tb-J98ak,UgwmL1DGSiD7qah3T2N4AaABAg,Mere ko pata tha jab lauch hoga tabhi is channel par videos upload hoti h,4,2026-01-08T07:51:04Z
2026-10-03,P046,v1,ge0Tb-J98ak,UgwUt187kbk3SS__cAF4AaABAg,I got the pro mini ❤ it's super cute and I loved it❤,1,2026-05-16T10:23:39Z
2026-10-03,P046,v1,ge0Tb-J98ak,UgxFnOtEjNXscIk-fhB4AaABAg,"I have purchased  reno 14 about 2 months ago. But the reno 14 is working smoothly like butter . I am always been a samsung , lg blackberry and realme user but frst time I have used this phone I m really happy changed my mind switching to iphone , i think  oppo reno 14 and 15 cameras may beat the iphone 15 in video , so much detailing and vdo shot are in depth , m quite impressed with this phone ❤❤",4,2026-01-08T11:23:54Z
2026-10-03,P046,v1,ge0Tb-J98ak,Ugx9sjJ_EaDvOhZSGAF4AaABAg,Thank you for unboxing 🎉🎉,0,2026-01-08T11:52:34Z
2026-10-03,P046,v1,ge0Tb-J98ak,UgyBqEuagbP-uq7Ocml4AaABAg,vivo ❎ oppo ❎ realme ❎ redmi ❎ IQOO✅ & 🤝POCO ✅  nowadays 🥶🥶,9,2026-01-08T09:54:18Z
2026-10-03,P046,v1,ge0Tb-J98ak,UgyEB6UMquPtv57Ac7F4AaABAg,Timepass gang here😂😂,2,2026-01-08T15:33:19Z
2026-10-03,P046,v1,ge0Tb-J98ak,UgwkLgoMYxcN3V6f_954AaABAg,"Vivo V60 ka specification 😂😂 
VIVO me wesevi Zeiss ka collaboration v tha",6,2026-01-08T12:15:23Z
2026-10-03,P046,v1,ge0Tb-J98ak,Ugzziusmh4_wI_y15wx4AaABAg,Pushapa bhai be like : 1000 rs ka power dikh raha hain 😂,0,2026-01-08T08:50:01Z
2026-10-03,P046,v1,ge0Tb-J98ak,UgwDycP5IeXwYsJtIhZ4AaABAg,Hmne to le liya reno 14 pro ab bdte rahe price😂😂😂,11,2026-01-08T11:41:29Z
2026-10-03,P046,v1,ge0Tb-J98ak,UgynWOupjA2G18eQstl4AaABAg,"I think you have to improve the lights on top because the real colour is not visible on the back side of the mobile, when you rotate sometime then real colour shown and you need to improve some video output from your camera 📸 just a small suggestion ☝️👍",0,2026-01-08T19:35:19Z
2026-10-03,P046,v1,ge0Tb-J98ak,UgyLj943110vj0em4Gt4AaABAg,13:40 ku audiance ko fasate ho price pata hai fir bhi kam batate ho 😡,8,2026-01-08T07:52:47Z
2026-10-03,P046,v1,ge0Tb-J98ak,Ugwo7CvWZCptJ45bDeV4AaABAg,Ye sab dekh ke to ab i phone hi Lena padega 😂,0,2026-01-09T16:30:12Z
2026-10-03,P046,v1,ge0Tb-J98ak,Ugy8Dgg37tdIrJ9tWkh4AaABAg,Main mere renu 14 main hi khush hoon 12gb and 512gb wala varient liya tha 40k main.... September main liya thaa jabrdast phone hain,11,2026-01-08T08:10:06Z
2026-10-03,P046,v1,ge0Tb-J98ak,Ugx8mD2A9cJyCKDYqMd4AaABAg,Lagta hai app ka colab hai😂,0,2026-01-08T08:37:28Z
2026-10-03,P046,v1,ge0Tb-J98ak,Ugw08eWZkswe_qcWrT14AaABAg,7 gen 4 & UFS 3.1 Was a joke in this price range 😂,3,2026-01-08T16:22:54Z
2026-10-03,P046,v1,ge0Tb-J98ak,UgxqcTxUH9OvPKSmlJd4AaABAg,Oppo be like : humne design chori nahin kiya humne toh just guruji se inspiration liya hai🤡,0,2026-01-16T02:08:33Z
2026-10-03,P046,v1,ge0Tb-J98ak,UgwlydjaTBTeJPdmLF94AaABAg,"Price is too high😂😂

Jyada better new launch me Redmi Note 15 5G hai ❤",3,2026-01-08T14:40:22Z
2026-10-03,P046,v1,ge0Tb-J98ak,UgzV_y4kGnhTeDMa8DZ4AaABAg,Me to iske video comedy ke liye dekhta hu. Ye bahut biased hota ha,19,2026-01-08T07:43:03Z
2026-10-03,P046,v1,ge0Tb-J98ak,UgyihYVTsAgWfeVNHcB4AaABAg,Wooooow,1,2026-01-08T10:38:18Z
2026-10-03,P046,v1,ge0Tb-J98ak,UgzHzsRg6Jd8ANMMQQ14AaABAg,"Under 60k UFS3.1 , 8450  kya mjak h ye",11,2026-01-08T09:58:34Z
2026-10-03,P046,v1,ge0Tb-J98ak,UgznJXx8AxPXWXPIeqF4AaABAg,Video Achhi Lagti Hai Tumhara  Video 😊,0,2026-01-20T16:16:41Z
2026-10-03,P046,v1,ge0Tb-J98ak,UgwGsCFT5RSZqhZkazt4AaABAg,infinx ka new phone आया😊,9,2026-01-08T07:34:17Z
2026-10-03,P046,v1,ge0Tb-J98ak,UgzPyXooILi2FSqGlOV4AaABAg,Lagta hai aaj ghar me paneer banega 😁,0,2026-01-10T15:42:35Z
2026-10-03,P046,v1,ge0Tb-J98ak,UgyzUrh2cibYnedfNVZ4AaABAg,"Bhai ye kyu nahi bolte ki,dosto no major upgrade to leneki koi jarurat nahi hai 25k me reno13 is best hai😂😂🔥🙂",8,2026-01-08T09:03:47Z
2026-10-03,P046,v1,ge0Tb-J98ak,Ugyccb-NhEcwi7e6XCl4AaABAg,Mini looks good 👍,0,2026-01-08T09:12:59Z
2026-10-03,P046,v1,ge0Tb-J98ak,UgzJo3oxGRjPtA1jKGF4AaABAg,6:53 UFS 3.1 😂😂😂😂,11,2026-01-08T18:01:02Z
2026-10-03,P046,v1,ge0Tb-J98ak,Ugw4OQm6U73p_ReGTkJ4AaABAg,Very nice love you bro ❤❤❤❤❤❤❤❤❤❤❤❤,0,2026-01-14T11:24:45Z
2026-10-03,P046,v1,ge0Tb-J98ak,UgzA-lAXDPGYOO0emNt4AaABAg,Prise itna Kam hai ki mai sarma gya,3,2026-01-09T14:32:06Z
2026-10-03,P046,v1,ge0Tb-J98ak,UgwLNFEjhx-OxcTWC8Z4AaABAg,Nice unboxing 🎉,0,2026-01-08T17:35:00Z
2026-10-03,P046,v1,ge0Tb-J98ak,UgxJkLv4UayqIo4FaYx4AaABAg,Bc 70k for pro once reno pro series is in in between 35-40k just 2-3 yrs ago ! The price hike from 30-70k is not acceptable,4,2026-01-08T14:32:21Z
2026-10-03,P046,v1,ge0Tb-J98ak,UgxE7cfu2kXJO8K_Z-V4AaABAg,"wow new मोबाईल 
चलो देख लेते है और भूल जाते है",0,2026-01-24T05:24:13Z
2026-10-03,P046,v1,ge0Tb-J98ak,Ugzmpto8fv0LQetohq94AaABAg,GOAT PHONE FROM OPPO💀💀💀💀💀,8,2026-01-08T07:37:17Z
2026-10-03,P046,v1,ge0Tb-J98ak,Ugz3f5NPi_QiG8QR5vh4AaABAg,"what i like here is consistency. dimensity 8450 is known to hold performance steady, so fewer frame drops while scrolling or switching apps",0,2026-04-23T05:29:19Z
2026-10-03,P046,v1,ge0Tb-J98ak,Ugz1LDZdbrmLdAuPef14AaABAg,Me ek advice dunga plese me bolunga agar kisiko lena hai esma base varent to uske jagha 1plus13R le lena mast rahega all rounder,4,2026-01-08T13:59:43Z
2026-10-03,P046,v1,ge0Tb-J98ak,Ugw9sj91nN6eYBgSZut4AaABAg,Design is so so similar man I mean they just looks like utha liya h udhar se 😆,0,2026-01-13T05:01:14Z
2026-10-03,P046,v1,ge0Tb-J98ak,Ugw5-dzsqZGRK5vOUZV4AaABAg,14:56  ye pahle bol deta bhai to time bach jata 😂,11,2026-01-08T15:32:19Z
2026-10-03,P046,v1,ge0Tb-J98ak,Ugy6UqYcXy7093JQWVt4AaABAg,"Apki bath sun ke Vivo V29pro buy kiya ,,, but battery 🔋 service very Bad for daily life 😢",1,2026-01-08T17:11:17Z
2026-10-03,P046,v1,ge0Tb-J98ak,UgyeGaLjDD6F8AS8USh4AaABAg,Not buying only seeing 😅,10,2026-01-08T07:35:20Z
2026-10-03,P046,v1,ge0Tb-J98ak,UgxntPJFfPWAw5vokQN4AaABAg,Price ke according performance bhi toh do oppo 😂😂,2,2026-01-09T16:37:29Z
2026-10-03,P046,v1,ge0Tb-J98ak,Ugwd6Hn0Dmj2pDHd6i94AaABAg,1:53 wah kya acting hai,7,2026-01-08T07:40:04Z
2026-10-03,P046,v1,ge0Tb-J98ak,UgyZMqS4Jtzf92Tug914AaABAg,2026 duniya khatam ❌ 2026 me chacha khatam ✅ 😂😂,0,2026-01-08T09:40:02Z
2026-10-03,P046,v1,ge0Tb-J98ak,Ugw4zZjk6ZGVP1U9o9x4AaABAg,Camera Bhi Downgrade Kardete Hai Update ke baad 🤡🤡🤡🤡,21,2026-01-08T09:05:59Z
2026-10-03,P046,v1,ge0Tb-J98ak,UgzMVkXmqj4QVgT0l0V4AaABAg,Sensacional esse aparelho tops 👏👏,1,2026-01-08T15:44:28Z
2026-10-03,P046,v1,ge0Tb-J98ak,UgwcFvJ9IdMU_CQ2m6t4AaABAg,3:00 iphone 😅,3,2026-01-08T13:25:04Z
2026-10-03,P046,v1,ge0Tb-J98ak,UgyVGjfFbo7ROpWAlD94AaABAg,Great News 👍,0,2026-01-28T10:01:14Z
2026-10-03,P046,v1,ge0Tb-J98ak,UgyRQL2-oOZrxcK6DqJ4AaABAg,"Prices are too high (Oppo Website)
Reno 15 : Rs. 46,000
Reno 15 Pro Mini : Rs. 60,000
Reno 15 Pro : Rs. 68,000",5,2026-01-08T11:28:37Z
2026-10-03,P046,v1,ge0Tb-J98ak,UgwA5rNXXrKd1OoCavt4AaABAg,Bhai ko bhi apna ghar chalana he yaar ..... To tareef to karna padegi...😂😂😂,0,2026-01-08T13:12:58Z
2026-10-03,P046,v1,ge0Tb-J98ak,UgxQwZU_pdssadxs8u54AaABAg,14:35 processor hai na arun sir atleast 8350 toh hona chahiye tha,7,2026-01-08T11:40:42Z
2026-10-03,P046,v1,ge0Tb-J98ak,UgwjZBpFZIebbl4dsPp4AaABAg,Best reno series,1,2026-01-11T17:03:15Z
2026-10-03,P046,v1,ge0Tb-J98ak,UgzpmeSwo1N8V0DCGFl4AaABAg,Isa se accha to iphone le lo 😂,4,2026-01-08T16:02:49Z
2026-10-03,P046,v1,ge0Tb-J98ak,UgwXQ3gFeH8-F_11Z214AaABAg,अच्छा हुआ RENEO 14 PRO ले लिया 🎉,0,2026-01-10T06:26:07Z
2026-10-03,P046,v1,ge0Tb-J98ak,Ugzjee9b4zoiVO4h5Z54AaABAg,Le liya Aaj hi 😂,4,2026-01-12T14:47:58Z
2026-10-03,P046,v1,ge0Tb-J98ak,UgxVN5cyvCdHZQm_kfh4AaABAg,00:42 Performance Seriously Bhai😅😂,0,2026-01-08T16:33:16Z
2026-10-03,P046,v1,ge0Tb-J98ak,UgwYlDk2awtbTeYyagp4AaABAg,Best phone Camera phone under 25 konsa hai,5,2026-01-08T07:35:55Z
2026-10-03,P046,v1,ge0Tb-J98ak,UgxApc8tTSIfjkAQkiR4AaABAg,Jitna bhi cool features rehte hai 2nd update ane tak sahi rehta hai,0,2026-01-08T13:41:07Z
2026-10-03,P046,v1,ge0Tb-J98ak,Ugz2ITSKci5jsiqyU9J4AaABAg,Yah sab Dekhte Hue tabhi to iPhone walo ne price Badha Diya 😂😎,0,2026-09-28T07:49:31Z
2026-10-03,P046,v1,ge0Tb-J98ak,UgwUhwBfiysEze6TB7h4AaABAg,iPhone is brand 😍,0,2026-01-09T09:17:03Z
2026-10-03,P046,v1,ge0Tb-J98ak,Ugxm-5-2KUh20Q-CRNZ4AaABAg,Itne m to iphone hi lelunga 😂,1,2026-01-08T10:15:43Z
2026-10-03,P046,v1,ge0Tb-J98ak,UgwOIXKjBKOW7_ZVW614AaABAg,"Hlo sir apke video kafi follow karta hu,,,, ek,, baat  puch ni h ap se,,,, ap hamesha,,,, video, studio, m banate ho,,, photo bhi klik karte ho,    kabhi bhi ap pic oor video night ko kyu nhi karte acha phone tabhi ,,,, kamiyab jo raat ko pics achi se bahut achi de video night ko oor bhi badiya,,,, dekhe,,,, mere dosto ne phone lena h",0,2026-02-27T18:21:39Z
2026-10-03,P046,v1,73O_Saj0Law,UgzY-iKLg-jPfStHvXh4AaABAg,Bina paise ke dekhne vale kon kon hai 😂😂😂😂,348,2026-01-15T19:56:16Z
2026-10-03,P046,v1,73O_Saj0Law,UgwCMHEb2nch-4qOUSN4AaABAg,"2021 se phone lunga lunga boll ke 4,  5, shaal ho gye lekin nhi le paya            😢.                   😂",94,2026-01-08T10:08:33Z
2026-10-03,P046,v1,73O_Saj0Law,UgyLn21i6MT_MkG9gEZ4AaABAg,I just Recently bought realme 14 pro plus and  Mannu Bhai ne jo bolatha iss phone ke bare mei wo sab proved ho gya aur mid range mei ye best phone hei camera ke liye mere hisab se (26k)❤❤😊😊,15,2026-01-08T09:49:30Z
2026-10-03,P046,v1,73O_Saj0Law,UgyEXz407qLROk_v2354AaABAg,Tohra Raja Ji Ke Dinawa Tut Jai 😂 😂,52,2026-01-08T17:22:41Z
2026-10-03,P046,v1,73O_Saj0Law,Ugy2K-Zrw2c8ciH3ukB4AaABAg,"Bina paise ke mai dekhte dekhte 2026 mai pahunch gya ,🙄😅",48,2026-01-29T00:15:50Z
2026-10-03,P046,v1,73O_Saj0Law,UgxgRkZiQ4SqNohSD-R4AaABAg,Fon pasand hai lekin price pasand nhi hai😂😂,62,2026-01-08T10:18:20Z
2026-10-03,P046,v1,73O_Saj0Law,Ugwf17s162W3-EshbZB4AaABAg,"4:44 Compact phone ya midium size k phone dekhne me ache lagte Hain, bade phones (S25 ulta and iPhone Pro Max) wali size k mukable. 💯💯🙂",9,2026-01-08T10:37:18Z
2026-10-03,P046,v1,73O_Saj0Law,UgxFboOM8KPCWTOiuN54AaABAg,Video Dekhnekeliye Waiting Me Thaa,7,2026-01-08T07:35:14Z
2026-10-03,P046,v1,73O_Saj0Law,UgzzzjA1tOP31B6dND14AaABAg,"wow....!!! new मोबाईल 
चलो देख लेते है और भूल जाते है😂😅",8,2026-01-24T05:22:34Z
2026-10-03,P046,v1,73O_Saj0Law,UgxgTVJlHiJbb2Xfb4B4AaABAg,Was epic 6:49  Jyada gana bajao copyright maar denge 😂😂,5,2026-01-09T01:20:26Z
2026-10-03,P046,v1,73O_Saj0Law,UgwNnYZB6NDCsGZpztJ4AaABAg,Manoj bhai apna bhai,6,2026-01-08T07:27:45Z
2026-10-03,P046,v1,73O_Saj0Law,Ugy5tE6fsKHoaQOlJEB4AaABAg,"Thank you so much 🙏
I’m happy that my video is suggested with your video.",0,2026-01-18T02:38:00Z
2026-10-03,P046,v1,73O_Saj0Law,UgwXQ1woSlvS_7bqJGt4AaABAg,My favourite seriews😊,7,2026-01-08T07:27:19Z
2026-10-03,P046,v1,73O_Saj0Law,Ugz6g78jzC5HIC-wI_B4AaABAg,"Bhai iPhone 15 pro vs oppo reno 15 pro mini piz bhai 😢 I'm still confused 🤔 konsa buy karuu.... ❤
Love from West Bengal 😍",0,2026-10-03T12:57:09Z
2026-10-03,P046,v1,73O_Saj0Law,UgxFhp-EG0UthYgzg2V4AaABAg,0:35 those who always support monaj saru🔥🔥🔥🔥🔥🔥🔥🔥🔥🔥,4,2026-01-08T13:55:50Z
2026-10-03,P046,v1,73O_Saj0Law,UgyYL8b_mGiiR_inCl94AaABAg,Finally compact phone 📱 lounch 😊,1,2026-01-11T08:59:38Z
2026-10-03,P046,v1,73O_Saj0Law,UgzjzqkImDWQZXItvZt4AaABAg,6:40 pawan singh song 😅❤❤❤❤ love 💕,3,2026-01-13T15:55:16Z
2026-10-03,P046,v1,73O_Saj0Law,Ugz6Cnvv7M8dHJTE1Fd4AaABAg,"Last comment, because iam expecting this smartphone",0,2026-01-08T07:31:54Z
2026-10-03,P046,v1,73O_Saj0Law,UgzzGo7Rgv4Tp2opVLB4AaABAg,0:13 Kiya intro hai ❤❤❤,28,2026-01-08T07:34:25Z
2026-10-03,P046,v1,73O_Saj0Law,UgxmzmRyh1VJUkphj8Z4AaABAg,One of the best looking phone ever made above all brands by OPPO the best the stylish love it,1,2026-04-04T20:05:56Z
2026-10-03,P046,v1,73O_Saj0Law,Ugy0NfB9WbqE6E2oY0Z4AaABAg,"I'm  first bro
Hahahaha 😂😂
Aj jake first aaya hu",9,2026-01-08T07:26:30Z
2026-10-03,P046,v1,73O_Saj0Law,Ugwl5gysRgjCDokx5o54AaABAg,Nice video sir ❤😊,1,2026-01-08T08:28:30Z
2026-10-03,P046,v1,73O_Saj0Law,UgxWGugYHFR4Y_T51jR4AaABAg,Aaj ghar mein Biryani banegi 😂,4,2026-01-20T13:33:08Z
2026-10-03,P046,v1,73O_Saj0Law,UgzWsEt63GgLRtN9hiZ4AaABAg,Lunch time and manog saru video opp Combination ❤,0,2026-01-08T07:40:02Z
2026-10-03,P046,v1,73O_Saj0Law,UgyTHuC-AQr_aKab-rZ4AaABAg,खुदकी लेने का अलग ही कला हे 😅😅😅😅😅😅,3,2026-03-02T07:27:41Z
2026-10-03,P046,v1,73O_Saj0Law,UgyY394-wQN_D4_-t0V4AaABAg,Real creator bro 😎❤,0,2026-01-14T12:04:17Z
2026-10-03,P046,v1,73O_Saj0Law,UgzssbdOvESB81S1reZ4AaABAg,Kon kon present me dekh raha hai 😂,10,2026-01-08T07:32:16Z
2026-10-03,P046,v1,73O_Saj0Law,UgyIyTapmItiK45hrKd4AaABAg,Song ka hamla achanak se hua 😂 ❤,1,2026-04-02T15:02:01Z
2026-10-03,P046,v1,73O_Saj0Law,UgxyWad0ICaqb1aHXvp4AaABAg,Jaib me Paisa na hone ke baad b dekhne ka ghamand h,3,2026-01-23T06:34:33Z
2026-10-03,P046,v1,73O_Saj0Law,UgyGEBlCoMhi8E8ukDF4AaABAg,"I was waiting for your review,since 3 months😊",0,2026-01-08T10:59:02Z
2026-10-03,P046,v1,73O_Saj0Law,UgzgJ4ZxXNjP4x5lWlF4AaABAg,Hum tho YHI phone se video dek rhe hai❤,5,2026-01-22T06:40:39Z
2026-10-03,P046,v1,73O_Saj0Law,UgzpT22SMEG06jeFx8x4AaABAg,Aapki video ka wait kr raha hu me 1month se 😂,1,2026-01-08T10:55:37Z
2026-10-03,P046,v1,73O_Saj0Law,UgyNXoVmv7btB0q9AnR4AaABAg,OPPO Reno15 & 15 Pro Mini Unboxing & Test - Compact Size with 200MP Camera,22,2026-01-08T12:38:36Z
2026-10-03,P046,v1,73O_Saj0Law,Ugye45vwdYnk_-dn9bd4AaABAg,I AM present ✨🌟,0,2026-08-22T15:27:21Z
2026-10-03,P046,v1,73O_Saj0Law,Ugwffy7PAzIgxNS2o654AaABAg,WOW...........❤❤,1,2026-01-08T07:59:54Z
2026-10-03,P046,v1,73O_Saj0Law,UgwTi9o5OCVfyQquiT14AaABAg,Copyright se har kisi ki phat ti hai😂😂😂,5,2026-02-01T09:41:24Z
2026-10-03,P046,v1,73O_Saj0Law,UgxfsjClC3J4ckubhtJ4AaABAg,First view,0,2026-01-08T07:28:06Z
2026-10-03,P046,v1,73O_Saj0Law,UgwAZ7MBwKT5JDjkQAJ4AaABAg,Price mein hug Diya😅😅,149,2026-01-08T07:46:32Z
2026-10-03,P046,v1,73O_Saj0Law,UgzzTpTeAxFA-1Qo97B4AaABAg,Bohut atcha laga ❤❤❤ I am buying oppo Reno 15pro I love this mobile,0,2026-02-20T17:44:23Z
2026-10-03,P046,v1,73O_Saj0Law,UgwxzhrA9H4MJA-WTuN4AaABAg,I am watching the video with 10 rupees in my pocket 😂😂,7,2026-01-08T07:38:51Z
2026-10-03,P046,v1,73O_Saj0Law,UgxMzCttKiZRjE40dix4AaABAg,Me pehle dekha ❤,0,2026-01-08T07:30:37Z
2026-10-03,P046,v1,73O_Saj0Law,UgxewI8BjXG4_fdCURB4AaABAg,Bhai ki vedio dekh kr mene 8 months me 4 phone badal liye 😅😂😂,6,2026-01-08T10:24:18Z
2026-10-03,P046,v1,73O_Saj0Law,UgyGTeoHlra7NIt3Nl14AaABAg,Mast👍🏻,0,2026-03-12T10:15:41Z
2026-10-03,P046,v1,73O_Saj0Law,UgwqsvzPuoy9iKSWDlZ4AaABAg,7:51 Khud Ki Lene ki kala sirf Manoj bhai ke pass hai 😂😂,6,2026-01-08T10:48:04Z
2026-10-03,P046,v1,73O_Saj0Law,UgyFCChJzYjIo6e_-514AaABAg,Are Mai to kab se  intjar kar Raha tha ki Manoj Bhai oppo Reno 15 unboxing ka video daloge 😂😂🎉 2:08,1,2026-01-08T14:04:19Z
2026-10-03,P046,v1,73O_Saj0Law,UgyBXf4TRA3ZmJThlkp4AaABAg,Thanks for supporting next target 🎯 200 ❤❤,4,2026-01-10T09:28:24Z
2026-10-03,P046,v1,73O_Saj0Law,UgwuX1cXbQb29RheinV4AaABAg,Nice❤❤❤❤❤ video bahut achha lga❤❤❤❤,0,2026-01-08T07:36:24Z
2026-10-03,P046,v1,73O_Saj0Law,Ugz3-esgw8f21LGqCFV4AaABAg,Bs aaj s23 se dekh rhe hai kal 15 pro mini se dekhenge❤😊,3,2026-02-02T03:57:33Z
2026-10-03,P046,v1,73O_Saj0Law,UgxhT_c6eBFkWEQKF-V4AaABAg,Le liya saru bhai 🎉,0,2026-06-18T12:16:19Z
2026-10-03,P046,v1,73O_Saj0Law,Ugx8pZ3zFLqkuB0JIyx4AaABAg,7:52 bhai control 😂,16,2026-01-08T07:36:29Z
2026-10-03,P046,v1,73O_Saj0Law,Ugw4J_nGybrqrcHmjyN4AaABAg,Yesterday i bought reno 15 pro mini and i love it ❤,0,2026-01-14T07:56:34Z
2026-10-03,P046,v1,73O_Saj0Law,UgwgPAVFZP9RpbJGvhV4AaABAg,Bhai budget 1500 under mai video banao,7,2026-01-08T13:16:56Z
2026-10-03,P046,v1,73O_Saj0Law,Ugxk2RvhEIkyxCxTovt4AaABAg,Happy birthday day bhai❤❤🎉🎉🎉,0,2026-01-09T17:25:45Z
2026-10-03,P046,v1,73O_Saj0Law,UgwgmZ-lbSFBwa-V_6R4AaABAg,Realme p3 ultra user's 🗿,6,2026-01-08T11:51:57Z
2026-10-03,P046,v1,73O_Saj0Law,UgzQOtBoKH0src7ILfd4AaABAg,Bhai nay bhojpuri song baja diya manay kaha tha too thanks Manoj Bhai 🎉,1,2026-01-08T08:22:28Z
2026-10-03,P046,v1,73O_Saj0Law,Ugzk0kUACO8tTIpzdQ54AaABAg,Kon kon 2026 main dekh rha hai meri tarah ❤,8,2026-01-08T08:03:11Z
2026-10-03,P046,v1,73O_Saj0Law,UgwzH9kFrCetFJ4IX-F4AaABAg,Nice video,0,2026-01-08T08:14:44Z
2026-10-03,P046,v1,73O_Saj0Law,UgzmIDu9YySzxwFBJcx4AaABAg,Kaun kaun dusro ko suggest karne ke liye dekhta hai😅,7,2026-01-08T10:03:33Z
2026-10-03,P046,v1,73O_Saj0Law,Ugy6h2TvHpULN_fv5AN4AaABAg,Nice video ❤❤❤❤,0,2026-01-08T07:45:01Z
2026-10-03,P046,v1,73O_Saj0Law,UgyQrF_1IgTiPSO_SNl4AaABAg,Manu Bhai poco M8 pro Kan aayega please 1:15,3,2026-01-08T09:21:10Z
2026-10-03,P046,v1,73O_Saj0Law,Ugys7eSoPmlRq-31KUx4AaABAg,Oppo Reno 15 😮🎉,1,2026-01-16T16:37:09Z
2026-10-03,P046,v1,73O_Saj0Law,Ugye6Oxn9ddxzmqpUG14AaABAg,Kis kis ko reno 15❤ pasand AAYA,17,2026-01-10T12:22:57Z
2026-10-03,P046,v1,73O_Saj0Law,UgxQaAFjaXMQPAM6vEh4AaABAg,Bhai big fan 😊,0,2026-01-08T07:30:11Z
2026-10-03,P046,v1,73O_Saj0Law,UgzOotPIcR1AS-SGA-h4AaABAg,Manoj Bhai ❎ Apna Bhai ✅ 0:52,4,2026-01-08T07:34:57Z
2026-10-03,P046,v1,73O_Saj0Law,UgwfNz691F0xgoeTsVJ4AaABAg,Weekend se wait kar raha hu iss phone ka,0,2026-01-08T07:42:13Z
2026-10-03,P046,v1,73O_Saj0Law,UgyB76v9VS3-rVSV1ZF4AaABAg,2:32 😂lphone 15pro max😂😂😂😂😂😂,4,2026-01-08T11:32:03Z
2026-10-03,P046,v1,73O_Saj0Law,UgwqcKuIYxT67kkVfqR4AaABAg,La jawab hai bhai  ❤😊😮 mene liya hai,0,2026-02-22T18:15:51Z
2026-10-03,P046,v1,73O_Saj0Law,UgztQgosXiFeuWYs8bd4AaABAg,Price me kuch jyada hi hag diya😂😂,7,2026-01-08T08:26:51Z
2026-10-03,P046,v1,73O_Saj0Law,UgwQC3l44yIrKW0lj9B4AaABAg,Bro tu  to ek no1 ka gamer he,0,2026-01-08T08:43:09Z
2026-10-03,P046,v1,73O_Saj0Law,UgxPG5TogZljnqpNSfl4AaABAg,"Price में ही इंप्रूव हुआ है फीचर में नहीं 
Price like flagship but feature like mid range",5,2026-01-08T10:09:33Z
2026-10-03,P046,v1,73O_Saj0Law,UgwSxRLbTcvg5XY9Ced4AaABAg,Song mast baja diye bhai 😅😊,0,2026-01-08T11:06:15Z
2026-10-03,P046,v1,73O_Saj0Law,UgzYN9A_Un0Hs0i7LVF4AaABAg,लेकिन मैं तो गरीब हूं 😂😂😂😂😢😢,5,2026-01-23T15:08:05Z
2026-10-03,P046,v1,73O_Saj0Law,UgwKwukJ7636nP83CH54AaABAg,I am so excited ❤❤,0,2026-01-08T07:43:55Z
2026-10-03,P046,v1,73O_Saj0Law,UgxX2SR3DMcxmZ_TwrV4AaABAg,Legends here without money 💰 🗿,13,2026-01-08T07:28:56Z
2026-10-03,P046,v1,73O_Saj0Law,UgzRMjrsHoLvuhlfVG54AaABAg,Bhai ap is video me handsome lagrhe ho yarr 🎉🎉😊,0,2026-01-13T13:07:39Z
2026-10-03,P046,v1,73O_Saj0Law,UgwyGrMsfb-CsXOQWgt4AaABAg,"iPhone ka judwa bhai 😅
Mante hoo naa .......😂",6,2026-01-08T10:52:49Z
2026-10-03,P046,v1,73O_Saj0Law,Ugx8q2IG2Vt-ZtZYazx4AaABAg,Aj kharid liya me❤❤,0,2026-03-16T16:01:09Z
2026-10-03,P046,v1,73O_Saj0Law,Ugw_Y6rlSDuV6JoSUEl4AaABAg,Diwali tak 45000 se 30000 aa jayga 😂😂,11,2026-01-09T07:10:54Z
2026-10-03,P046,v1,73O_Saj0Law,UgyxAm3ZFgFzEyAyUR54AaABAg,Trp king pawan singh bhaiya 6:34,3,2026-01-08T15:00:37Z
2026-10-03,P046,v1,73O_Saj0Law,UgwwvgwAotKcMKwcqBZ4AaABAg,Niche 🎉,0,2026-08-12T04:51:14Z
2026-10-03,P046,v1,73O_Saj0Law,Ugw4cBQgINnS8TMmWuh4AaABAg,Manoj bhai please mujhe pin Karen aur Vivo t4 ultra per video banaen❤,10,2026-01-08T07:26:37Z
2026-10-03,P046,v1,73O_Saj0Law,UgzfW_fiHMpFE_oRQGF4AaABAg,Big fan brother 🎉,0,2026-01-08T07:30:32Z
2026-10-03,P046,v1,73O_Saj0Law,Ugyk6sd5fn8br80TZwR4AaABAg,Oppo doing good since 2-3 year 🫡🎉,5,2026-01-08T08:26:08Z
2026-10-03,P046,v1,73O_Saj0Law,UgxDMDVVm4i0kUWY3594AaABAg,Mast hai fire🔥🔥🔥🔥,0,2026-01-11T05:31:59Z
2026-10-03,P046,v1,73O_Saj0Law,UgwZDevEZbn3kCpZNc54AaABAg,Snapdragon 7gen4 in under 60k🤡,5,2026-01-08T09:29:00Z
2026-10-03,P046,v1,73O_Saj0Law,UgxOL2Z0QtUSvZ5IaPB4AaABAg,Song  shi choose Kiya tha ❤,0,2026-01-09T16:05:10Z
2026-10-03,P046,v1,73O_Saj0Law,UgxL87lEJTIupWB3DjR4AaABAg,AAJ MERA BIRTHDAY H SO KOI MUJHE WISH KR SKTE HO😌,12,2026-01-08T07:39:28Z
2026-10-03,P046,v1,73O_Saj0Law,UgwSYnALV1NE0zOndnN4AaABAg,Love you bro 😂😂❤❤,0,2026-01-08T07:30:26Z
2026-10-03,P046,v1,73O_Saj0Law,UgwygMfNcQ2X1fGMBGF4AaABAg,Oppo reno 15 pro mini ka price 50k under hota to bahat achha hota,4,2026-01-10T12:46:42Z
2026-10-03,P046,v1,73O_Saj0Law,Ugy-ZmrKMqgtTwgrvw94AaABAg,Woo ❤,0,2026-01-08T19:06:25Z
2026-10-03,P046,v1,73O_Saj0Law,Ugzu80UfkelE8W_fSvp4AaABAg,Es comment per kam se kam ek like hona chahie😅,4,2026-01-08T07:30:11Z
2026-10-03,P046,v1,73O_Saj0Law,UgwG3kU26zPI9eivhBl4AaABAg,I love the oppo reno 15 pro model wow only wow 🎉😅 kya jabardast hein,0,2026-01-11T16:10:43Z
2026-10-03,P046,v1,73O_Saj0Law,UgyNP-b9i8XGGFNO-dd4AaABAg,"""Sir, I am an Indian Railways content creator, and I recently purchased the Oppo Reno 15 series to ensure excellent camera stabilization and quality for my videos. 🎥🛤️

However, I made a major mistake during unboxing—I accidentally inserted the SIM ejector pin into the microphone hole. 🤦‍♂️ After this purchase, I am feeling very regretful and worried. Has this single mistake completely destroyed the phone's waterproofing? 💧🚫

What is your suggestion regarding this? Please do reply, as I am quite stressed about it! Keep up the great work! 🔥⚡""",3,2026-04-16T03:30:10Z
2026-10-03,P046,v1,73O_Saj0Law,UgwRA_F6e3p5N2dwxBt4AaABAg,6:43 ❤❤,2,2026-01-19T01:25:55Z
2026-10-03,P046,v1,73O_Saj0Law,UgxZFtXyztJrY0bZgXZ4AaABAg,Thank for 538 subscriber❤❤,7,2026-01-08T07:30:20Z
2026-10-03,P046,v1,73O_Saj0Law,UgzovS7WV0cHNFe82eB4AaABAg,Manoj saru bhai ke liye ek like ❤,1,2026-01-08T07:36:32Z
2026-10-03,P046,v1,73O_Saj0Law,UgwOdcK3CoGp9zpPG6J4AaABAg,Good👍,0,2026-09-21T16:36:55Z
2026-10-03,P046,v1,73O_Saj0Law,UgwmIfKuT6XZkqRXFEx4AaABAg,Nice 🎉🎉,0,2026-01-08T07:29:47Z
2026-10-03,P046,v1,73O_Saj0Law,UgyvO3NDeadDPtcrVYt4AaABAg,Watching from oppo reno 15pro ❤,1,2026-05-16T06:17:31Z
2026-10-03,P046,v1,73O_Saj0Law,UgwLjIPHCdUu4Uaf2sd4AaABAg,Bahut hi achha laga nice phone ❤❤❤,0,2026-01-14T11:14:07Z
2026-10-03,P046,v1,-H2H4KTJpRY,Ugx4CWjkZxVv76Dm80Z4AaABAg,Yahi phone se  tumhara video dekh rha hu,174,2026-04-01T15:10:10Z
2026-10-03,P046,v1,-H2H4KTJpRY,UgwUsVFoIGRKr-1drbN4AaABAg,Jispe paise nahi hote wahi bolte ha badhiya nahi ha 🧐,80,2026-03-23T16:59:27Z
2026-10-03,P046,v1,-H2H4KTJpRY,Ugw92NvgjfB41tSyiXF4AaABAg,"I got this phone 37k 
Normal discount 9k",55,2026-03-06T09:58:49Z
2026-10-03,P046,v1,-H2H4KTJpRY,UgzcUEap4j6yJ255MIB4AaABAg,Mera to bahut achha h iphone 16 ko fell kar chuka h bhai jise lena h lelo,33,2026-04-03T18:12:50Z
2026-10-03,P046,v1,-H2H4KTJpRY,Ugy_sKlfrQkXXqYjUyZ4AaABAg,Bro meko yeh phone liye 1 month hua hai or abhi tak mene jitne bhi phones chale hai jese i phone and etc but sabse best oppo reno 15 hai i like it or iske conparism main abhi tak isse best phone mujhe nhi mila or koi bhi ese lena chatah hai toh bro highly recommended bro ❤❤,8,2026-05-28T06:36:18Z
2026-10-03,P046,v1,-H2H4KTJpRY,Ugy4bCX-oNqHX7AbBoJ4AaABAg,Best phone he.90fps gaming support krta h and 120fps doosre moba pr,10,2026-03-26T21:17:29Z
2026-10-03,P046,v1,-H2H4KTJpRY,UgwE35XAg_C_nTFVimF4AaABAg,"Oppe reno 15pro mini se aapka video dekh rha h 
Top h top",15,2026-06-14T10:46:55Z
2026-10-03,P046,v1,-H2H4KTJpRY,UgyL9Os1M_cbcYpzshN4AaABAg,i got this phone at 28k new one (with exchange discount),5,2026-02-06T06:05:14Z
2026-10-03,P046,v1,-H2H4KTJpRY,UgzK5KlvlJHoY4dhCb54AaABAg,Bro it js came out ofc the price is gonna be expensive and a phone being heavy means quality .,3,2026-05-30T17:12:12Z
2026-10-03,P046,v1,-H2H4KTJpRY,UgzNooCzLUCrp6vGZdV4AaABAg,"So, which is the better phone in this price range ?",1,2026-03-14T07:57:04Z
2026-10-03,P046,v1,-H2H4KTJpRY,Ugy-roIZR_1HAzpRozZ4AaABAg,Brother iska camera nehi dekha hai jabardast photo ata me mu khud use karta hu is phone ko koi takkar nehi de sakta bass google pixel ko chhod ke definitely buy this phone ❤,3,2026-05-24T19:36:23Z
2026-10-03,P046,v1,-H2H4KTJpRY,UgzzqayiPQjMHID1D8V4AaABAg,"Badiya hai phone 
Aankh band krke lelo",42,2026-03-15T10:39:27Z
2026-10-03,P046,v1,-H2H4KTJpRY,UgzFXyq7_StrjdO_Qil4AaABAg,Over heat when i open camera,1,2026-05-19T09:41:55Z
2026-10-03,P046,v1,-H2H4KTJpRY,UgxbE1H8hSX__PlSDM14AaABAg,Mast phone hai nein isi phone se dekh raha hoon,2,2026-04-12T15:13:54Z
2026-10-03,P046,v1,-H2H4KTJpRY,UgyQdMmrXKGl5CETTzp4AaABAg,Kamal ka mobile hai jnb,1,2026-03-26T03:52:02Z
2026-10-03,P046,v1,-H2H4KTJpRY,UgxL1AO5HLUllQODOz94AaABAg,Is NFC available in Reno 16c ??,1,2026-07-07T00:32:48Z
2026-10-03,P046,v1,-H2H4KTJpRY,UgxjGHSAcImnjFbhK-R4AaABAg,To konsa lena chaiye,1,2026-04-09T05:30:37Z
2026-10-03,P046,v1,-H2H4KTJpRY,UgztHxd37UsKAqJokD94AaABAg,Mera bhi yahi phone 📱 hai,3,2026-04-15T17:20:39Z
2026-10-03,P046,v1,-H2H4KTJpRY,Ugzv-SU4hBA3lFy1bPR4AaABAg,2 month 1 year camera problem Bata rahe protein hat nahin Raha,1,2026-04-16T11:23:59Z
2026-10-03,P046,v1,-H2H4KTJpRY,Ugw5g-SX_WmKcj8n6MB4AaABAg,Bro t5 pro ya reno 15 kaun sa lu,1,2026-08-12T05:26:40Z
2026-10-03,P046,v1,-H2H4KTJpRY,UgzhxpzhTLTWUK_obgZ4AaABAg,12/256.  51K hai par mene 34K  meliya 😊 Only oppo dealer bale hi de payenge,2,2026-05-04T08:17:55Z
2026-10-03,P046,v1,-H2H4KTJpRY,Ugy2U_CBkZKFPNzTmgB4AaABAg,bahut badhiya phone hai. Maine local shop se without offer ke 42000/- ka liya.,11,2026-03-21T15:55:59Z
2026-10-03,P046,v1,-H2H4KTJpRY,UgwA9EM0ZOKz14FbBv14AaABAg,"right now I have the oppo reno 15 
and I'm typing with this phone only 😒
the phone is great with ai or photos 
this phone is best phone ever 🎉",2,2026-08-06T14:41:29Z
2026-10-03,P046,v1,-H2H4KTJpRY,UgxQKruC-S1_qhBaun54AaABAg,Mera toh kuch nahi ho raha hai Pro mini,2,2026-04-03T00:17:05Z
2026-10-03,P046,v1,-H2H4KTJpRY,UgzPqFNQlADXnCLau5V4AaABAg,Bhai acha phn mst h ankh band kr k lo,1,2026-03-24T06:40:01Z
2026-10-03,P046,v1,-H2H4KTJpRY,Ugy7ZANtfN4LcadyDrV4AaABAg,Are yaar ese videos phone lene ke pahele nahi ate,1,2026-04-28T14:19:05Z
2026-10-03,P046,v1,-H2H4KTJpRY,Ugxt8XIEZfiyQPzMVpt4AaABAg,good oppo reno 15 Pro malaysia 2999Rm,1,2026-04-04T23:03:45Z
2026-10-03,P046,v1,-H2H4KTJpRY,UgwjXwKFIrVrYzE3Wch4AaABAg,Must ha😅,2,2026-03-19T18:34:25Z
2026-10-03,P046,v1,-H2H4KTJpRY,UgyQBsxCU43HdN8aSpt4AaABAg,Magar mere ko to free mein mobile legends mein Mil Gaya😊😊,3,2026-03-07T05:26:52Z
2026-10-03,P046,v1,-H2H4KTJpRY,UgwB06BT80cJKtyvoLV4AaABAg,Ha bhai,2,2026-03-29T05:07:24Z
2026-10-03,P046,v1,-H2H4KTJpRY,Ugz4jQmTAb8HwjH19_F4AaABAg,Mera bhi yahi phone hai,1,2026-04-12T13:01:02Z
2026-10-03,P046,v1,-H2H4KTJpRY,UgxWfZPqP-WosOxfwsZ4AaABAg,Already le liya hu aur pachta raha hu,1,2026-02-19T15:01:45Z
2026-10-03,P046,v1,-H2H4KTJpRY,Ugzmy6IQdD_B34cJer54AaABAg,Bro stop spreading negativity about anything pls,1,2026-04-09T08:49:02Z
2026-10-03,P046,v1,-H2H4KTJpRY,UgxdEik3aM0cL3aUFpR4AaABAg,Nfc available...?,1,2026-09-03T14:27:24Z
2026-10-03,P046,v1,-H2H4KTJpRY,UgxSN_Gm1pcXbGrRnQF4AaABAg,Me bhi dekh raha hun bro,1,2026-04-12T20:14:14Z
2026-10-03,P046,v1,-H2H4KTJpRY,UgzahGeJjg7TzsLGsQh4AaABAg,Brother me khud use karta hu mast chalta h,1,2026-04-12T16:46:13Z
2026-10-03,P046,v1,-H2H4KTJpRY,UgxsM2putfgFT0g6I_14AaABAg,Mere pass bhi yhi hai,2,2026-06-01T18:55:22Z
2026-10-03,P046,v1,-H2H4KTJpRY,UgxtAYu9Rimosn1nn6F4AaABAg,Me oppo Reno 15 pro mini se dekh rha hu tere video bhai 😊❤,1,2026-06-11T08:25:11Z
2026-10-03,P046,v1,-H2H4KTJpRY,Ugwn00IVGAhH1lmodpF4AaABAg,Paise ke liye khch bhi bol do ge kya ? Issi ph se dekh rahi hu tum jo bol rahe ho kuch bhi nazar nahi aa raha,1,2026-05-11T06:37:21Z
2026-10-03,P046,v1,-H2H4KTJpRY,UgxNK4kIDHM-3ni-mgF4AaABAg,Yah phone bahut jyada hang hota Hai aur garm hone ke bad 1% bhi Kam nahin karta,0,2026-10-03T04:20:14Z
2026-10-03,P046,v1,-H2H4KTJpRY,UgwqZ4ulLXEK6SLaSal4AaABAg,Yehi phone se dekh rahi hu 🙂‍↔️ mujhe toh thik lagta hain ye phone...,2,2026-07-03T05:31:04Z
2026-10-03,P046,v1,-H2H4KTJpRY,Ugx4jH6MMOoPzXjew694AaABAg,Or 14?,1,2026-04-04T07:18:11Z
2026-10-03,P046,v1,-H2H4KTJpRY,UgyirOqKAYZXzGK4hUd4AaABAg,Bhai ek number phone h 🎉me le liya 12.512❤,1,2026-04-14T13:59:31Z
2026-10-03,P046,v1,-H2H4KTJpRY,UgyGieuVu4WXVdVGTCd4AaABAg,Mere pass h Bhai Reno 15 But Yr jitna iska Price h na utna mza ni h 4 months hue h abhi ..,1,2026-08-04T03:19:28Z
2026-10-03,P046,v1,-H2H4KTJpRY,UgyXCKXP-5VsyldtUFJ4AaABAg,😅😅,0,2026-04-07T07:34:45Z
2026-10-03,P046,v1,-H2H4KTJpRY,UgwVifmCC1ogTUQXStV4AaABAg,Bhai vo budget wala phone ho agr akut 😂 ha toh  iphone 17 pro Max laka ka dekh 😂😂😂😂😂,1,2026-05-26T16:40:53Z
2026-10-03,P046,v1,-H2H4KTJpRY,UgzGWtv0l7FcA2ycunV4AaABAg,I bought this mobile phone yesterday.,2,2026-06-03T09:19:45Z
2026-10-03,P046,v1,-H2H4KTJpRY,UgwRGmz9VLTJgi61KM14AaABAg,I got this phone 31 k new one (with exchange 9k +extra discount,1,2026-06-06T18:42:40Z
2026-10-03,P046,v1,-H2H4KTJpRY,UgzyHJrkZ5C6FHWffoR4AaABAg,Main use kar raha hun badhiya hai,1,2026-04-14T03:36:27Z
2026-10-03,P046,v1,-H2H4KTJpRY,Ugy-14zil57OO2SnyFp4AaABAg,Yah phone Se tumhara video dekh raha hun,2,2026-05-14T05:18:29Z
2026-10-03,P046,v1,-H2H4KTJpRY,UgwYoTxw0xXDZz-MPqB4AaABAg,47k mai liya... actually it's soo good phone,1,2026-04-07T16:30:49Z
2026-10-03,P046,v1,-H2H4KTJpRY,UgxMMb6f3YjTldVXUEZ4AaABAg,My phone oppo reno 15 f 5 g brother Bangladesh price 54999৳,1,2026-05-25T15:55:50Z
2026-10-03,P046,v1,-H2H4KTJpRY,Ugyvie2LLPH9-CsYE1R4AaABAg,Abe 50 mp ka ultra wide h soch smjh ke bolo ..,1,2026-03-26T11:17:14Z
2026-10-03,P046,v1,-H2H4KTJpRY,UgzdN2EGhoH8C2XlM354AaABAg,Pehele bolna tha abhi le liya 😂.,1,2026-04-19T07:50:56Z
2026-10-03,P046,v1,-H2H4KTJpRY,UgzYv3UMPaAkS-_BcsZ4AaABAg,Sri lankan price is 130000 LKR,1,2026-06-10T15:16:30Z
2026-10-03,P046,v1,-H2H4KTJpRY,UgxmQnRbenT3Ze457fl4AaABAg,Mere pass to yahi Hai abhi video bhi dekh raha hun ISI phone Se,1,2026-08-06T17:20:13Z
2026-10-03,P046,v1,-H2H4KTJpRY,UgzSGK4tx-FLjDglnjx4AaABAg,"Maine 12, 256 
40k ka liya h 
Achcha chal rha h",1,2026-04-21T13:47:37Z
2026-10-03,P046,v1,-H2H4KTJpRY,UgyIw3i6WlRgEMOn2Ct4AaABAg,Bhai mast phone h ❤❤,2,2026-06-06T01:42:44Z
2026-10-03,P046,v1,-H2H4KTJpRY,UgwYhl7IS5ntEpLVc-t4AaABAg,us mem nfc hee,1,2026-05-16T14:04:25Z
2026-10-03,P046,v1,-H2H4KTJpRY,UgzGICnCZJdWG3k7fFV4AaABAg,Ehi phone me mey video dekhna rahu,1,2026-06-29T02:29:48Z
2026-10-03,P046,v1,-H2H4KTJpRY,Ugy-DzZLUZeRyyr23l14AaABAg,I'm sorry but I need the ribbon phone,1,2026-09-21T13:57:45Z
2026-10-03,P046,v1,-H2H4KTJpRY,UgwtV82XaPBO_GVsZnx4AaABAg,Mere  pass bhi hai oppo reno 15 46k🎉,1,2026-04-15T14:31:01Z
2026-10-03,P046,v1,-H2H4KTJpRY,UgwltfVZ4aj63vZxEjJ4AaABAg,Bhai maine 35 k me liya hu 21 march 2026,1,2026-04-15T02:21:22Z
2026-10-03,P046,v1,-H2H4KTJpRY,UgzWoX24tUfKwkGM3mh4AaABAg,Ye phone bahut gram ho raha hai maine liya hai,2,2026-05-04T09:49:15Z
2026-10-03,P046,v1,-H2H4KTJpRY,UgxIOJnDe4jWpon6K494AaABAg,Bhai ab to le liye,1,2026-07-02T07:18:02Z
2026-10-03,P046,v1,-H2H4KTJpRY,UgyX39-Xi_KC6oQ7bMx4AaABAg,Mast phone hai,1,2026-04-12T15:13:37Z
2026-10-03,P046,v1,-H2H4KTJpRY,Ugx4RJ8e_wM0pII6PC94AaABAg,Yah phone bahut garm hota Hai,0,2026-10-03T04:20:30Z
2026-10-03,P046,v1,-H2H4KTJpRY,UgwYi5KvJtAcbIR34r94AaABAg,But mera waha 15 pro hai,1,2026-06-16T21:00:29Z
2026-10-03,P046,v1,-H2H4KTJpRY,UgxqVqF7d5eWRV0_BLR4AaABAg,NFC hai isme,1,2026-08-28T18:39:05Z
2026-10-03,P046,v1,-H2H4KTJpRY,UgxS93HGfCjKdAauO214AaABAg,Nfc support karta hai bro knowledge toh sahi se do,1,2026-06-13T08:00:17Z
2026-10-03,P046,v1,-H2H4KTJpRY,UgybEbUgohwvwePqAEx4AaABAg,Isi se video dekh rha hu kl hi liya hu,1,2026-08-15T05:28:35Z
2026-10-03,P046,v1,-H2H4KTJpRY,Ugw7YnNbEsh2EzVf8Pt4AaABAg,Badiya hai ye phone mere pass hai,1,2026-05-27T06:20:34Z
2026-10-03,P046,v1,-H2H4KTJpRY,Ugw_HGq2QxVSUeE4upt4AaABAg,I got it for 36 thousand plus free bluetooth tws,1,2026-05-26T03:52:55Z
2026-10-03,P046,v1,-H2H4KTJpRY,UgwMT3TB6WvgCOmWvtx4AaABAg,Over price to apple k sabhi phn hote hai 😂😂😂😂 fir bhi log lete hai aur nhi lena apple hume 50k ka oppo vivo chalana hai ab bolo,2,2026-04-28T10:56:15Z
2026-10-03,P046,v1,-H2H4KTJpRY,UgwZe2z8gWCpYflEjkh4AaABAg,Paise ke liye khch bhi bologe kya ?,1,2026-05-11T06:43:13Z
2026-10-03,P046,v1,-H2H4KTJpRY,UgwtoBua1L1Gbut4wUB4AaABAg,Oppo Reno 15 series Good Mobile ❤,3,2026-04-10T11:04:05Z
2026-10-03,P046,v1,-H2H4KTJpRY,Ugzqc-mvzxs4a6f3DCd4AaABAg,Oppo reno 15 se hi ye video dekh raha hu main,1,2026-06-28T07:57:11Z
2026-10-03,P046,v1,-H2H4KTJpRY,UgwBKP9IVej_ExWG0Np4AaABAg,Top hy bhai 52 kaa lia huu,2,2026-08-01T16:52:04Z
2026-10-03,P046,v1,-H2H4KTJpRY,UgyvqrXzMBGF29XFvLl4AaABAg,Kis phone ma kamiaya nahi milta ha,1,2026-09-27T12:54:43Z
2026-10-03,P046,v1,-H2H4KTJpRY,UgxzWvq-u0SRgn6jrAR4AaABAg,Pakistan Mai 1 lack 70 thousand ka Mila mjy,1,2026-06-22T15:39:50Z
2026-10-03,P046,v1,-H2H4KTJpRY,Ugwo_Ivnqsh29XszJ-t4AaABAg,Yehi phone se video dekh raha hu 😅😂😂😂😂😂😂😂😂😂😂😂😂😂😂😂😂😂😂😂😂😂😂😂😂😂,1,2026-05-06T14:56:28Z
2026-10-03,P046,v1,-H2H4KTJpRY,UgxCAZdBUo57pvmvL8l4AaABAg,Badiya hay using now,2,2026-06-09T13:55:07Z
2026-10-03,P046,v1,-H2H4KTJpRY,Ugxwu9lzTtKDve1ey194AaABAg,Maine reno 15 pro 60000 me liya,1,2026-05-04T05:47:23Z
2026-10-03,P046,v1,-H2H4KTJpRY,Ugy5Pqbz3UEr5i-PNCN4AaABAg,Jatuu hai tu mast phone hai ❤,1,2026-07-01T18:48:28Z
2026-10-03,P046,v1,-H2H4KTJpRY,UgyVBiqxy5VJvUV20w54AaABAg,Best phone 📱,1,2026-04-22T17:56:03Z
2026-10-03,P046,v1,-H2H4KTJpRY,Ugw_bG5Q49LBqqv5VQt4AaABAg,"i got it 33k 
12/256",2,2026-09-28T09:21:07Z
2026-10-03,P046,v1,-H2H4KTJpRY,Ugw7eddO-HsE9VN5h5h4AaABAg,OPPO Reno 15 F 5G Kaisa mobile hai....???,1,2026-06-16T06:07:13Z
2026-10-03,P046,v1,-H2H4KTJpRY,UgxBN_CuRnJK3OgRK1V4AaABAg,Bhai tu AI plus lele 6999 wala ye price justify hai😂😅😂😅😂😅😂😅😂,1,2026-04-28T21:12:10Z
2026-10-03,P046,v1,-H2H4KTJpRY,UgwV7lLHTfT1KzN8TQB4AaABAg,Yahan Pakistan may 250k  Ka milra h 😮,2,2026-07-09T18:41:38Z
2026-10-03,P046,v1,-H2H4KTJpRY,UgwYUP6CBPQVep7mmw14AaABAg,yehi phone se video dekh raha hun 😂,1,2026-04-25T06:43:35Z
2026-10-03,P046,v1,-H2H4KTJpRY,Ugwr017gejkIeGPOKQt4AaABAg,maine to insurance kara ke 52k se liya h,1,2026-04-25T06:43:55Z
2026-10-03,P046,v1,-H2H4KTJpRY,Ugx96-3G0nOKcyYymKt4AaABAg,1 numbar mobile Hai,1,2026-06-24T02:02:23Z
2026-10-03,P046,v1,-H2H4KTJpRY,UgxSmS5B1-WwRoNQGxJ4AaABAg,Heating issue for oppo pro mini,1,2026-04-12T02:02:58Z
2026-10-03,P046,v1,-H2H4KTJpRY,UgwJAa23QZ4UiAYsTHd4AaABAg,Lo ek  is phone ka heater bhi a Gaya,1,2026-06-04T02:12:44Z
2026-10-03,P046,v1,-H2H4KTJpRY,UgyI4nhX57nJxyDWB2t4AaABAg,Gaming theek nhi or to Best hai❤,1,2026-09-19T15:45:31Z
2026-10-03,P046,v1,-H2H4KTJpRY,Ugz_VVcWcx2S_WEGBOV4AaABAg,Me use karraha hu best ha bhai,1,2026-06-16T21:00:06Z
2026-10-03,P046,v1,-H2H4KTJpRY,Ugz6WImZ_zMP0jQe_n14AaABAg,Abhi toh 8/256 toh 36999,1,2026-05-30T06:04:41Z
2026-10-03,P046,v1,-H2H4KTJpRY,Ugyr9ziJzNZwyy5qaD94AaABAg,"Aisa kuch bhi nhi hai, Isi phone se ye video dekh raha hu bro😂",1,2026-06-28T17:34:07Z
2026-10-03,P046,v1,-H2H4KTJpRY,UgzJIRAXkTF-mYKCvMt4AaABAg,😂😂😂😂😂😂😂😂,1,2026-04-17T08:11:46Z
2026-10-03,P046,v1,-H2H4KTJpRY,UgylhbQbotIQS4MyAlp4AaABAg,Bhai isi phone se dekh rha hu,1,2026-08-06T05:34:04Z
2026-10-03,P046,v1,3n5xAvPkzLU,UgxJnK5LtT5eNY-x3gV4AaABAg,"Don't forget realmi 16pro with d7300 at 32k and realmi 16pro+ with sd7 gen 4 at 41k😆😆, in 2026 we are seeing brands competing to see who can make more overpriced phone😂",715,2026-01-13T15:49:57Z
2026-10-03,P046,v1,3n5xAvPkzLU,UgyQcgtOeEl6DsF4uM94AaABAg,Finally someone say this😊...I thought sab bik gye hai...(Sponsor),352,2026-01-13T16:02:13Z
2026-10-03,P046,v1,3n5xAvPkzLU,UgyfMpWNDpxXe6OR1wN4AaABAg,You are the only Indian YouTuber who speaks the truth about phones. Best of luck 👍👍👍,68,2026-01-13T15:50:35Z
2026-10-03,P046,v1,3n5xAvPkzLU,UgxsL_HBD0UT14FCisl4AaABAg,"Find x9, x300, oneplus 15, iQOO 15 are all at 68k with credit card offers and you can find x300 and find x9 offline for 68k with more credit card options than online",26,2026-01-13T16:05:27Z
2026-10-03,P046,v1,3n5xAvPkzLU,Ugyc3tjQ6BjGJ2_YsUN4AaABAg,I think they trying to kill this series in favor of Find series.,38,2026-01-13T16:17:38Z
2026-10-03,P046,v1,3n5xAvPkzLU,UgyYlqhPsmuZ6WpzOPZ4AaABAg,Aaaj 95% tech videos par oppo Reno 15 ka ad aayaa😂😂😂😂,158,2026-01-13T15:48:06Z
2026-10-03,P046,v1,3n5xAvPkzLU,Ugw-aFCvSLPHiwvq3El4AaABAg,ओप्पो रेनो इसलिए ओवर प्राइस रखा गया है ताकि विज्ञापन में खर्च हो सके और विज्ञापन देख देख के आदमी ले,25,2026-01-14T09:19:22Z
2026-10-03,P046,v1,3n5xAvPkzLU,UgzcUcCSp_5Ni1m2Asx4AaABAg,"Dear Rakesh sir,
My name is Seeyam. I am a Class 11 student and I regularly watch Gyan Therapy videos. I wanted to kindly ask if you have any old or unused laptop that you no longer need. I need it for my studies and online learning. Due to financial problems, I am not able to buy a new laptop right now.
I would be very thankful for your support.
I am not asking for it for free - I am earning and ready to pay a reasonable amount.
Thank you,
Seeyam",162,2026-01-13T15:54:31Z
2026-10-03,P046,v1,3n5xAvPkzLU,UgxTrMW0LnujlW_dt354AaABAg,Price hike ruined the smartphone industry 😔,9,2026-01-14T05:02:35Z
2026-10-03,P046,v1,3n5xAvPkzLU,Ugytn68h6sgJWnmQ0vN4AaABAg,"Logo ne phone hi buy nai karna chahiye ye saal 
Tab hi ye log phone ke price kam karenge",10,2026-01-14T07:05:12Z
2026-10-03,P046,v1,3n5xAvPkzLU,UgyXOiQDH0UoWhj54OF4AaABAg,1:00 pta chal gaya blur krke fyada nhi😂,29,2026-01-14T01:42:23Z
2026-10-03,P046,v1,3n5xAvPkzLU,UgyYcSjNdgsCxTdanPl4AaABAg,0:25 according to me price after seeing specifications is  29k -32k for  phone 1 and 32k-35k for phone 2 .,2,2026-01-13T16:25:30Z
2026-10-03,P046,v1,3n5xAvPkzLU,Ugy_7CZOxYR5ekjEksZ4AaABAg,"I prioritize Performance over aesthetic. Because I find that the best, though others may find that not good for themselves.",1,2026-01-13T15:50:02Z
2026-10-03,P046,v1,3n5xAvPkzLU,UgxTDsRHk5GvdDB1Ha54AaABAg,Kaash Rakesh Bhaiya ki baatein sunkar OPPO walon ko sharam aaye aur wo reno 15 pro ki price kam krke mere budget ki taraf laa dein 😮‍💨🤧,8,2026-01-13T17:09:42Z
2026-10-03,P046,v1,3n5xAvPkzLU,UgxK2oXubCgzyrMVU8B4AaABAg,1:20 abhi 50k ka bik rha h wapis😂😂,6,2026-01-14T00:02:01Z
2026-10-03,P046,v1,3n5xAvPkzLU,UgwcDmDi9AlPr_Pj9g54AaABAg,Big fan from Maharashtra,2,2026-01-13T15:46:21Z
2026-10-03,P046,v1,3n5xAvPkzLU,UgyIXN-9UmD3h5c6Ms54AaABAg,Sach me Bhai ek aap hain jinhone price ke bare me thik kaha baki log koi v nahi bola ki  processor low wala diye bolke koi nahi bala,1,2026-01-13T23:38:29Z
2026-10-03,P046,v1,3n5xAvPkzLU,UgzcWC7ls6Xidb1RaRN4AaABAg,"Sir, mera brother china ke beijing mein huawei ki R&D Department mein research karta hai ... Jab meine usse pucha mobile price hyke ke waren mein Usne kahan ki Chatgpt, Nvidia etc company High amount pe ram purchase kar rhe hai Samsung sein even bohot saare chinese ram making company sein aur isliye wo log itna load nhi le pa rhe isliye mobile company ko zada kimat pe ram kharid na padh rha hai ,
Aisa Publicly keh rhe but mere bhai ne bola yahan pe company capable hai zada amount mein ram banane ka but bana nhi rhe kyunki mobile purchase average person ka bohot Kam ho gya kyunki mobile ki longibity badh gya hai isliye wolog price hyke kar rhe hai sirf profit badha ne ke liye aur even china ke market mein jitne ka launch kar rhe hai usse bhi mehenga india ke market mein launch kar rhe hai ..
Isliye consumer ko mobile kharidna agar limited kar denge toh unke statergy unke upar hi ghayel hoga 😂",31,2026-01-13T16:16:59Z
2026-10-03,P046,v1,3n5xAvPkzLU,UgwEiobrr7Li8smqHul4AaABAg,Koi phone ka praise sune ke video chod ke nahi jaayega ek di hume bhi mahanga phone lena,4,2026-01-13T15:56:52Z
2026-10-03,P046,v1,3n5xAvPkzLU,UgxixtB675-uWe7vpUN4AaABAg,3:40 find X8 pro under 60 🙂,3,2026-01-14T18:13:08Z
2026-10-03,P046,v1,3n5xAvPkzLU,UgyvrdLvxyt2k1esX5V4AaABAg,Big fan from Jharkhand sirrrr ❤❤❤❤❤❤😊,1,2026-01-13T15:45:52Z
2026-10-03,P046,v1,3n5xAvPkzLU,UgzrQBD10GulRixY2_94AaABAg,"Great analysis 👍 

Providing good information 🙂ℹ️",0,2026-01-13T18:07:54Z
2026-10-03,P046,v1,3n5xAvPkzLU,UgzkiXQmCX4nNqiVu814AaABAg,mein to bolta hun hamesa last year ke phones hi kharidna chahiye kyunki asani se price specs aur reviews available hai.........,1,2026-01-13T23:13:32Z
2026-10-03,P046,v1,3n5xAvPkzLU,Ugx65rL43uDNiV2TApl4AaABAg,"Big salute 🫡🫡🫡 this is why you are the special one....
इसी कारण से आप बाकी सब से अलग हो 🫡🫡🫡❤",0,2026-01-14T16:38:55Z
2026-10-03,P046,v1,3n5xAvPkzLU,UgxITZbJ9csDTdJ1c5F4AaABAg,Etna khul ke confusion door karne ke liye thank you 🙏🙏,0,2026-01-13T18:37:05Z
2026-10-03,P046,v1,3n5xAvPkzLU,UgyjfmuuDrBzs0xk0SZ4AaABAg,"Jab channel ka naam hi gyan therapy hai,,,, to hume gyan to milega hi,,, 🎉🎉 love from haryana rakesh bhai❤❤",0,2026-01-13T17:36:41Z
2026-10-03,P046,v1,3n5xAvPkzLU,UgxzH2jrHe3o7r_PxLN4AaABAg,Samsung ke har phone overpriced hai. Unke baare mein ek video. Awesome video bhai ❤,1,2026-01-13T16:11:01Z
2026-10-03,P046,v1,3n5xAvPkzLU,UgysKsU8MitWGMjYwXN4AaABAg,Always waiting for your review ❤,0,2026-01-14T11:22:18Z
2026-10-03,P046,v1,3n5xAvPkzLU,Ugyi7zUYUfgX81XLUnJ4AaABAg,"Professional Tip : Always skip offline models, and focus on online brands with reachable service., only if you love your MONEY..",1,2026-01-13T19:18:26Z
2026-10-03,P046,v1,3n5xAvPkzLU,UgwSorww2kk-iTnM8Ux4AaABAg,I agree with your words Sir.. Very nice 👍,0,2026-01-13T15:57:25Z
2026-10-03,P046,v1,3n5xAvPkzLU,Ugzhi1bhFQpxzcfvrkt4AaABAg,Very informative bro,0,2026-01-13T15:47:00Z
2026-10-03,P046,v1,3n5xAvPkzLU,UgwqsTbrC56CEI-3H_l4AaABAg,Kya video hai sir love you isi ka wait tha kisi ne nahi banaya aisa video ❤❤❤❤❤❤❤love you sir,0,2026-01-13T18:37:05Z
2026-10-03,P046,v1,3n5xAvPkzLU,UgxpUx6vCY4sgAeNQUV4AaABAg,Example badiya dete hai Gyan therapy best exam for budget,1,2026-03-31T02:03:46Z
2026-10-03,P046,v1,3n5xAvPkzLU,UgzYaYzQV9i4fOdP6CR4AaABAg,Happy Magh Bihu Rakesh bhai ❤from Assam 😊,0,2026-01-13T15:54:04Z
2026-10-03,P046,v1,3n5xAvPkzLU,UgzQQP5GGJVkrkiGzfh4AaABAg,"Only honest reviewer in india

Good luck brother 🇧🇩",0,2026-01-13T17:41:23Z
2026-10-03,P046,v1,3n5xAvPkzLU,UgwSVozjzJgYX6Gcrlx4AaABAg,"That's why GT , today morning I was thinking so and your video comes up. Always great suggestions. Thank you.",0,2026-01-17T03:57:34Z
2026-10-03,P046,v1,3n5xAvPkzLU,UgxnCXLvWctHTnYJVwl4AaABAg,Jai hind rakesh bro... mobile ke liye paise nahi hai...fir b video dekhata rahata hu....kya karu kya na karu😮😮,1,2026-01-13T16:24:20Z
2026-10-03,P046,v1,3n5xAvPkzLU,UgyvptK0IK8RiVxJICN4AaABAg,Ab time aa gaya h under 20 hzaar ke phone khridne ka. Usse upar mat jao tabi companies ko smjh m aayega,8,2026-01-14T09:37:56Z
2026-10-03,P046,v1,3n5xAvPkzLU,Ugyrz3Hd0q3EzCVCN6h4AaABAg,Ek sacha Youtubeer ❤ you deserve this successs,0,2026-01-13T16:48:29Z
2026-10-03,P046,v1,3n5xAvPkzLU,Ugw3w8ZSVDq_xPTtS814AaABAg,"1:53
Maine video ko close kiya 
Aur man main ek hi baat aayi bhaad main jaye jo aise phone banaye aur is price par aaye😂",1,2026-01-13T16:04:06Z
2026-10-03,P046,v1,3n5xAvPkzLU,Ugz_8uY8Uol3A-wumtl4AaABAg,"Isiliye india me iphone ka sale bad rha hai, ye sab log bhul gye hai ki brand value, customer service, ye sab bhi kuch chij hoti hai, budget me ya maximum 50k tak, india me log oppo, vivo, iqoo ya jo bhi brand hai uska phone lena pasand karte hai, 70k tak jo jayega wo iphone ke bare me sabse phle sochega, aur wahi ho rha hai, kahi bahar jao aur log jb puchte hai na ki kitne ka liya aur batao 70k ka to log sidha bolenge iphone le leta bhai, kis kis so samjhaoge",3,2026-01-15T11:14:43Z
2026-10-03,P046,v1,3n5xAvPkzLU,Ugx1T2tzdbV3XpSZxs54AaABAg,2:16 wallpaper dedo please 🙏🥺,5,2026-01-13T16:50:52Z
2026-10-03,P046,v1,3n5xAvPkzLU,Ugyr8nMqESu_2aLmvgp4AaABAg,1:19 abhi 44k something ka bik raha hai,3,2026-01-14T13:09:58Z
2026-10-03,P046,v1,3n5xAvPkzLU,Ugygtf-NU2SxXChDWit4AaABAg,Compare price for these models in India vs China vs Europe.. I feel price hike pushed more on India only,0,2026-01-14T03:18:30Z
2026-10-03,P046,v1,3n5xAvPkzLU,Ugzya_v5_Yu_6qYuZwB4AaABAg,"Ekdum sahi baat boli Rakesh bhai. Also I wish nothing phone 3 45,000 ke aas paas launch hua hota. I like the phone but pricing toh sab dekh hi rhe h XD.",0,2026-01-13T16:18:04Z
2026-10-03,P046,v1,3n5xAvPkzLU,UgzjjzPjFyrW0WAvQOV4AaABAg,Very informative video ❤,0,2026-01-14T05:06:48Z
2026-10-03,P046,v1,3n5xAvPkzLU,Ugz0Ev0_-TQIinQu2lZ4AaABAg,Overpriced absolutely true,1,2026-01-13T15:50:57Z
2026-10-03,P046,v1,3n5xAvPkzLU,UgxvAdQb38blsUp3k794AaABAg,Love you Rakesh Sir ❤ love from odisha 🎉❤,0,2026-01-13T15:47:40Z
2026-10-03,P046,v1,3n5xAvPkzLU,Ugxby2HP00oyjL1ICPN4AaABAg,Phone ka Name bhi dal diya karo - 2 3 Mint to nikal jata hai - Phone Kaun sa hai,9,2026-01-13T15:46:50Z
2026-10-03,P046,v1,3n5xAvPkzLU,Ugw_kriwFyB-H4uaNSN4AaABAg,altogether buy hi nhi krna h...old stock agr bacha h toh wo utha lo agr jarurat pad rhi h tw.. spending 80k on a phone then u can simply increase it a bit for last gen ultra or pro max series,0,2026-01-14T07:15:48Z
2026-10-03,P046,v1,3n5xAvPkzLU,Ugx5C7ptR4F8Qv57-tB4AaABAg,Sir sab companya ham logo lut rahe hai 😢😢😢,3,2026-01-13T15:47:53Z
2026-10-03,P046,v1,3n5xAvPkzLU,UgyhhzdEqoC--VRqpMZ4AaABAg,Jab hamari phone lene ki baari aayi toh phone ke price badh gaye.. lagta hai yeh saal bhi purane phone se nikalna padega🤦‍♂😓,1,2026-01-14T09:24:51Z
2026-10-03,P046,v1,3n5xAvPkzLU,Ugx541p9g5vOqlZmA6N4AaABAg,275 no ka viewer itna lete kese ho gya mai just notification milne k bad hi wach kiya fir bhi ❤thanks bhaiyya ji video k lie,0,2026-01-13T15:48:36Z
2026-10-03,P046,v1,3n5xAvPkzLU,UgwcaErEb8czUJ1G_W94AaABAg,Har rog apke videos dekhne ka baad sone jaya huuuu😁love from West Bengal ❤,0,2026-01-13T18:38:48Z
2026-10-03,P046,v1,3n5xAvPkzLU,Ugxn5GHq4RkagxGoxn94AaABAg,sir videos daily dala kro plzz❤❤,1,2026-01-13T15:46:48Z
2026-10-03,P046,v1,3n5xAvPkzLU,UgxXsqVlaMNQ_gmgwBp4AaABAg,Best Annalise ❤,0,2026-01-14T04:51:11Z
2026-10-03,P046,v1,3n5xAvPkzLU,UgyiX3XyFC-R6gyVubh4AaABAg,"Better not to buy any phones this year. Prices will come to ""normal"" levels next year.",0,2026-01-13T16:08:33Z
2026-10-03,P046,v1,3n5xAvPkzLU,UgxmtZciY2IK_LUnl894AaABAg,One of the best channels❤,0,2026-01-13T16:37:51Z
2026-10-03,P046,v1,3n5xAvPkzLU,UgzBq3btl5sh9MDo_294AaABAg,aachi knowledge full video ...👍💕,0,2026-01-25T12:31:25Z
2026-10-03,P046,v1,3n5xAvPkzLU,Ugy48-5bAD50jKK6qsp4AaABAg,Please make a video for phones under 25 or 30k but is 80% of flagships.,0,2026-01-13T18:22:56Z
2026-10-03,P046,v1,3n5xAvPkzLU,UgyhtO1uK9hto2wSoBl4AaABAg,"lekin baad mai Nothing Phone (3) 40-45k pe milne laga tha, aisa toh oppo mai surely nhi hoga",1,2026-01-13T16:11:32Z
2026-10-03,P046,v1,3n5xAvPkzLU,UgwmLP2062WmdfnmWU14AaABAg,All of these will boosted iPhone sales,1,2026-01-14T03:08:54Z
2026-10-03,P046,v1,3n5xAvPkzLU,Ugw-T5uvmNy4Ok7eVL54AaABAg,Bhaiya hame toh 15k takh hi lena hai bass ....ussi. Ki video bhi bana diya karo kabhi kadar 😂😂❤❤❤,0,2026-01-13T18:11:35Z
2026-10-03,P046,v1,3n5xAvPkzLU,UgxF_Nf5d-CMVTwcMLx4AaABAg,"Now the pricing never gonna be same as last good old day os 2019. They too advantage of these global events or phenomenon to justify their price hike and when these phenomena ends or cools down, OEMs dont even think about bringing their price down as before. They did same in pandemic situation and this time wouldn't be any different",0,2026-01-14T06:20:04Z
2026-10-03,P046,v1,3n5xAvPkzLU,UgzhLB7iQr7r2g0h0tZ4AaABAg,Halaki itne daam ke phone main kharidna sahi nahi samjhta firr v q ye video dekh raha pata nahi. Par sayad insaan bhut genuine hai esliye dekh raha hu. Sache logo ko support karna achha lagta hai,0,2026-01-15T03:53:04Z
2026-10-03,P046,v1,3n5xAvPkzLU,UgzyYpBuj8n-bzR7MxF4AaABAg,"0:07, Badhiyaa 😅",0,2026-01-13T16:18:35Z
2026-10-03,P046,v1,3n5xAvPkzLU,UgwqV9TWGR0N_q3FxBV4AaABAg,"so sad to see everything is tending towards apple , earlier the software now even the hardware is getting cloned :(",0,2026-01-13T17:56:03Z
2026-10-03,P046,v1,3n5xAvPkzLU,UgzDTSJ9b0mUQ1j4eTh4AaABAg,Rakesh sir hum thik hai aap kese ho,2,2026-01-14T08:59:02Z
2026-10-03,P046,v1,3n5xAvPkzLU,Ugwrq6nZNbVnFJpfP4d4AaABAg,"@3:50 In short, % terms me 10% upar ja sakte hain, max sabhi. 

Higher budget phone wale 20-25% bhi stretch kar sakte hain, because they may be capable of it. 

So, %, and discretionary income is the key here. 🙂",0,2026-01-14T15:17:04Z
2026-10-03,P046,v1,3n5xAvPkzLU,Ugwezg5N3I5mq3M6sWV4AaABAg,"Kitna hi price bdao sidha sa rule hai 30k tak budget hai to android le lete hai 30k s eupar jate hi, 50-70k budget hai to only iphone prefer krte hai",1,2026-01-14T17:22:55Z
2026-10-03,P046,v1,3n5xAvPkzLU,UgwqvXz3v7fVu8FpIap4AaABAg,Your work is very good 👌🏼👌🏼👌🏼👍🏼🙏🏼,0,2026-01-13T16:19:12Z
2026-10-03,P046,v1,3n5xAvPkzLU,UgwHlTQCoDqIaC7TXvF4AaABAg,Glad I bought a smartphone last year,0,2026-01-13T16:19:19Z
2026-10-03,P046,v1,3n5xAvPkzLU,UgyL4BmOSgk7N8xjNeB4AaABAg,Sab bhaiya hai apke asirwad se🙏,0,2026-01-13T17:18:35Z
2026-10-03,P046,v1,3n5xAvPkzLU,UgzYoY6wQgq4GJSnbdV4AaABAg,"Many people review mobile phones on YouTube—some genuinely think about customers, while others give paid reviews. But Rakesh bhai from Gyan Therapy always reviews products with the customers’ best interests in mind. That’s why, in my opinion, he is the best and most honest reviewer.",0,2026-01-13T16:58:58Z
2026-10-03,P046,v1,3n5xAvPkzLU,Ugzx9w6y6N8CKvzap1t4AaABAg,"In a phone, mostly cost is for Processor and Storage, in that aspect Nothing is per better compared price. If you want to pay more less then you buy cheap processors. 🤷‍♂️",0,2026-01-14T15:06:26Z
2026-10-03,P046,v1,3n5xAvPkzLU,UgzceBkPe2T8jC0F3BJ4AaABAg,Jai Hind Rakesh bhaiya! Aapka kya haal hai?,0,2026-01-13T15:45:43Z
2026-10-03,P046,v1,3n5xAvPkzLU,Ugwc6bZBfwOXq31bkvt4AaABAg,Rakesh bhai jo hai wahi use karte hai next year dekhte hai ya Bbd sell ka wait karte hai aap wali soch rakhte hai ham bhi😂,0,2026-01-13T16:29:04Z
2026-10-03,P046,v1,3n5xAvPkzLU,UgyejfzE7VxMS_XnsrZ4AaABAg,60 - 70 हजार में Round कॉर्नर है और पंचहॉल भी मिडिडल में मतलब बेकार फोन है. 12 - 15 हजार वाला ही ठीक है,1,2026-01-14T12:50:43Z
2026-10-03,P046,v1,3n5xAvPkzLU,Ugwh5QmRp-3YSzY6LtN4AaABAg,"Rakesh bhai Samsung Galaxy S25 Ultra vs OnePlus 15 ka camera comparison karo plz, kiyuki September mein S25 Ultra 70-80k hoga tab konsa lena zada sense banega S25 Ultra or OnePlus 15? Plz make a detailed comparison specially camera, agar difference hai to kitna difference hai wo dekhna hai..😊😊",1,2026-01-13T17:47:30Z
2026-10-03,P046,v1,3n5xAvPkzLU,Ugxrh7yS0B0JDsJ5f5R4AaABAg,Sahi kha bhai,0,2026-01-13T15:55:13Z
2026-10-03,P046,v1,3n5xAvPkzLU,UgxcvtaKdl-mI2VA8I94AaABAg,Why nobody is talking about user experience..,1,2026-01-13T18:57:16Z
2026-10-03,P046,v1,3n5xAvPkzLU,UgxX38Q2msMqI87kZCt4AaABAg,Me to iphone 11 use kr rha hu 6 saal se socha tha ab change krunga phone but price phone k kuch zada hi overpriced h 😂 islia ab 11 hi use krunga,1,2026-01-14T05:24:18Z
2026-10-03,P046,v1,3n5xAvPkzLU,UgycTQviIysaKFqiKTF4AaABAg,"7 crore was the best part i think
great video for new user thabk you",0,2026-01-13T16:08:22Z
2026-10-03,P046,v1,3n5xAvPkzLU,UgyI4Ope8CS7_AA1YqF4AaABAg,Gyan bhaiya wallpaper ke liye aap kaun sa app use karte hoo please batao❤,0,2026-01-13T16:50:49Z
2026-10-03,P046,v1,3n5xAvPkzLU,Ugylmu-0Nkvs3OVnGvZ4AaABAg,Bhaia best TYPE C earphone pr v ek video bna dijiye please 🙏🏻 ab 3.5mm jack nhi ata phone me n for those who don't wanna use bluetooth earphones. Please last time aapne 1 year pehle bnaya tha,0,2026-01-13T17:44:38Z
2026-10-03,P046,v1,3n5xAvPkzLU,UgxUQdAgbkar7QeTrRV4AaABAg,Abhi 35 se 40k main bik raha hain😅😅😅,1,2026-01-14T14:52:59Z
2026-10-03,P046,v1,3n5xAvPkzLU,Ugx6yzSJzlyGCQ_olyh4AaABAg,Lallan don ek volg banao,3,2026-01-13T15:48:32Z
2026-10-03,P046,v1,3n5xAvPkzLU,UgzdNtUv-Qey2ip2vxN4AaABAg,Sir yaar koi aisa phone batao jo best camera aaur kam se kam 5000mAh battery aur thik performance de plzz under 50k,0,2026-01-14T16:30:37Z
2026-10-03,P046,v1,3n5xAvPkzLU,Ugwj4xghOb2C2vMHqUp4AaABAg,2:46 bilkul sahi 😂😂,5,2026-01-14T09:13:47Z
2026-10-03,P046,v1,3n5xAvPkzLU,UgwNp61nQjmZh0nbktl4AaABAg,Kuch dino pehle rakesh bhai ne ek phone me ek hanging astronaut ka wallpaper lgaya tha...vo mil skta h lallan don?,0,2026-01-13T15:47:05Z
2026-10-03,P046,v1,3n5xAvPkzLU,Ugy4kPM-vZI9tJ-sCs94AaABAg,You are My favourite Tech Youtuber ❤,0,2026-01-13T16:32:35Z
2026-10-03,P046,v1,3n5xAvPkzLU,UgwHtUgDTw0HnfR0rgN4AaABAg,Watching your videos to relief study stress,0,2026-01-13T15:52:07Z
2026-10-03,P046,v1,3n5xAvPkzLU,UgyWtclToe8wgZ4c_Fh4AaABAg,My first phone was oppo reno 3 pro bought at 31k where are those days gone,0,2026-01-13T17:07:58Z
2026-10-03,P046,v1,3n5xAvPkzLU,Ugy_O2zp4mqlDMhUnNt4AaABAg,Badhia bhaia,0,2026-01-13T16:05:33Z
2026-10-03,P046,v1,3n5xAvPkzLU,Ugz8qXNyNq7I8A3dmDZ4AaABAg,5:50 realme 16 series bhi overpriced ho gaya hai,1,2026-01-14T13:15:58Z
2026-10-03,P046,v1,3n5xAvPkzLU,UgzNyRHwHgJMjDNTdg94AaABAg,"Overpriced to hoga hi tha , oppo ne youtubers, or influencers ko itna paisa diya hai promotion ka kahi se to cover karega na 😂😂",5,2026-01-14T07:16:14Z
2026-10-03,P046,v1,3n5xAvPkzLU,UgzlHChf1RG1mNLRcrp4AaABAg,But look at a overlooked feature oppo reno 15 pro has AF selfie camera while find x9 has fixed focus selfie camera,0,2026-08-03T03:43:32Z
2026-10-03,P046,v1,3n5xAvPkzLU,UgzzoKxo2wQeUFaooC54AaABAg,"But Flipkart axis credit card offer pe nothing ka price 48000 hai, that is a much better deal",0,2026-01-14T09:34:28Z
2026-10-03,P046,v1,3n5xAvPkzLU,UgxpKIY_YUjbcF0GGAR4AaABAg,Bhai ne bahut smartly oppo ko naraaz nahi kiya..,0,2026-01-13T18:33:01Z
2026-10-03,P046,v1,3n5xAvPkzLU,UgzfAZxlfpLMZJaSkup4AaABAg,Nice 👍 information ☺️,0,2026-01-13T20:01:47Z
2026-10-03,P046,v1,BktPT37Iy-k,Ugx20eVnUlmukKwYUvd4AaABAg,పని పాట లేకుండా నా లాగ వీడియో చూస్తున్న వాళ్ళు ఎంతమంది 😂,1034,2026-01-08T07:46:56Z
2026-10-03,P046,v1,BktPT37Iy-k,UgzgYRmFFsBirETRggR4AaABAg,No buying only watching,281,2026-01-08T07:40:29Z
2026-10-03,P046,v1,BktPT37Iy-k,Ugx9l-bTs0Pebhi0Wz54AaABAg,కొనేది లేదు కానీ.... చూడటం గ్యారెంటీ 😅,91,2026-01-08T08:58:49Z
2026-10-03,P046,v1,BktPT37Iy-k,Ugxox2SWmIfgqOWoorZ4AaABAg,"Reno 15 : ₹45,999 
Reno 15 pro mini : ₹59,999
Reno 15 pro : ₹67,999 with offers 
Mobile companies chala ekkuvaga prices pedutunnaru
Reno 15 pro ki inko 7k add cheste Find X9 eyy vastundi",89,2026-01-08T08:06:13Z
2026-10-03,P046,v1,BktPT37Iy-k,UgxLLrkGWwr_EY1NHwB4AaABAg,Bank balance 0% watching interest 100% 😁 I like Prasad Anna ❤,6,2026-01-08T13:49:53Z
2026-10-03,P046,v1,BktPT37Iy-k,Ugz7gM1qnhM6gtFoGXB4AaABAg,ఎన్నో రోజుల నుండి చూస్తున అన్న కొనుక్కుందాం అని కానీ ప్రైస్ చూడగానే కొనుకోవాలి అన్న ఆశా చనిపోయింది 😭😭😭,142,2026-01-08T08:05:40Z
2026-10-03,P046,v1,BktPT37Iy-k,Ugy-TD5-N-HgxvJtLod4AaABAg,ఎందుకు చూస్తాను తెలియదు కానీ వీడియో మొత్తం చూస్తాను 😂,6,2026-01-09T05:28:00Z
2026-10-03,P046,v1,BktPT37Iy-k,Ugyyjzq-VVI17l1B0V54AaABAg,ఎందుకు చూస్తానో తెలీదు కాని వీడియో మొత్తం చూస్తా 😂,20,2026-01-08T07:58:29Z
2026-10-03,P046,v1,BktPT37Iy-k,UgxfJm_n27WmcwOWRFV4AaABAg,Video Chusina morning ay mobile konna 😎🔥,6,2026-01-17T16:07:07Z
2026-10-03,P046,v1,BktPT37Iy-k,Ugwi4UHcXPiVRElNrOx4AaABAg,4:21 akkadela pettinavanna 😂😂,8,2026-01-08T17:39:12Z
2026-10-03,P046,v1,BktPT37Iy-k,UgzRSBsYAOcYvzXk-dR4AaABAg,OPPO 15 Series ❌️ IPHONE 15 Series ✅️,9,2026-01-08T12:39:12Z
2026-10-03,P046,v1,BktPT37Iy-k,UgxXpt5d_jNxYxvEE4R4AaABAg,Kindha medha upu prasad anna topu ❤❤,4,2026-01-08T07:54:30Z
2026-10-03,P046,v1,BktPT37Iy-k,UgxjN4BqfNu6Zkj0djl4AaABAg,Anna super ga experience chesaru meku meku mire sati🎉,3,2026-01-08T07:43:28Z
2026-10-03,P046,v1,BktPT37Iy-k,UgyrzCMxfLjU_NoIMdt4AaABAg,ఎందుకు చూస్తానో తెలీదు కాని వీడియో మొత్తం చూస్తా,15,2026-01-08T07:48:42Z
2026-10-03,P046,v1,BktPT37Iy-k,UgwXdcwpNHrCy7kP2jZ4AaABAg,Next Vivo V70 upcoming phone😎😎💪💪,3,2026-01-17T18:31:35Z
2026-10-03,P046,v1,BktPT37Iy-k,UgwFy53rnEJoKtr7FI94AaABAg,"OPPO reno 15 pro mini,
OPPO 15 pro
OPPO 15 
Unboxing and first' impression super 👌 Prasad Annayya 👌💐🙏",1,2026-01-08T20:06:45Z
2026-10-03,P046,v1,BktPT37Iy-k,UgxHHl27sOhCOtRVfXB4AaABAg,First like from Raichur 🎉❤❤❤,1,2026-01-08T07:46:34Z
2026-10-03,P046,v1,BktPT37Iy-k,Ugzhy5FtZDLfuFGj3ut4AaABAg,I love your tech videos❤❤❤🎉,2,2026-01-08T08:06:18Z
2026-10-03,P046,v1,BktPT37Iy-k,Ugw0oVz1_dGLt6PBqL14AaABAg,"Reno series day by day 📈 reno 10,11,14 & 15 best series",9,2026-01-08T08:09:36Z
2026-10-03,P046,v1,BktPT37Iy-k,UgxLoYNEi9vIeyjY9iB4AaABAg,"I don't know why I watch it, but I watch the whole video.❤❤",1,2026-01-08T08:01:52Z
2026-10-03,P046,v1,BktPT37Iy-k,UgwMrnp_Zaq4Z9KJtwl4AaABAg,ur the best unboxing anna😊😊😊😊,1,2026-01-08T08:12:08Z
2026-10-03,P046,v1,BktPT37Iy-k,Ugwq4UxN4rWr3mBx-oJ4AaABAg,Camera quality super,1,2026-01-09T02:15:20Z
2026-10-03,P046,v1,BktPT37Iy-k,UgxbCe3TSu_cTY4Cif94AaABAg,Ippudu okadu vachi phone konanu kaani prathi video chusta antaadu Chudandi 😂,32,2026-01-08T07:37:02Z
2026-10-03,P046,v1,BktPT37Iy-k,Ugy304t_D7MP0xtjrd14AaABAg,"Okadu vasthadu enduku chustano teliyadhu kaani chusthaa antadu , inkaa vachinda aadu😂",18,2026-01-08T07:45:27Z
2026-10-03,P046,v1,BktPT37Iy-k,UgwbT8S5EhNNZAjrJm94AaABAg,All the best Anna 💯🎉❤❤❤❤❤❤❤❤❤❤❤,1,2026-01-08T07:45:53Z
2026-10-03,P046,v1,BktPT37Iy-k,Ugx1wk_gORV4epKrGnd4AaABAg,Enti mayaaaa chala late chesav maaaya e video kosame ey wating ❤❤,1,2026-01-08T15:30:04Z
2026-10-03,P046,v1,BktPT37Iy-k,Ugx86sGz0DG6E15OkNB4AaABAg,annayya vachadu❤❤❤❤❤❤,2,2026-01-08T07:42:02Z
2026-10-03,P046,v1,BktPT37Iy-k,UgxpJrrPqEZ9yw8AzLB4AaABAg,Oppo 🙌🙌🔥🔥,1,2026-01-08T07:56:44Z
2026-10-03,P046,v1,BktPT37Iy-k,Ugy-vDU9_ka6QgaQaXx4AaABAg,Iam using reno 14 and reno 15 is also almost same as reno 14 its best at its range,1,2026-01-08T07:46:37Z
2026-10-03,P046,v1,BktPT37Iy-k,UgxiJxc6vav5A6EBwet4AaABAg,Phone konanu kani video chusta 😁,2,2026-01-08T07:45:50Z
2026-10-03,P046,v1,BktPT37Iy-k,Ugw61PkTgiBkV85h6mN4AaABAg,Super video Anna 🎉❤❤❤❤❤❤❤❤❤❤😊,1,2026-01-08T07:38:54Z
2026-10-03,P046,v1,BktPT37Iy-k,Ugxzonxvgtaxxzq9w7x4AaABAg,7th views❤️,2,2026-01-08T07:37:34Z
2026-10-03,P046,v1,BktPT37Iy-k,UgwxdGCKnrApigO-rLJ4AaABAg,I love  reno  seeies,1,2026-01-08T13:24:40Z
2026-10-03,P046,v1,BktPT37Iy-k,Ugy0ZCH2sVkuJ_rXsDZ4AaABAg,Hello bro watching from khammam💝💝💝,1,2026-01-08T13:03:33Z
2026-10-03,P046,v1,BktPT37Iy-k,UgwkcypWlPq0TE9-P_B4AaABAg,First like bro...❤❤❤❤❤,0,2026-01-08T07:41:01Z
2026-10-03,P046,v1,BktPT37Iy-k,Ugz2tnupJ6rUp3Lw1Hl4AaABAg,Waiting for oppo reno 15 Micromini 😅,2,2026-01-08T07:49:45Z
2026-10-03,P046,v1,BktPT37Iy-k,UgwYyamhwsaxQZ7yxat4AaABAg,Love to watch your videos bro ❤❤❤,0,2026-01-08T18:46:00Z
2026-10-03,P046,v1,BktPT37Iy-k,UgyRNeslGazxRQTF26N4AaABAg,Present bro ❤,0,2026-01-08T13:39:43Z
2026-10-03,P046,v1,BktPT37Iy-k,UgzxI7npd7nOIz0OoDt4AaABAg,Hiii anna love you from akividu ❤❤❤❤❤❤❤❤❤❤❤❤,1,2026-01-08T07:40:19Z
2026-10-03,P046,v1,BktPT37Iy-k,UgyRlrAJGTDkwXKT1HJ4AaABAg,Naa favourite phone anna❤,0,2026-01-08T12:00:08Z
2026-10-03,P046,v1,BktPT37Iy-k,Ugz-KdBCm8GD1JQiB-p4AaABAg,Greattttttt Pricing 🥳,0,2026-01-08T07:40:10Z
2026-10-03,P046,v1,BktPT37Iy-k,Ugypt1IVoxFimWzAYw94AaABAg,Love from vizag ❤,0,2026-01-08T09:02:57Z
2026-10-03,P046,v1,BktPT37Iy-k,UgyfQTIMj6rBdppUHRB4AaABAg,Oppo fans ❤️❤️,21,2026-01-08T09:45:24Z
2026-10-03,P046,v1,BktPT37Iy-k,UgxiAThCfhwAs-3-DfJ4AaABAg,Always support Prasad Anna tech news ❤😊,0,2026-01-08T15:26:35Z
2026-10-03,P046,v1,BktPT37Iy-k,UgzedmOVAGj4lX_fcYZ4AaABAg,First comment,1,2026-01-08T07:36:30Z
2026-10-03,P046,v1,BktPT37Iy-k,UgwzS9Z1hsqZXtLNogp4AaABAg,Hii anna good evening❤❤❤❤❤,1,2026-01-08T07:41:35Z
2026-10-03,P046,v1,BktPT37Iy-k,UgyCuXibSuHHWWIK-YR4AaABAg,Nenu  20  days back oppo reno 13  thesukunnanu . Anna . bagundhi mobile ❤,1,2026-01-08T08:26:41Z
2026-10-03,P046,v1,BktPT37Iy-k,UgxpGGxVhogA9heBpCt4AaABAg,On buying only watching 😂,3,2026-01-08T07:46:54Z
2026-10-03,P046,v1,BktPT37Iy-k,Ugyg0tWBnxh9D-Tp-G14AaABAg,Bro nice hairstyle looking very nice,1,2026-01-08T17:36:35Z
2026-10-03,P046,v1,BktPT37Iy-k,UgxJ0qRwQ0X83KcP0nh4AaABAg,First like anna 💕,0,2026-01-08T07:36:27Z
2026-10-03,P046,v1,BktPT37Iy-k,UgycntW-5_QgGUutgAp4AaABAg,Prasad anna fans only one like👍😊,2,2026-01-08T13:18:47Z
2026-10-03,P046,v1,BktPT37Iy-k,UgzAPAIHjTyWju3BZ4B4AaABAg,Hi Prasad Anna......... 3 models kuda eye catching and Awesome colours......... Anna (2) black colours meeku and one (1) blue colour naaku.........😍😍😍😍💙,0,2026-01-08T11:54:00Z
2026-10-03,P046,v1,BktPT37Iy-k,UgyXdingzAe1kycsRfx4AaABAg,Anna super ga experience chesaru Anna ❤❤❤❤❤❤❤❤,0,2026-01-08T07:46:56Z
2026-10-03,P046,v1,BktPT37Iy-k,Ugy0VTTK-qKM8aCcS1F4AaABAg,Hi Prasad anna 👋,1,2026-01-08T07:51:24Z
2026-10-03,P046,v1,BktPT37Iy-k,Ugw2a_VDbLUTpPN3UqR4AaABAg,Nice Anna,1,2026-01-09T03:19:08Z
2026-10-03,P046,v1,BktPT37Iy-k,UgwS7_mUzcvSDb0SoNV4AaABAg,Superb 🎉🎉🎉🎉,0,2026-01-08T08:27:03Z
2026-10-03,P046,v1,BktPT37Iy-k,Ugz9BL4sDZ5--DNVczV4AaABAg,Mini❤,1,2026-01-08T08:25:58Z
2026-10-03,P046,v1,BktPT37Iy-k,Ugze649ogWcQ3B-b0M94AaABAg,❤️❤️ Mobile meeda interest valla chustanu can't buying,0,2026-01-08T14:24:47Z
2026-10-03,P046,v1,BktPT37Iy-k,UgxnS8H87SrLXgvTMX54AaABAg,ROCKEY gaadu SLOW MOTION VIDEO shots ki model iyeepoyadu 🤣🤣🤣😂😂😂😍,6,2026-01-08T07:59:23Z
2026-10-03,P046,v1,BktPT37Iy-k,Ugyg1O9fEMG8_m-_hql4AaABAg,Suppper vides bro 😘😘❤❤,0,2026-01-09T12:47:36Z
2026-10-03,P046,v1,BktPT37Iy-k,UgxNONKzCqvUpZYhJm94AaABAg,Give away laga undi thambnail ❤❤❤❤❤❤❤❤,1,2026-01-08T08:07:30Z
2026-10-03,P046,v1,BktPT37Iy-k,Ugyf_PoWNYUhwSpJo454AaABAg,Good evening prasad Anna ❤ love you ❤❤,0,2026-01-08T10:42:04Z
2026-10-03,P046,v1,BktPT37Iy-k,Ugw9AsoWeUYIT3XFpvR4AaABAg,Bagundhi ❤,0,2026-01-08T16:31:28Z
2026-10-03,P046,v1,BktPT37Iy-k,Ugzav-beo2M762JL1jd4AaABAg,Following from 7 yrs ❤,0,2026-01-08T15:01:29Z
2026-10-03,P046,v1,BktPT37Iy-k,UgwVE4tizjtgtyeu5S94AaABAg,Super,1,2026-01-08T07:39:06Z
2026-10-03,P046,v1,BktPT37Iy-k,UgyY-njTngs7W5J8HBx4AaABAg,Hii annaya from Odisha Rayagada 8.1. 26 view ......❤❤❤,0,2026-01-08T11:52:54Z
2026-10-03,P046,v1,BktPT37Iy-k,Ugy31-Ezmm3PiFAudV14AaABAg,Nice 👍 review bhaiya,0,2026-01-08T08:30:58Z
2026-10-03,P046,v1,BktPT37Iy-k,UgxOko-cHO5kxlaWjbZ4AaABAg,❤️హాయ్ ❤️అన్న ❤️😍😍,0,2026-01-08T10:07:50Z
2026-10-03,P046,v1,BktPT37Iy-k,UgzDsmyPyFShO6ni7PF4AaABAg,Waiting for oppo reno 15,0,2026-01-08T10:30:09Z
2026-10-03,P046,v1,BktPT37Iy-k,Ugz1fDj6sLCzfQ8xYu14AaABAg,Thank you support you,1,2026-01-08T15:07:59Z
2026-10-03,P046,v1,BktPT37Iy-k,Ugx1cAFH9mFByqf0B7l4AaABAg,I like pro model anna,1,2026-01-08T08:00:47Z
2026-10-03,P046,v1,BktPT37Iy-k,Ugw0XwZpJlUTXrqfiv54AaABAg,Nice,1,2026-01-08T07:41:10Z
2026-10-03,P046,v1,BktPT37Iy-k,UgxpvZE6rY0pGT9CDQJ4AaABAg,Design is good,0,2026-01-08T16:57:28Z
2026-10-03,P046,v1,BktPT37Iy-k,UgyMMI3ZXa9xLV1P0vN4AaABAg,Pt family 🎉,1,2026-01-08T07:55:46Z
2026-10-03,P046,v1,BktPT37Iy-k,UgxgWXLNnd6eQ6xB79d4AaABAg,Hi bro Thank you ❤🎉,0,2026-01-08T16:26:33Z
2026-10-03,P046,v1,BktPT37Iy-k,UgyaCV8gACJd3VKizmJ4AaABAg,Super Ga Unnayi,0,2026-01-08T08:38:50Z
2026-10-03,P046,v1,BktPT37Iy-k,UgxsseFfpl6FgUGOqbh4AaABAg,"బ్రో రేట్లేంది బ్రో ఆ ప్రకారంగా పెరిగిపోతున్నాయి మొన్నటిదాకా రియల్మీ v3 ఆల్ట్రా 20,000 ఉన్నది ఈరోజు కొందామని పోతే 25000 చెబుతున్నాడు ఇలా అయితే ఫోన్ ఎలా బ్రో కొన్ని ఇది",4,2026-01-08T16:32:08Z
2026-10-03,P046,v1,BktPT37Iy-k,Ugw3yvuq8wWK2O90aT94AaABAg,Reno phones Chala bavuntai 👌👌👌,0,2026-04-07T13:07:35Z
2026-10-03,P046,v1,BktPT37Iy-k,UgwyD2bZLWTYRIAKiUl4AaABAg,Namasthe Anna ❤,0,2026-01-08T11:14:51Z
2026-10-03,P046,v1,BktPT37Iy-k,UgwxmUzVuPMbp7vdnUd4AaABAg,Nice 🎉🎉anna,0,2026-01-08T15:44:32Z
2026-10-03,P046,v1,BktPT37Iy-k,UgzUGUzKNY2v3ffY6oN4AaABAg,Love you anna,0,2026-01-08T07:36:52Z
2026-10-03,P046,v1,BktPT37Iy-k,Ugxz12Q3mG2rKkBrOXR4AaABAg,Nenu e video reno 15 lo ney chusthunna 😂❤,1,2026-02-27T08:24:14Z
2026-10-03,P046,v1,BktPT37Iy-k,UgxQhNJ0QDz3MbmgBHl4AaABAg,"Super, sir",0,2026-01-08T11:05:22Z
2026-10-03,P046,v1,BktPT37Iy-k,UgwHhahbD2-rkxlRsBJ4AaABAg,Jai prabhas Anna❤❤❤❤❤,0,2026-01-08T07:41:14Z
2026-10-03,P046,v1,BktPT37Iy-k,UgzF6bTYgHezD0_FyHZ4AaABAg,Bagundhi bhayya,0,2026-01-08T08:36:58Z
2026-10-03,P046,v1,BktPT37Iy-k,Ugzq486PwwIIy2NmN3p4AaABAg,Nice 👍,0,2026-01-08T14:35:28Z
2026-10-03,P046,v1,BktPT37Iy-k,UgxCa4pPtEim0e_7Eph4AaABAg,Reno 15C also launched,2,2026-01-08T07:41:06Z
2026-10-03,P046,v1,BktPT37Iy-k,UgwoZaxlq3qXbDZ2pLp4AaABAg,Mini ❤❤❤,0,2026-01-08T17:11:48Z
2026-10-03,P046,v1,BktPT37Iy-k,UgzNo_V_klYW8vqDzEF4AaABAg,Ad vachinavallu😂😂,2,2026-01-08T07:43:25Z
2026-10-03,P046,v1,BktPT37Iy-k,UgzdocJWBx2mxeqP0AV4AaABAg,Namaste Anna ❤,0,2026-01-08T15:10:21Z
2026-10-03,P046,v1,BktPT37Iy-k,Ugx6r1olaYcmQBK0Eml4AaABAg,Nenu kuda Anna Pani Pata lekunda chusthanu😂,1,2026-01-09T10:15:07Z
2026-10-03,P046,v1,BktPT37Iy-k,UgyQos-LCfLnUeGBH8l4AaABAg,8k like nadi ❤️,0,2026-01-08T15:08:28Z
2026-10-03,P046,v1,BktPT37Iy-k,UgyZ2h1ynBTd0NMX7e94AaABAg,watching from reno 14,0,2026-01-09T03:06:40Z
2026-10-03,P046,v1,BktPT37Iy-k,UgzKsskdKdr0oOlQSzl4AaABAg,❤😍,1,2026-01-08T07:38:46Z
2026-10-03,P046,v1,BktPT37Iy-k,UgxKclin8Y0dVZFrU854AaABAg,Daddy's home🥵...,1,2026-01-08T07:36:38Z
2026-10-03,P046,v1,BktPT37Iy-k,Ugxqo5ew0CQl8xk-fVd4AaABAg,💥💥✨✨,0,2026-01-08T07:43:58Z
2026-10-03,P046,v1,BktPT37Iy-k,UgyT0lH391rYHaCW96x4AaABAg,Thanks anna,0,2026-01-08T07:47:07Z
2026-10-03,P046,v1,BktPT37Iy-k,UgyU884ojXxS5UWs8rJ4AaABAg,knife 🔪 super Anna,0,2026-01-12T03:05:12Z
2026-10-03,P046,v1,BktPT37Iy-k,UgzlLg1QFaVDIHHdXPx4AaABAg,ఖచ్చితంగా ఈ ఫోన్ కొనుక్కుంటాను😊😊,0,2026-01-08T08:59:07Z
2026-10-03,P046,v1,BktPT37Iy-k,UgyDugEmI-0_Epvq4_t4AaABAg,Anna compact lo best mobile Cheppu,2,2026-06-21T07:53:50Z
2026-10-03,P057,v1,EGkGRs6YhoM,UgwDvm8wvFYOoKsZBFZ4AaABAg,Fact : You can Double tap a comment to like and Triple tap a comment to Reply,17457,2024-08-21T17:12:44Z
2026-10-03,P057,v1,EGkGRs6YhoM,Ugy4uPLxBoNo0I14qzp4AaABAg,Whoever designed the intro deserves a raise,30260,2024-08-21T17:04:57Z
2026-10-03,P057,v1,EGkGRs6YhoM,UgyZWslBt6OPqURqjAp4AaABAg,"0:30 
""how hard do you want the intro to go?""
""yes""",13707,2024-08-21T17:40:36Z
2026-10-03,P057,v1,EGkGRs6YhoM,Ugwu7UU0VUur403nzK94AaABAg,"Mr. Brownlee, thank you for sharing your experience with these phones. I am 75 years old. So, I did not have the opportunity to use computers until my late 30's. My first cell phone was a bag phone!  Ha! The speed of the changes in the current cell phones is overwhelming for me. Hence, I appreciate your tone of voice and speed of your clear concise speech. You converse on a level that can be comprehended by me (being a very novice cell phone user). You were enjoyable to watch and listen too. I look forward to following your information videos. Keep up the good work. ",1003,2025-01-10T03:22:10Z
2026-10-03,P057,v1,EGkGRs6YhoM,UgzfU8QZk-Kf53g4PI54AaABAg,0:30 Google could just use this intro for their own marketing campaign,3401,2024-08-22T11:21:40Z
2026-10-03,P057,v1,EGkGRs6YhoM,Ugy4U4zicUu-UBswfFd4AaABAg,"As someone with smaller hands who intentionally got the 7 over the 7 Pro because of the size alone, I am extremely happy for the Pro phone not being XL! I hope this does continue!",5334,2024-08-21T18:50:58Z
2026-10-03,P057,v1,EGkGRs6YhoM,Ugx0yw3fzPZHQiKnUsd4AaABAg,THAT INTRO IS 🔥🔥🔥🔥,6483,2024-08-21T17:40:06Z
2026-10-03,P057,v1,EGkGRs6YhoM,Ugy_s49F6ehQu8geQk14AaABAg,"One huge thing for me, which you didn't mention is access to satellite network for SOS emergency. I do a lot of ski touring in the Alps, where there's no reception. It is fab not to have to carry another Iridium device and still be able to text for help. Brilliant.",100,2025-01-12T17:21:20Z
2026-10-03,P057,v1,EGkGRs6YhoM,Ugx83IZBqda9nSLMuiF4AaABAg,17:52 Missed opportunity for not doing the Spiderman finger pointing meme lol,2413,2024-08-21T19:22:17Z
2026-10-03,P057,v1,EGkGRs6YhoM,Ugw-7voMMGFEWs__0ax4AaABAg,The start animation is crazy,2087,2024-08-21T17:04:07Z
2026-10-03,P057,v1,EGkGRs6YhoM,Ugyx2wXzfETYNEJW9WZ4AaABAg,"No Marques, we did not watch the Google announcement because we saw your video first! 00:55",2468,2024-08-21T17:12:47Z
2026-10-03,P057,v1,EGkGRs6YhoM,UgzxdfamgvMkVWk8oxh4AaABAg,Pixel should learn how to intro like that 0:30 🔥,108,2024-11-13T16:17:40Z
2026-10-03,P057,v1,EGkGRs6YhoM,UgzE-zeyFzXHRpQHIKR4AaABAg,BROOOO the alarm at 0:35 was DEVIOUSSS,1533,2024-08-21T17:05:27Z
2026-10-03,P057,v1,EGkGRs6YhoM,Ugyc05uXG9O16Pnj9H94AaABAg,I will never understand these phone companies obsession  with glossy... The matte metal looks and feels so much more premium. It kills me that the pro models have those glossy sides.,2804,2024-08-21T18:34:08Z
2026-10-03,P057,v1,EGkGRs6YhoM,UgwCjA6p4qVwYFEPZnh4AaABAg,"""Reimagine me as Handsome"" 
Pixel ""Sorry that can't be done""

**EMOTIONAL DAMAGE**",912,2024-08-21T20:47:01Z
2026-10-03,P057,v1,EGkGRs6YhoM,UgwXZrYorF_1wX6rZud4AaABAg,"09:38 Google weather app used to be better than all other weather apps, but then they came along and got rid of the frog, and now it's just as good as all the other bland weather apps.",12,2025-07-01T16:23:57Z
2026-10-03,P057,v1,EGkGRs6YhoM,UgywqSrzKFxp5SOktSR4AaABAg,I don’t need AI to make art for me. I need AI to vacuum do the dishes,372,2024-08-22T18:29:58Z
2026-10-03,P057,v1,EGkGRs6YhoM,UgzaP20zT_zHV9GTBqh4AaABAg,"4:10 
""Happy about it, before it gets discontinued""
Bro really know Google too well",1693,2024-08-22T05:26:07Z
2026-10-03,P057,v1,EGkGRs6YhoM,Ugzx4mOaAyG13UN1kZB4AaABAg,Bro MKBHD's phone intros go harder than Google's ads by miles. Great work to the editors and designers of the intro.,1236,2024-08-22T01:58:02Z
2026-10-03,P057,v1,EGkGRs6YhoM,UgxeUAvr3v7HDO6NvHF4AaABAg,"I started this video and thought ""24 minutes is crazy"".... but damn your videos are done so well. You are captivating in how you speak and I really love the way you edit your videos. Also I can handle your voice for a long time, lol.... so many YouTubers that need to drink a damn glass of water before they starting filming",107,2024-12-09T15:18:00Z
2026-10-03,P057,v1,EGkGRs6YhoM,Ugw0Rt138B7fqU_rTJZ4AaABAg,Intro hits like crazy,1380,2024-08-21T17:03:09Z
2026-10-03,P057,v1,EGkGRs6YhoM,Ugz2T0rKKsUcwdqZi914AaABAg,19:01 Gemini knows that bro's already handsome.,606,2024-08-22T12:28:31Z
2026-10-03,P057,v1,EGkGRs6YhoM,UgzIgQT6xPNG-xpgBqx4AaABAg,Shoutout fr to the intro animators. My mouth was on the floor through the entire thing.,500,2024-08-21T17:03:41Z
2026-10-03,P057,v1,EGkGRs6YhoM,UgzMLOmo8xIsfV_akCB4AaABAg,"I'm glad they haven't stopped the thermometer app. When my home thermometer broke I was able to use the pixel temp sensor. Had a 103 fever, I was able to take my temp daily & send it into my doctor, until I was able to get in to see them. It's handy in a pinch",10,2025-02-06T07:04:34Z
2026-10-03,P057,v1,EGkGRs6YhoM,Ugzgh9qNYvOrTnEPWgx4AaABAg,Gemini and Assistant relationship is like having your gf meet your ex,385,2024-08-23T07:49:30Z
2026-10-03,P057,v1,EGkGRs6YhoM,UgyMLd5biR9eiT6PZ_Z4AaABAg,i really like that screenshots are not mixed together with regular photos - good work (at least for me).,572,2024-09-03T19:46:49Z
2026-10-03,P057,v1,EGkGRs6YhoM,UgwlRQDXmbsHYTzQcUp4AaABAg,"MKBHD Pixel 9 review:
10% hardware
10% software & AI
80% Weather App ✅

Love it!",355,2024-08-22T00:55:07Z
2026-10-03,P057,v1,EGkGRs6YhoM,UgxfF9asAtZJfRBHrsp4AaABAg,Whoever rewatching this after the Flipkart BBD sale announcement ? 😂😅,50,2025-09-12T02:49:52Z
2026-10-03,P057,v1,EGkGRs6YhoM,UgyU_N6N1XCjVSfmKKB4AaABAg,"As a weather forecaster in the Air Force, it really shows my nerdiness by how the Pixel weather app was the most exciting thing to me lmao",498,2024-08-26T15:26:02Z
2026-10-03,P057,v1,EGkGRs6YhoM,Ugzc-teFJHYf-wts5HN4AaABAg,One day Marques will be like: So i have been living in Mars for 2 years now. 😂,378,2024-08-21T17:19:34Z
2026-10-03,P057,v1,EGkGRs6YhoM,UgwkbLDlA2LKprRDd5B4AaABAg,"The intro is so crazy and perfect that I watched it several times. As one netizen said, “Who needs a Google event when you can just watch MKBHD.”",513,2024-08-21T21:46:13Z
2026-10-03,P057,v1,EGkGRs6YhoM,UgycIHfzkK-Esx8zYql4AaABAg,18:55 its saying youre already handsome,16,2024-10-27T22:18:46Z
2026-10-03,P057,v1,EGkGRs6YhoM,UgyE_Co00-V09_m_2HV4AaABAg,The subplot of the rain approaching during this video was quite fun,90,2024-08-21T19:23:13Z
2026-10-03,P057,v1,EGkGRs6YhoM,Ugyr1LVqnbEH4rMcqbt4AaABAg,That intro was a sicker Pixel 9 ad than anything Google made,120,2024-08-22T12:30:54Z
2026-10-03,P057,v1,EGkGRs6YhoM,UgwyKYS-VEPRJg0vPvF4AaABAg,“What is a photo anyway?” Is so deep on so many levels 😂 19:08,353,2024-08-23T13:49:26Z
2026-10-03,P057,v1,EGkGRs6YhoM,UgwW1ZDbf8nl5axpcdt4AaABAg,"Gemini is actually incredible, I used it to translate some stories for me so I don't have to do it manually and it did it pretty well, keeping the mood and feel I gave the original text and retaining it in the translation, and every other thing it hasn't failed me in, it's amazing",4,2024-12-13T12:20:58Z
2026-10-03,P057,v1,EGkGRs6YhoM,UgwpHk6tx_BNncVtqGN4AaABAg,"Upgrading from my Pixel 6 to Pixel 9 Pro. Finally no need to get the XL version for the premium features. 

Amzing intro 🎉",73,2024-08-22T15:18:11Z
2026-10-03,P057,v1,EGkGRs6YhoM,Ugz8AxpneVayzJJNxGp4AaABAg,Literally my favorite thing about the Pixel's hardware for a while now is how satisfyingly clicky the buttons are. SO good.,460,2024-08-21T23:00:00Z
2026-10-03,P057,v1,EGkGRs6YhoM,UgzrZ8077Zq35NvRtct4AaABAg,Don't forget you can turn off Photo processing and just shoot raw if you want to. I personally like the Google photo processing but if you don't at least you have the option!,221,2024-09-07T18:30:32Z
2026-10-03,P057,v1,EGkGRs6YhoM,UgzBysnfaE4PPJBIEch4AaABAg,"20:00 I don’t agree. Screenshots should’ve never been among the photos to begin with. Why would you want screenshots to clutter your camera photos? Additionally, this allows google to add more features screenshot related. And sure you can do that in photos as well, but that makes the photos app more complex.",115,2024-11-17T09:06:12Z
2026-10-03,P057,v1,EGkGRs6YhoM,UgwPKBe04HfVLh-t4Nt4AaABAg,You know how interesting the pixel 9 is when everyone talks more about the intro lol,259,2024-08-21T22:31:02Z
2026-10-03,P057,v1,EGkGRs6YhoM,UgwASdee57Yg6R7CCRF4AaABAg,I have a baby and I i use the thermometer quite frequently to check the temperature of milk or bath water. I really hope they'll keep it on the future generations of pixels.,517,2024-08-21T18:43:06Z
2026-10-03,P057,v1,EGkGRs6YhoM,UgzEK-E6HmqqHUe-LRd4AaABAg,"I wish somebody would talk and test basic cell phones activities, like  connectivity, call sound quality, how sensitive are the antennas, etc.  You know, after all they are still mainly phones, a communication tool.",97,2024-08-28T10:14:49Z
2026-10-03,P057,v1,EGkGRs6YhoM,UgwJ7Fr7Trzl_UckdLl4AaABAg,"Thankfully that screenshots app is now integrated into Google Photos. I just ordered a Pixel 9 in Peony and super stoked to get it! Upgrading from a Pixel 7a, so this should be quite the leap! I know this video is 4 months old, but I sure appreciate it and love how far you've come with your videos!",22,2025-01-15T05:43:52Z
2026-10-03,P057,v1,EGkGRs6YhoM,UgwMk-vBMcZyVIwHny54AaABAg,15:12 i wanna see Google assistant vs Gemini too,17,2024-08-22T08:29:17Z
2026-10-03,P057,v1,EGkGRs6YhoM,Ugw0T2bxZV6f5962ge14AaABAg,"Having premium specs in a pocketable size is already a win in my book
I hate how ""ultras"" and pros are getting bigger by the minute",380,2024-08-21T18:51:52Z
2026-10-03,P057,v1,EGkGRs6YhoM,UgwI0Zrod6lPzl30DZp4AaABAg,that intro is so fire! using the pixel ui and material ui widget shapes and curves. Sound engineering with graphics and syncing them perfectly. Wow hats off to the whole team for coming up with that intro so fast!,196,2024-08-26T01:15:07Z
2026-10-03,P057,v1,EGkGRs6YhoM,UgwBb8eL-6PhZo2OpsF4AaABAg,"11:20 Assistant Battle please!!! 🙏 It is the deciding factor for me to choose an entire ecosystem. It would be nice to do the battle in all ecosystem devices including watch and headphones, oh and home speakers.",6,2025-01-23T10:11:17Z
2026-10-03,P057,v1,EGkGRs6YhoM,UgxCx_GHiLGPY5NhAPd4AaABAg,"Huge props to the studio for this sick intro, y'all outdid yourselves. Special shoutout to that sound design too",309,2024-08-21T20:02:52Z
2026-10-03,P057,v1,EGkGRs6YhoM,Ugwath0WS1na8X9r1VV4AaABAg,10:23 The developer of the temperature app: 😨,16,2024-08-21T23:16:59Z
2026-10-03,P057,v1,EGkGRs6YhoM,UgxBEvm1oqQP43UnWhd4AaABAg,the pixel 9 feels incredible in-hand,61,2024-08-21T21:02:33Z
2026-10-03,P057,v1,EGkGRs6YhoM,Ugy26wLKH91xPV1dMnV4AaABAg,That intro beat just made this video go from being in the background to robbing me of my focus 🔥 0:19,15,2025-08-31T12:57:16Z
2026-10-03,P057,v1,EGkGRs6YhoM,UgwK3h4UUAGbJN7A4Ld4AaABAg,"You’re definitely missing something, the screenshot app is an insanely good idea for people like me that have not the best memories. And screenshot things to remember regularly.",66,2024-08-21T18:01:19Z
2026-10-03,P057,v1,EGkGRs6YhoM,UgxPnQxfikWrxvM0Sbx4AaABAg,"Man, this video is just a banger overall, from the intro to the title cards. Like, damn, this felt like walking along the chilled beverage and dairy aisle.",80,2024-08-21T17:51:14Z
2026-10-03,P057,v1,EGkGRs6YhoM,UgymbJOie6W4JqoX0aF4AaABAg,I use screen shots multiple times a day o save information and remind me on things. I love that Google separated the screen shots from the photo app,135,2024-08-26T11:40:10Z
2026-10-03,P057,v1,EGkGRs6YhoM,UgwRyeDs07RYC0qsz2h4AaABAg,I liked the finger id on the back. It was faster and more ergonomic for swiping etc. I wish they would bring that back. Or really anywhere other than the center on the screen for those of us with short fingers. It's the biggest reason I haven't upgraded lol.,67,2024-09-28T02:08:16Z
2026-10-03,P057,v1,EGkGRs6YhoM,UgwaF53YOHo8bWlbNTd4AaABAg,"niiiice,
counter to the temp sensor. One of my kids was sick and I was putting them to sleep and I forgot to bring our thermometer to their room before they fell asleep in my arm. Luckily had my pixel 8 pro with me so scanned and got a good temp reading. Later I compared between our dedicated forehead scanning thermometer to the pixel 8 pro and they were pretty much identical in results. (plus the pixel 8 pro was storing the readings so I could look at the historical scans if I was monitoring the kiddos readings consistently)",12,2024-08-27T15:11:18Z
2026-10-03,P057,v1,EGkGRs6YhoM,UgyO90XHpRRo_2L4Qz54AaABAg,"Google: ""7 years of software updates""
Also Google: ""Here's our new basic weather app, exclusive to Pixel 9 phones and Pixel tablet""",264,2024-08-21T20:48:38Z
2026-10-03,P057,v1,EGkGRs6YhoM,UgzaisNQUKxv7WVaoRB4AaABAg,"6:45

normal people when they see a snake run away 
meanwhile MKBHD: let me click a picture on my new pixel",193,2024-08-22T08:27:20Z
2026-10-03,P057,v1,EGkGRs6YhoM,UgxGPHYSr5wY-QExgx14AaABAg,"Your review is one of the most insightful, informative and thorough I've seen so far. Thank you",2,2024-10-27T02:30:23Z
2026-10-03,P057,v1,EGkGRs6YhoM,UgwGUATB9lLb9F8Rti94AaABAg,Google Assistant is now Gemini's assistant and Gemini is micro-managing him/her.,205,2024-08-22T05:08:59Z
2026-10-03,P057,v1,EGkGRs6YhoM,UgzD72QBKyzNUlS7DTx4AaABAg,"The AI extensions with Gemini in research papers are described as tool usage, and so Gemini is using Google Assistant as a tool to complete certain tasks like alarms or other things that Gemini doesn't have the capabilities to do, etc.",135,2024-08-21T18:41:29Z
2026-10-03,P057,v1,EGkGRs6YhoM,UgwkP3zWs6llawkOXtB4AaABAg,@17:51 Missed opportunity not to do the Spider-Man meme.,159,2024-08-21T17:08:13Z
2026-10-03,P057,v1,EGkGRs6YhoM,Ugxt_pLjsCx5tFHsJFh4AaABAg,"11:41 that's the kind of transition I call ""MKBHD transition""",2,2024-11-09T19:30:32Z
2026-10-03,P057,v1,EGkGRs6YhoM,Ugz_UL7xldTU21U1ZfF4AaABAg,I hope google never stops working on temperature sensor 😇,144,2024-08-21T20:42:27Z
2026-10-03,P057,v1,EGkGRs6YhoM,UgywCEjPrK7IPwB-bM14AaABAg,I can’t wait for TV shows that use the Pixel for their classic “Zoom & Enhance” when solving a crime. 21:12,55,2024-08-21T17:38:21Z
2026-10-03,P057,v1,EGkGRs6YhoM,Ugxaaa8hY-o8565qlbx4AaABAg,I like that screnshots are separated and not mixed with travel pictures or whatever,36,2024-08-24T14:22:27Z
2026-10-03,P057,v1,EGkGRs6YhoM,UgyDZSZRwJujmR4yc_t4AaABAg,"Now multiple models of Pixel are experiencing major battery issues. Google has acknowledged the Jan 2025 update is a problem for Pixel 4a phones, but people with Pixel 9 Pro are also reporting (on Reddit) issues happening with their battery.",4,2025-01-13T18:40:50Z
2026-10-03,P057,v1,EGkGRs6YhoM,UgxSyexEvJwxhW6Ekrd4AaABAg,"Me thinking of finally seeing full fledged pixel 9 impressions for the first time.

Marques: So, I've been using this device for about 4 years.",173,2024-08-21T17:04:12Z
2026-10-03,P057,v1,EGkGRs6YhoM,UgxURcgdit1qSQjCrkZ4AaABAg,"My hope is, if the screenshots app works as both a product and a part of the routine, they add a choice to stop showing screenshots in the main pictures app, and keep them separately at screenshots.",13,2024-08-23T05:41:11Z
2026-10-03,P057,v1,EGkGRs6YhoM,Ugy5dAm4NPE86T9c25d4AaABAg,as a parent I would love a built in thermometer!,10,2024-08-21T19:40:48Z
2026-10-03,P057,v1,EGkGRs6YhoM,UgyIQd0G72Ed-xpUqRd4AaABAg,The OG iPod Shuffle is how I originally got into iPods as a kid. Loved that thing so much the headphones were basically glued into my ears in high school.,1,2024-10-09T20:10:05Z
2026-10-03,P057,v1,EGkGRs6YhoM,UgwdbcB1NLwUa-zSurJ4AaABAg,"'Reimagined me handsome' had me rolling.😅 You don't need that Marques, you're already cool.",39,2024-08-21T20:13:33Z
2026-10-03,P057,v1,EGkGRs6YhoM,Ugw4riInMhye2PtKLw14AaABAg,19:10 was waiting for “what is a photo” moment😂,22,2024-08-21T18:30:00Z
2026-10-03,P057,v1,EGkGRs6YhoM,UgzravNdCqGTobIOiP54AaABAg,00:35 i thought my alarm went off 😂,155,2024-08-21T17:05:13Z
2026-10-03,P057,v1,EGkGRs6YhoM,UgxjJkNRXfvJzDIKu0p4AaABAg,Watching this on my Pixel 9. I got it during the BBD sale 😉 It's a crazy phone!,2,2025-09-26T18:23:02Z
2026-10-03,P057,v1,EGkGRs6YhoM,UgwQHkev64IUkbWfIiV4AaABAg,13:06 “why even tell me that just do the thing” made me laugh laugh,50,2024-08-21T19:06:59Z
2026-10-03,P057,v1,EGkGRs6YhoM,UgwoG-JtMqZE2U4aYgF4AaABAg,"@19:01 - ""Reimagine as handsome"" hahahahahaha that had me dead",113,2024-08-22T17:24:56Z
2026-10-03,P057,v1,EGkGRs6YhoM,UgxeqxAOqta-RpoZnoN4AaABAg,"not only the samsung, but also the IQOO 9 SE has that fingerprint reading capability when the display is completely off, I didnt think about it until you mentioned this in the video.",9,2024-08-23T15:03:10Z
2026-10-03,P057,v1,EGkGRs6YhoM,Ugw4k9IqWF7lMQ98MT94AaABAg,"00:05 Google Pixel 9/Pro phones bring new designs, specs, and features with some issues and higher price tags.
02:35 Google Pixel 9/Pro packs new Tensor G4 chip with enhanced AI capabilities.
04:41 Google Pixel 9/Pro has room for improvement in fast charging, design, and pricing
06:50 The Google Pixel 9/Pro camera leans towards a punchy look, ideal for social media sharing.
08:54 Google Pixel offers unique features enhancing user experience
10:57 Gemini assistant on Pixel 9 is rapidly improving and useful
13:20 Gemini extensions make Google Pixel 9/Pro highly functional in everyday tasks.
15:22 New AI features on Pixel 9: Useful, Meh, Gimmick
17:27 Google Pixel camera app offers unique features for photo editing
19:24 Google Pixel 9/Pro features a new feature called 'app' for organizing screenshots with added functionality.
21:17 Google Pixel 9/Pro offers impressive AI features and smart functionality.
23:10 Power bank with 250 watts total output and customizable charging priority.",11,2024-10-06T19:14:08Z
2026-10-03,P057,v1,EGkGRs6YhoM,UgwGz-ObP_XaMNK8QHd4AaABAg,"19:00 Marques, you're already handsome my boy. AI can't fix that 😂",91,2024-08-21T22:53:43Z
2026-10-03,P057,v1,EGkGRs6YhoM,UgwO9Ylwhczfm8lqRtl4AaABAg,My god that intro was so clean I was just in absolute awe.,52,2024-08-29T18:01:16Z
2026-10-03,P057,v1,EGkGRs6YhoM,UgzgYJ4IuyKNbIWyaHp4AaABAg,"Google Assistant = JARVIS
Gemini = Ultron",175,2024-08-22T08:41:43Z
2026-10-03,P057,v1,EGkGRs6YhoM,UgymihAT_JSkntAAlPB4AaABAg,"I’m thinking of getting this for my partner. His phone is pretty jank, and he is pretty anti-AI, so I appreciate you saying that the AI features are mostly optional. Nice video!",2,2024-10-24T01:43:41Z
2026-10-03,P057,v1,EGkGRs6YhoM,UgwPH_KnlVCJOpqedFh4AaABAg,your intros are consistently better and crispier than the product companies own marketing....,24,2024-08-23T02:19:19Z
2026-10-03,P057,v1,EGkGRs6YhoM,UgwSnhmEnoojSpy1w9t4AaABAg,"Honestly as a Chef I want them to keep working on the thermometer app haha, would be awesome to get reliable readings on the smoker and stuff.",19,2024-08-22T13:29:28Z
2026-10-03,P057,v1,EGkGRs6YhoM,Ugx0pSFmxeTU6x8iOP14AaABAg,"The screenshots app would actually be really useful, regardless of whether its integrated in google photos or not, specially for deleting all useless screenshots at once,",55,2024-08-22T05:19:20Z
2026-10-03,P057,v1,EGkGRs6YhoM,UgyL53ixtcWPIdJ2GjZ4AaABAg,bro you are a genius ....your studio is something else,1,2025-01-10T10:05:14Z
2026-10-03,P057,v1,EGkGRs6YhoM,UgwyI0b-2J9b1nmtZ_R4AaABAg,I hope you pay your editors enough...,445,2024-08-22T06:05:14Z
2026-10-03,P057,v1,EGkGRs6YhoM,UgymRWCRuD9Xk8MBuFZ4AaABAg,this intro is just INSANE,212,2024-08-21T17:05:47Z
2026-10-03,P057,v1,EGkGRs6YhoM,UgwaLS_D36BkI6-oQvx4AaABAg,I swear every intro marques and his team CONSTANTLY raise the bar for their intros 🙌🏽,43,2024-08-21T22:58:53Z
2026-10-03,P057,v1,EGkGRs6YhoM,UgzpXtHS7N5q6dU4-iV4AaABAg,"I have a Pixel 8 Pro. Personally I like a bigger screen size, but the thing is just so damn heavy. 

Before the Pixel 8 Pro, I had a Motorola Moto G86, in most ways a interior phone BUT it's just so damn light with its plastic body. 

I actually love plastic/polycarbonate bodies, they're light and they do the job.",3,2025-01-20T06:39:17Z
2026-10-03,P057,v1,EGkGRs6YhoM,UgzG9dQ-ufBqsBNa5s14AaABAg,The astro mode for the pixel 9 pro is out of this world. I managed to get a full picture of all the stars in the sky with no blur,5,2024-09-04T02:38:05Z
2026-10-03,P057,v1,EGkGRs6YhoM,Ugw8kGFonmXtbrRUzKB4AaABAg,The fact that they didnt bring back the baby blue is criminal,42,2024-08-23T05:01:02Z
2026-10-03,P057,v1,EGkGRs6YhoM,UgxClaN4qeP9O29yE-l4AaABAg,I really like the screenshots app feature as someone who takes thousands of screenshots per year for information sake. However i am surprised too that they didn't just add this to google photos.,5,2024-08-27T02:26:07Z
2026-10-03,P057,v1,EGkGRs6YhoM,UgwzjqXiJKgb1jmkDp54AaABAg,0:35 that music scared me ,3,2025-02-26T05:12:35Z
2026-10-03,P057,v1,EGkGRs6YhoM,UgzHx-7zVZoXVNpzhYF4AaABAg,"I don't even watch MKBHD for the devices, just to enjoy the aesthetics and quality of the review.",78,2024-08-21T18:35:14Z
2026-10-03,P057,v1,EGkGRs6YhoM,Ugy3X2SyXSQ779pmSah4AaABAg,"The mic button on the search bar is not google assistant, it's google search.",141,2024-08-23T23:13:54Z
2026-10-03,P057,v1,EGkGRs6YhoM,UgyR6_a_wLDHRUYBZWV4AaABAg,14:44 That’s wildddddd,9,2024-08-21T18:53:59Z
2026-10-03,P057,v1,EGkGRs6YhoM,UgyhOHGAJ9cBvdgLcpR4AaABAg,"I got myself the 9 pro recently mostly because i just love the overall pixel UI experience. My first pixel was the 4a, then the 6a, and for once, i wanted a high-end and premium-ish smartphone. After a few months with it, it's just making me want to stay with the google pixels until I'm either disappointed or if someone does it better than google. for now, i'm absolutely happy with it.",7,2025-03-12T01:49:47Z
2026-10-03,P057,v1,63EVXf_S4WQ,UgzLL95GKu0FzIaEnk54AaABAg,The keynote ain't even started properly yet and this madlad already dropped his impressions. Not every superhero wears a cape tho,13949,2024-08-13T17:05:19Z
2026-10-03,P057,v1,63EVXf_S4WQ,Ugww4vG0GJFY_37TJUt4AaABAg,The keynote ain't even started,15993,2024-08-13T17:01:30Z
2026-10-03,P057,v1,63EVXf_S4WQ,UgxsC1yjCPfqda6WJ7B4AaABAg,Who needs a Google event when you can just watch MKBHD,13301,2024-08-13T17:03:47Z
2026-10-03,P057,v1,63EVXf_S4WQ,Ugxo2ZmIXcpo982XRQh4AaABAg,That add me feature is pretty cool. I find myself having to take a group photo all the time. A gimmick we can actually use.,247,2024-08-16T16:20:03Z
2026-10-03,P057,v1,63EVXf_S4WQ,UgxDzvmiwB8Y-1kSNup4AaABAg,2:42 kudos to the pigeon for staying in the frame 👏,6876,2024-08-13T18:09:32Z
2026-10-03,P057,v1,63EVXf_S4WQ,UgxFab-BuY6Vnr-T2154AaABAg,The keynote can wait,5978,2024-08-13T17:04:07Z
2026-10-03,P057,v1,63EVXf_S4WQ,UgzzQV4dBnFb9V29cep4AaABAg,that fairly odd parents reference was awesome,86,2024-08-16T08:09:39Z
2026-10-03,P057,v1,63EVXf_S4WQ,UgwqGh_9QNxLytXPdpx4AaABAg,That group photo merge is fucking crazy.,1792,2024-08-13T22:14:03Z
2026-10-03,P057,v1,63EVXf_S4WQ,Ugx_rkBuqCw19gW9fOB4AaABAg,"*Google Keynote Starts*

MKBHD : So , I have been using this pixel 9 for a week now... and here are my thoughts",641,2024-08-13T17:07:57Z
2026-10-03,P057,v1,63EVXf_S4WQ,UgzLQov5LnSZBADHiVd4AaABAg,"“Cosmo and Wanda vibes” 😂

Fairly Odd Pixels?",920,2024-08-13T17:24:12Z
2026-10-03,P057,v1,63EVXf_S4WQ,UgyvHScRdj6AlasFYqd4AaABAg,I use iPhone and have tones of screenshots like thousand plus. Having a dedicated screenshot app like in new pixel would be game changing,67,2024-08-16T18:39:23Z
2026-10-03,P057,v1,63EVXf_S4WQ,UgzvAtLkow4QfOlA6TJ4AaABAg,Justice for our little froggy in the weather app! Bring him back!! 😭,567,2024-08-13T20:01:23Z
2026-10-03,P057,v1,63EVXf_S4WQ,UgwilRA4Fqbjddaf9Eh4AaABAg,"Watching the keynote ❌
Watching MKBHD ✅",402,2024-08-13T17:20:35Z
2026-10-03,P057,v1,63EVXf_S4WQ,UgxdJcGgrTT6ogkM5Eh4AaABAg,"That ""Add Me"" photo thing is fun. I can finally take pictures of random people and make it look like I have friends.",837,2024-08-13T20:39:49Z
2026-10-03,P057,v1,63EVXf_S4WQ,UgzzLE2r3HHfS-43vqZ4AaABAg,That ADD ME feature just blew my mind!!!,137,2024-08-13T17:20:21Z
2026-10-03,P057,v1,63EVXf_S4WQ,UgxrZHSDABwpAPAOzEZ4AaABAg,Would be nice if the full review included a segment on how usable the Gemini AI will be WITHOUT a subscription,7,2024-08-20T14:46:23Z
2026-10-03,P057,v1,63EVXf_S4WQ,UgxVBCpj3MvBuYR4D-t4AaABAg,"1:51 When he said ""Ok, Google has done it"" my Google Assistant turned on LMAO",1068,2024-08-13T18:08:30Z
2026-10-03,P057,v1,63EVXf_S4WQ,Ugyr8u4pQe93Gb0NF714AaABAg,That add me feature is kinda sick,580,2024-08-14T00:56:31Z
2026-10-03,P057,v1,63EVXf_S4WQ,Ugx3GptW-6ynQI4Sjh94AaABAg,"7:36 he has a good point when he says, ""What is a photo?"", if we can do all this then the definition of photo is no longer relevant.",951,2024-08-13T19:32:38Z
2026-10-03,P057,v1,63EVXf_S4WQ,UgzjmH4s4xdwgzZwXnB4AaABAg,That Camera bump tho. Needs one of those yellow & black warning strips around it.,24,2024-08-16T17:43:35Z
2026-10-03,P057,v1,63EVXf_S4WQ,Ugy-8rbvqRJQWLGlfX14AaABAg,9:45 is this for taking a picture of a kid? That's low-key genius,669,2024-08-13T18:38:50Z
2026-10-03,P057,v1,63EVXf_S4WQ,UgwStG9LpVZRZXiQHYB4AaABAg,"7:38 ""WHAT IS A PHOTO"" i think it is a title for a future episode.",221,2024-08-14T01:03:17Z
2026-10-03,P057,v1,63EVXf_S4WQ,UgzziznuxFHlfF37hZB4AaABAg,5:00 Marques casually searching for lawn mowers and the phone showed nothing then proceeds to show a pic of a lawnmower.,560,2024-08-15T15:08:28Z
2026-10-03,P057,v1,63EVXf_S4WQ,UgwtL17O7UXsjpiwaMd4AaABAg,2:00 look at that happy camera bump :),15,2024-08-16T12:47:55Z
2026-10-03,P057,v1,63EVXf_S4WQ,UgyY7Jg6b8ditmhjfsp4AaABAg,"That ""Add Me"" photo thing is pretty cool 👀",446,2024-08-13T17:40:00Z
2026-10-03,P057,v1,63EVXf_S4WQ,Ugx_Qr7KnOrh-0-nF7J4AaABAg,9:28 that's a camera continent.,55,2024-08-13T18:13:33Z
2026-10-03,P057,v1,63EVXf_S4WQ,UgwnU6oqV12e7aNqP-F4AaABAg,"1:53 Marques: ""Okay Google's done it""

Google Assistants in my home: ""Sorry, I didn't understand.""",288,2024-08-13T17:15:08Z
2026-10-03,P057,v1,63EVXf_S4WQ,UgzJz0VhiD_CKFmYBHl4AaABAg,Aint gonna lie these phones look SICK. Clean design,270,2024-08-13T19:50:39Z
2026-10-03,P057,v1,63EVXf_S4WQ,UgycOgESghnG6Tzkk1Z4AaABAg,11:22 lmao body score wtf,34,2024-08-13T17:32:40Z
2026-10-03,P057,v1,63EVXf_S4WQ,UgzXYZLmhRhB5LbJAGp4AaABAg,"Can we talk about the 9:43 cartoons on the display while taking pictures? Completely underrated! Anyone with a kid can tell you how difficult it is to get a toddler to watch in the right direction for a photo and this may not work everytime, but it would still help 😂",524,2024-08-14T06:17:29Z
2026-10-03,P057,v1,63EVXf_S4WQ,Ugy-zhRbMipvtVQeSUh4AaABAg,"Knowing the weather in Amsterdam is SUPER IMPORTANT so I'm glad for that featureee especially now with AI telling me I might need a raincoat, long sleeve, jacket, t-shirt, waterproof boots, etc.. 😂",3,2024-08-17T21:27:25Z
2026-10-03,P057,v1,63EVXf_S4WQ,Ugydp_W_BM0jgPqx-jF4AaABAg,Marques makes a video faster than I can process the fact that I'm awake.,250,2024-08-13T17:11:01Z
2026-10-03,P057,v1,63EVXf_S4WQ,UgyuTobstrcwiFVxw6J4AaABAg,6:28 this Add me feature is very cool!,80,2024-08-13T23:19:02Z
2026-10-03,P057,v1,63EVXf_S4WQ,Ugwff2bTWUCjtmjigRt4AaABAg,MKBHD delivering us info before the keynote even out 😂,348,2024-08-13T17:56:51Z
2026-10-03,P057,v1,63EVXf_S4WQ,UgwTT5_jaCjeNy9KM894AaABAg,Definitely want to see the Fold review. Im sufficiently intrigued.,1,2024-08-30T14:24:27Z
2026-10-03,P057,v1,63EVXf_S4WQ,UgxaOxgAgqFVmHi78VJ4AaABAg,7:37 im going to put myself next to Obama in his inauguration and scare everyone,216,2024-08-13T17:36:06Z
2026-10-03,P057,v1,63EVXf_S4WQ,UgzucnWvOtwLULIYS9h4AaABAg,Theres an interview where one of the engineers from Google explained why they went with the new camera design for the Fold. Its in German. He basically said that they want their phones to be symmetrical but the Fold is already asymmetrical so they believed it to fit the design language more,500,2024-08-13T23:45:15Z
2026-10-03,P057,v1,63EVXf_S4WQ,Ugx5DMmlqh9xIiHHk2Z4AaABAg,5:15 bro just ended the ai stuff by starting it 🤣🤣,139,2024-08-13T17:19:49Z
2026-10-03,P057,v1,63EVXf_S4WQ,UgzRjpCxv-r2dqQC0Gp4AaABAg,Just wanted to say how much I appreciate the Latin music intro.  ❤🎉,0,2024-08-19T20:22:16Z
2026-10-03,P057,v1,63EVXf_S4WQ,UgxsWy39vlfR1BOuWSh4AaABAg,"The ""Add me"" feature is bunkers. 
I love it",167,2024-08-13T19:27:30Z
2026-10-03,P057,v1,63EVXf_S4WQ,Ugy-HNGewXZTzB6RJgR4AaABAg,5:16 the lawn mower bit was devilish😂,340,2024-08-14T02:26:26Z
2026-10-03,P057,v1,63EVXf_S4WQ,Ugx_PR3Ba49QnwO6uxh4AaABAg,Screenshots app lowkey gonna be a lifesaver cos saving stuff from gallery to new folders is a hassle,301,2024-08-15T15:31:42Z
2026-10-03,P057,v1,63EVXf_S4WQ,Ugzc2btMBLeNrfFWOuB4AaABAg,i just keep coming back to check if we got the full video for fold 😂,2,2024-09-21T17:52:18Z
2026-10-03,P057,v1,63EVXf_S4WQ,UgxKclltgEBhlpZx72N4AaABAg,"Screenshots - for business use, I use it very frequently for things like tracking numbers, purchase order checking and approval, product information & images. This screenshot app looks like it will be very useful.",84,2024-08-14T08:02:46Z
2026-10-03,P057,v1,63EVXf_S4WQ,UgxdtGd0Kzf29n-_yHV4AaABAg,I'm sorry but two 100 dollar price hikes in 2 years on a phone that used to cost 600 dollars is just insane! One of the best reasons to buy Pixel phones was the value proposition. That's completely gone now!,937,2024-08-13T18:51:15Z
2026-10-03,P057,v1,63EVXf_S4WQ,UgzjinGPtes3KFQCGuJ4AaABAg,7:17 that's an insane feature ngl,292,2024-08-14T13:00:30Z
2026-10-03,P057,v1,63EVXf_S4WQ,UgzspEXIiX4E0dWbAOh4AaABAg,so far i’m just glad to have colour options other than black and white,0,2024-08-16T20:52:11Z
2026-10-03,P057,v1,63EVXf_S4WQ,UgxgQFrmbYPk6WWpcrJ4AaABAg,5:10 the 'lawn mower' AI fumble was hilarious,282,2024-08-13T18:24:38Z
2026-10-03,P057,v1,63EVXf_S4WQ,UgyGllzec_qi93hZz7p4AaABAg,3:07 Thank you for the comparison spec sheet!!!,44,2024-08-14T06:30:28Z
2026-10-03,P057,v1,63EVXf_S4WQ,UgzzWPM6XRgyO6lFBbx4AaABAg,the pixel 9 pro speaks to my heart. a top of the line android flagship in a small form factor.  beautiful,193,2024-08-14T01:19:50Z
2026-10-03,P057,v1,63EVXf_S4WQ,UgxaAxDOD5aT_yQAAxl4AaABAg,"I ordered the 9 Pro non-XL with similar to what you said: I don't want a giant phone, but I do want all the tech.  Too bad that I have to wait for September for it to ship, but it is what it is.",1,2024-08-16T12:09:40Z
2026-10-03,P057,v1,63EVXf_S4WQ,UgxJhZU4Ao4_kdgXao54AaABAg,"9:20 Come on. It looks phenomenal, I really like it. Am I the only one??",39,2024-08-13T21:52:34Z
2026-10-03,P057,v1,63EVXf_S4WQ,UgzdmbGtNAu3ekGKh-x4AaABAg,"-google embargo : you can upload at ...
-mkbhd : uploading",135,2024-08-13T17:14:48Z
2026-10-03,P057,v1,63EVXf_S4WQ,Ugx2VXFT5FXzlszhgnd4AaABAg,"That Screenshots app is actually really helpful. At least I hope it works in a way, that it doesn't blend screenshots with your photos, which is great, I really appreciate it. I hate how on iPhone, all your photos, memes you save from Facebook or whatever and all of your screenshots all blend together and there's no way to split them to be their own thing.",225,2024-08-13T21:42:59Z
2026-10-03,P057,v1,63EVXf_S4WQ,UgyVnlHMf5UftQm5a9x4AaABAg,"Are you going to post your review of the Google Pixel Buds Pro 2? I just got them and am very impressed. The noise cancellation is incredible, as is the sound quality.",1,2024-11-11T04:08:25Z
2026-10-03,P057,v1,63EVXf_S4WQ,UgwVMoi0HeXb84MkFhl4AaABAg,"ain't gon lie, the way Google made the cameras on the pixel 9s all 50main 48 Ultrawide megapixles is pretty smart. you just need to pick the one that suits your needs for the rest of the capabilities",34,2024-08-15T00:37:22Z
2026-10-03,P057,v1,63EVXf_S4WQ,Ugx27Pu24Qb6AYN4cs14AaABAg,Adding the person who takes the photo is a pretty sweet detail,108,2024-08-15T20:23:35Z
2026-10-03,P057,v1,63EVXf_S4WQ,UgyKEHN7zsJ_41b2-4B4AaABAg,"1:53 ""Ok, google has done it."" That turned on my google assistant haha",238,2024-08-14T03:34:33Z
2026-10-03,P057,v1,63EVXf_S4WQ,UgzKMyI1JoPufQ2Fg514AaABAg,excited for gemini talk in earbuds,1,2024-08-19T14:34:46Z
2026-10-03,P057,v1,63EVXf_S4WQ,Ugymx30lSQVz4-vi-ft4AaABAg,As a Samsung user I'm actually liking the Pixel line up this year. Good job Google 👏🏾👏🏾👏🏾,201,2024-08-14T10:00:14Z
2026-10-03,P057,v1,63EVXf_S4WQ,UgwHZvd__TQo6Rg5eLZ4AaABAg,Google search bar camera bump 😂. Well done !,29,2024-08-14T07:30:43Z
2026-10-03,P057,v1,63EVXf_S4WQ,UgwQfAHYzU68JZs7Frh4AaABAg,The design is really slick,22,2024-08-13T17:06:13Z
2026-10-03,P057,v1,63EVXf_S4WQ,Ugy-pmXcejGyvVBdsFp4AaABAg,"I have a Google Pixel Pro 7 and it's still awesome. I was going to get the 8 Pro and give this one to my sister to upgrade her old phone, but the 9 Pro XL is out, so I will be getting that in a while. No urgency, but maybe in a few months. I used to use that real popular protective case brand for all my phones for years, but earlier this year I got the dBrand case with black leather for my Pixel 7 Pro and my Samsung Galaxy S21 Ultra which still works great. I actually love these cases. Just as protective, but skimmer and more compact, the look and feel, and the case doesn't start deforming or deteriorating blue the rubber outer case of that other brand over time. I will definitely be getting the dBrand case and screen protectors when I get my Pixel 8 Pro XL.",10,2024-08-17T14:45:44Z
2026-10-03,P057,v1,63EVXf_S4WQ,UgyF_hihQyVM7DbI-wl4AaABAg,"""what is a photo?""  should be a motto",16,2024-08-13T22:49:15Z
2026-10-03,P057,v1,63EVXf_S4WQ,Ugyg6GMPtTl8Jd5ChO14AaABAg,"Omg, that screenshots app actually sounds amazing to me!! I screenshot soooooo much and then can never find it when I need it haha!",16,2024-08-14T21:08:42Z
2026-10-03,P057,v1,63EVXf_S4WQ,Ugwf7PXQVHAekcWd_bN4AaABAg,That  screenshot aap sounds honestly brilliant.,72,2024-08-13T18:53:52Z
2026-10-03,P057,v1,63EVXf_S4WQ,UgxYzJfcg0uQJh82lMd4AaABAg,"I am most interested in the camera performance, especially with the Fold. That they don't have the same cameras as the Pros for how much they cost seems bonkers.",1,2024-08-17T15:49:48Z
2026-10-03,P057,v1,63EVXf_S4WQ,UgwaKykcIRkBHlA52Kh4AaABAg,"I actually love the idea behind the screenshot app because I don't know how many times I've screenshot something with the injection of looking into that thing later, only to forget.",65,2024-08-14T03:49:10Z
2026-10-03,P057,v1,63EVXf_S4WQ,UgyMhYLUKZDx7Nt42514AaABAg,8:48 that subtle fade when opening the inner display is a great idea,16,2024-08-15T10:18:45Z
2026-10-03,P057,v1,63EVXf_S4WQ,UgyuL84Lce1JR7Za5bh4AaABAg,"""What is a picture?"" needs to be its own video.",40,2024-08-13T17:41:19Z
2026-10-03,P057,v1,63EVXf_S4WQ,UgxU0WVkXmlcGILqSih4AaABAg,"After a longggggg time, and 19.3 Million subs later, we have finally reached this point. Great job marques",0,2024-08-23T08:10:56Z
2026-10-03,P057,v1,63EVXf_S4WQ,Ugwn9rsdWurZjzaNdq54AaABAg,5:18 I love how you try to show AI features that don't even work x),8,2024-08-13T17:57:07Z
2026-10-03,P057,v1,63EVXf_S4WQ,UgzJUKMpJvOMKrUv_AB4AaABAg,Finally google pixel 9 is here 🔥,194,2024-08-13T17:01:00Z
2026-10-03,P057,v1,63EVXf_S4WQ,UgxyYi9EMcTmzdf5p5h4AaABAg,13:10  Marques breathing heavy after throwing that pixel 😂😅,27,2024-08-13T17:44:38Z
2026-10-03,P057,v1,63EVXf_S4WQ,Ugwz4066m335pKDNYNh4AaABAg,അടിപൊളി ലുക്ക് ♥️♥️♥️,1,2024-08-17T04:37:11Z
2026-10-03,P057,v1,63EVXf_S4WQ,UgzQXzwLYC9XPhxR_Gl4AaABAg,I can see Marques uploading video in the keynote live.,21,2024-08-13T17:09:01Z
2026-10-03,P057,v1,63EVXf_S4WQ,Ugz58yGKiKpTS51w2Hx4AaABAg,"Pixel Ai said *NO* I can't find *Lawn Mower* For you, when it's there in the screenshots 😂",186,2024-08-13T18:21:18Z
2026-10-03,P057,v1,63EVXf_S4WQ,UgyHi1gzpRjvDA_Xi2l4AaABAg,"I love the thinner uniform bezels on the pro models, except the camera bump that seems to be too big",328,2024-08-13T17:14:08Z
2026-10-03,P057,v1,63EVXf_S4WQ,Ugynih7rx2P7Tl_krfZ4AaABAg,Looking forward to the Fold review,0,2024-08-25T00:39:43Z
2026-10-03,P057,v1,63EVXf_S4WQ,Ugzo42DRgvoAPuIqe2V4AaABAg,"damn, the add me feature is impressive",8,2024-08-14T04:21:39Z
2026-10-03,P057,v1,63EVXf_S4WQ,UgydQBx2sb7HI8-_4I54AaABAg,The new editing and the overall theme is INSANE Marques you have the best team production on the market right now,6,2024-08-13T17:45:02Z
2026-10-03,P057,v1,63EVXf_S4WQ,UgzLAHIv95t-Okp0IzV4AaABAg,Ooh. Glad you really liked the new Pixel Fold hardware. Would love a deeper dive on the hardware from you and an overview of  split screen/ multitaking software.,36,2024-08-13T19:59:15Z
2026-10-03,P057,v1,63EVXf_S4WQ,UgwsMBx6FqluccAG_2N4AaABAg,You have a very good style in your presentation. Not many people have that and that will take you a long way,0,2024-08-25T20:44:12Z
2026-10-03,P057,v1,63EVXf_S4WQ,UgzbcJaIe06Q3PjxYrV4AaABAg,"The design of the old Pixels with the visor look really unique, which is nice to see with smartphones nowadays. I prefer the old ones tbh",333,2024-08-13T17:06:38Z
2026-10-03,P057,v1,63EVXf_S4WQ,UgwQKfWtgjR5_tx9bWB4AaABAg,That camera continent is sick,31,2024-08-13T23:09:30Z
2026-10-03,P057,v1,63EVXf_S4WQ,UgyCyJMNArI54vYXgwR4AaABAg,"""I.. I think they did it""

The way MKBHD says it feels like hes held hostage by Google",155,2024-08-13T17:02:26Z
2026-10-03,P057,v1,63EVXf_S4WQ,UgwzsuY1SmZrbNIBdVd4AaABAg,2:03 there's a smiley face... once you see it you can't unsee it!,120,2024-08-13T18:29:19Z
2026-10-03,P057,v1,63EVXf_S4WQ,UgxNI6e1qNwfiex9o8J4AaABAg,@mkbhd Things I want to see in review. Foldable - How does the innter screen handle very large detailed pdf plans. zooming and moving around. Buds - How are they for Google Meet calls,24,2024-08-14T22:06:15Z
2026-10-03,P057,v1,63EVXf_S4WQ,Ugwb9moBjNAVlMSiLAF4AaABAg,"Nice. Most wanted feature: the ability to have two languages for voice search, and automatic detection which one you're speaking. It would be a waste of resources to use AI for this, it would be more reliable with just two different assistant phrases. Typically it involves open hours and how do I get to store X while driving.",12,2024-08-14T13:47:06Z
2026-10-03,P057,v1,63EVXf_S4WQ,UgzbtEbBUAVz5fJSpYN4AaABAg,"2:30 I see pigeon, I like.",1,2024-08-16T17:01:56Z
2026-10-03,P057,v1,63EVXf_S4WQ,UgxZxpqVaERi7ATKJfN4AaABAg,"Is the little animation that plays on the outer screen at 9:45 for getting kids to look near the camera and smile? If so, that's genius.",85,2024-08-13T17:21:06Z
2026-10-03,P057,v1,63EVXf_S4WQ,UgzCp9_c-CUorLGUvBR4AaABAg,"the thing is  , will most of the features work outside the US ? some of the pixel 8 features like summarize , vpn and car key did not work anywhere outside the US which sucks",41,2024-08-13T21:26:47Z
2026-10-03,P057,v1,63EVXf_S4WQ,UgxAdgWzpDqK0e-cxIZ4AaABAg,I didn’t even know there was a pixel event until MKBHD dropped this video.,40,2024-08-14T02:50:46Z
2026-10-03,P057,v1,63EVXf_S4WQ,Ugz-Tc6Fb_OKs-FP7v14AaABAg,"Thank you for doing first impressions and in depth reviews!
I'm looking forward to the pixel 9 and the buds myself :)",0,2024-08-16T10:39:59Z
2026-10-03,P057,v1,63EVXf_S4WQ,Ugwp5lQMhTIHQ7EPU_Z4AaABAg,"You could see the win from last year, this year it just got better ✨️✨️✨️✨️✨️",8,2024-08-13T17:02:19Z
2026-10-03,P057,v1,63EVXf_S4WQ,UgzGsZggjuxWe3sj0V94AaABAg,Excited to see the hardware and battery life in the reviews.,9,2024-08-14T11:01:55Z
2026-10-03,P057,v1,63EVXf_S4WQ,UgxLfZdEufwGbe1p4Al4AaABAg,Is nobody going to talk about the salsa that Marques used for background music?😂,9,2024-08-13T18:51:32Z
2026-10-03,P057,v1,63EVXf_S4WQ,Ugwnx6EraKRP-JYHWMV4AaABAg,CANNOT wait for the full Fold review once you can have it for an extended period of time,0,2024-08-19T04:17:39Z
2026-10-03,P057,v1,63EVXf_S4WQ,UgzNFLWp68SrVV8lz0h4AaABAg,bro taking photos of that pigeon like it was a model lmao,2,2025-06-08T23:06:31Z
2026-10-03,P057,v1,63EVXf_S4WQ,Ugz3_XEnkvuVL73fUax4AaABAg,Finally all major android phones have even bezels!,10,2024-08-13T17:30:02Z
2026-10-03,P057,v1,8Lb9023_D0A,UgxfIxrSjHu_J-_K8gZ4AaABAg,"After watching the review, which would you pick between a Google Pixel or a Samsung Galaxy and why? 🤔
To check out my full review of Samsung's newest folding phones: https://youtu.be/5t1okmz8Pyw",1272,2024-08-21T17:02:14Z
2026-10-03,P057,v1,8Lb9023_D0A,Ugydy_d7nSU8j2CCcDx4AaABAg,Anker sponsoring both Arun and Marques for the same video is crazy💀,4488,2024-08-21T18:57:17Z
2026-10-03,P057,v1,8Lb9023_D0A,Ugy5EFiRh1XojZuhrUp4AaABAg,"Plug it into a regular charging port: ❎
Plug it into a shiny Anker charging power station: ✅",1632,2024-08-21T18:16:38Z
2026-10-03,P057,v1,8Lb9023_D0A,UgzfdzEozW604JKEF_B4AaABAg,Who else has been waiting for this review?,3733,2024-08-21T17:00:40Z
2026-10-03,P057,v1,8Lb9023_D0A,UgyJ03FBZpTj4lLddV94AaABAg,I want the Pixel to succeed. This will force innovation on other phone manufacturers because we are essentially getting the same phones with very small improvements each year.,158,2024-08-25T15:52:01Z
2026-10-03,P057,v1,8Lb9023_D0A,UgxIzJ_sPmD9lBjVZjd4AaABAg,"After a longggggg time, and 19.3 Million subs later, we have finally reached this point. Great job Arun",2832,2024-08-21T17:03:37Z
2026-10-03,P057,v1,8Lb9023_D0A,UgwqtMs8MVsbPww0wfx4AaABAg,"Not only has he beaten Apple in subscribers, he is also tied with MKBHD",1281,2024-08-21T22:29:50Z
2026-10-03,P057,v1,8Lb9023_D0A,UgzBlkqzyBd_mctQepV4AaABAg,Congratulations Arun....you successfully have crossed apple🎉🎉🎉❤❤❤,1688,2024-08-21T17:06:43Z
2026-10-03,P057,v1,8Lb9023_D0A,UgzEZMqNHs9YWPFvdMp4AaABAg,"I have an 8 Pro. I have minor issues with signal, but on the whole, having moved away from Apple to my current handset, I am a convert.",158,2024-09-11T08:28:38Z
2026-10-03,P057,v1,8Lb9023_D0A,UgwFoGtnCjrnc8UouWl4AaABAg,It was visible how careful Arun was while making this video. Trying his best not to get on the bad side of Google but also spitting real facts.,910,2024-08-21T17:15:06Z
2026-10-03,P057,v1,8Lb9023_D0A,UgyTnYbEau-h3Mxoy2R4AaABAg,I'm also an ex iphone user but now i'm a pixel user. Its a complete and amazing experience using pixel phones.,664,2024-08-22T16:21:44Z
2026-10-03,P057,v1,8Lb9023_D0A,Ugx6yy0vs3wdfjFsHrl4AaABAg,"9:16 there's an option to enable google assistant inside of gemini, so you can have gemini as your assistant, and if you ask something like 'call mum', it would switch to the google assistant for that. so you have both",233,2024-08-23T10:12:49Z
2026-10-03,P057,v1,8Lb9023_D0A,UgxOEnCWscT2OL_pVUp4AaABAg,"3:58 Whoaaa, pixel with no bug!!",18,2024-11-20T13:28:17Z
2026-10-03,P057,v1,8Lb9023_D0A,UgxtPL3YbBh2gB8ENAJ4AaABAg,Bro beat Apple and Google in subscribers! 🐐💯,340,2024-08-21T17:02:58Z
2026-10-03,P057,v1,8Lb9023_D0A,UgwvqJ5gm8h6D9KbenJ4AaABAg,2:33 bro sneaked in a that's what she said joke😂😂,121,2024-08-21T20:21:39Z
2026-10-03,P057,v1,8Lb9023_D0A,UgwVKR0BvydOmk8wDwx4AaABAg,"Things we'll never get an answer for :-
1. Why was thor crying 
2. 4:16 why is Arun sleeping on the sidewalk",201,2024-08-21T17:10:50Z
2026-10-03,P057,v1,8Lb9023_D0A,UgzqFMAHZsvuIAS1ChN4AaABAg,"Loved this review. So brutally honest yet so insightful, smart and authentic. Definitely one of the best phone reviewers out there imo!",77,2024-08-25T11:27:20Z
2026-10-03,P057,v1,8Lb9023_D0A,UgyYXHfNv3cGde9T5fZ4AaABAg,So Arun and Marques both have 19.3M subscribers. Okay wait! What if it's all of us subcribed to both of them. Tell me you haven't watched MKBHDs review already😂,234,2024-08-22T10:09:24Z
2026-10-03,P057,v1,8Lb9023_D0A,Ugx0umc9Dy8uBuB2jgB4AaABAg,"You should give  a sort of verdict where at the end of every review you make about a product, you decide whether we should ""avoid it, consider it, shortlist it or buy it""",288,2024-08-21T18:43:36Z
2026-10-03,P057,v1,8Lb9023_D0A,Ugz-4DoZzO-ReHet9uJ4AaABAg,17:10 that was smooth 😂,8,2024-10-07T22:16:29Z
2026-10-03,P057,v1,8Lb9023_D0A,UgweX6e6Mb6JSP6Is-h4AaABAg,"Congratulations Arun for passing apple❤
Now waiting for the biggest iphone video 😉",157,2024-08-21T17:09:25Z
2026-10-03,P057,v1,8Lb9023_D0A,Ugyl-vDJkW-39Z1cG8F4AaABAg,We need more Brutal reviews like these to every tech product now.,171,2024-08-21T18:34:52Z
2026-10-03,P057,v1,8Lb9023_D0A,Ugy6cIVzLjW7Soq7zed4AaABAg,"Arun is one of the most wholesome tech reviewers here giving us honest reviews and hows it like to use them
hats off",226,2024-08-21T17:02:04Z
2026-10-03,P057,v1,8Lb9023_D0A,Ugztv78oAy2CxQBqHCV4AaABAg,got a google pixel ad right before this video,5,2024-12-29T20:58:57Z
2026-10-03,P057,v1,8Lb9023_D0A,UgyXFzfY0tYtR2KgkzZ4AaABAg,He finally got his hands on the Pixel 9!!,77,2024-08-21T17:08:08Z
2026-10-03,P057,v1,8Lb9023_D0A,UgzJ0tnOwgU5d1g4iUx4AaABAg,"PLZ, Start the Camera Comparison video series like you did previous with, "" Samsung S20 Ultra VS Oneplus 9"", ""Samsung S20 Ultra vs Iphone 12 pro max"", "" Pixel 9 vs best camera phone"", etc. 

Reallly love to see it",52,2024-08-21T17:18:19Z
2026-10-03,P057,v1,8Lb9023_D0A,UgxKRIh9T3dslLjh9Fh4AaABAg,"4:17 Bro is laying on street, The Awkward Socialness💀💀💀",20,2024-08-21T18:39:02Z
2026-10-03,P057,v1,8Lb9023_D0A,UgzPfp2tp0fwVc_tX5p4AaABAg,"a very honest review, gotta give it to you, normally reviewers are payed alot by corporate, but man i love you for just not explaining pros, but the cons as well.",7,2024-08-25T01:15:01Z
2026-10-03,P057,v1,8Lb9023_D0A,Ugxsblgk8__dSql_9-J4AaABAg,"Let's go Arun! You got the Pixel 9, and you crossed Apple in subscribers.",40,2024-08-21T17:45:06Z
2026-10-03,P057,v1,8Lb9023_D0A,UgxiET0SXuAt4Hzw9x14AaABAg,"At 4:03, When Arun Mentioned that he didnt find any bugs on pixel, unlike the last one.

was maybe due to having 1 yr old stable Android 14, instead of day1 release of the next Andriod version.

I think, now the decision to wait for android version updates on brand new pixel phones at launch is a good decision, atleast for stability and reliability point of view. (which their biggest competitor iPhones are known for)",43,2024-08-21T19:38:54Z
2026-10-03,P057,v1,8Lb9023_D0A,UgzwZsDcBKE5tNN-ORZ4AaABAg,Arun  being careful and honest with the review is hilarious 😂,227,2024-08-22T02:59:55Z
2026-10-03,P057,v1,8Lb9023_D0A,UgyhV4p9FjWxAiKhslx4AaABAg,"I have the Pixel 9 Pro XL and since this video came out, there's been feature drops and Gemini improvements that just rock! Excellent video though! Love your channel! BTW, I used Gemini to use an alien from the movie Aliens to photo bomb my mom's previous photo I took and it looks real! It's holding up two peace signs and has a big happy smile haha I absolutely love it! And the in call scam detection and call notes.... Just wow!",3,2025-09-09T03:46:57Z
2026-10-03,P057,v1,8Lb9023_D0A,UgxlQfWl9hf-6HJLm-J4AaABAg,I have been checking this channel from last one week for this review,56,2024-08-21T17:02:29Z
2026-10-03,P057,v1,8Lb9023_D0A,UgwwtOIbBm16bdXBBgV4AaABAg,"Pixel looks so good, even looks like a dynamic island on camera bump",10,2024-08-21T17:32:08Z
2026-10-03,P057,v1,8Lb9023_D0A,UgxRyU8BvUVJrVN2PnF4AaABAg,"I don't know I don't completely watch other reviews 
It's just the fact that Arun's videos don't ever feel like they are taking a montonous road of everything good or everything bad.....It's just feels good to encounter a flaw in between a list of goods (even when deep down you are rooting for your Fav android flagship to destroy IPhone😂)
Hands Down the only person I switch on long form videos of in this reels era🙌🏻",28,2024-08-21T17:58:31Z
2026-10-03,P057,v1,8Lb9023_D0A,Ugx-PYaTv-QmpU6YDZF4AaABAg,I absolutely enjoyed at 5:32 where he talked about how Google plasters AI on everything that comes in the phone. The review is immaculate. Good Job Arun!,3,2024-08-26T16:31:04Z
2026-10-03,P057,v1,8Lb9023_D0A,UgwoBDbAsbqAuU_b-Fh4AaABAg,"I'm all for the premium look, feel, and price of it means it can bring iPhone market share down in the US..",13,2024-08-21T20:50:05Z
2026-10-03,P057,v1,8Lb9023_D0A,UgyTv_RZlaZjCi_-POB4AaABAg,Brother bullied Google into discipline 😂,158,2024-08-21T17:03:31Z
2026-10-03,P057,v1,8Lb9023_D0A,UgyjTYAHEsqYqlXBL1N4AaABAg,Google really nailed with the design this time🔥,35,2024-08-21T17:02:38Z
2026-10-03,P057,v1,8Lb9023_D0A,UgzsRCTGwlnifbbr5It4AaABAg,switched from a full apple ecosystem. havent felt this much fun and effortless switching phones. never felt this satisfied and happy as well. google cooked since Pixel 7. never looking back.,3,2025-03-18T10:35:33Z
2026-10-03,P057,v1,8Lb9023_D0A,UgxEfrfX8-ud2SX4BWF4AaABAg,"video boost was one of my shower ideas , so im really happy some company actually did it",58,2024-08-23T11:00:01Z
2026-10-03,P057,v1,8Lb9023_D0A,UgzSudaLWq-BqW3VEMR4AaABAg,4:16 Imagine walking down the roadside and seeing @Mrwhosetheboss casually laying there.,49,2024-08-22T07:24:21Z
2026-10-03,P057,v1,8Lb9023_D0A,UgxGX4rFiVWnXrFAsId4AaABAg,14:28 bro 10tb cloud storage is hilarious💀💀💀,8,2024-08-22T09:07:36Z
2026-10-03,P057,v1,8Lb9023_D0A,UgyoOQXtxBJ1NLPscQ94AaABAg,My Pixel5 is still running like brand new after 3 years. Incredible phone. Don't have any need to upgrade.,66,2024-08-24T20:34:27Z
2026-10-03,P057,v1,8Lb9023_D0A,UgxTcv9-9BnlqatuWKF4AaABAg,"6:34 ""This is as difficult as mobile games get to run""

Warzone Mobile watching from the background 🤣",49,2024-08-22T02:33:01Z
2026-10-03,P057,v1,8Lb9023_D0A,Ugzmw29Ohq_pBX6W1_l4AaABAg,"Becoming the biggest tech YouTuber is a huge milestone well done Arun! Your hard work and consistency worked out after all. Also, what a year! Surpassing Apple, proposing and having the coolest wedding speech ever! Congratulations",63,2024-08-21T17:16:53Z
2026-10-03,P057,v1,8Lb9023_D0A,UgxC5UL-2CE5Zl4dII94AaABAg,"This is reminding me that arun is the one who made me want to get a google pixel 7 pro, and, tbh, its the best phone i could have asked for",22,2024-08-21T21:39:14Z
2026-10-03,P057,v1,8Lb9023_D0A,UgzuYPhpMCKjo6uB7fR4AaABAg,One of the best reviews the brutally honest views is the best 😂❤,1,2024-08-26T20:56:06Z
2026-10-03,P057,v1,8Lb9023_D0A,Ugwa6Pl6qSFwtV5Pxnp4AaABAg,That ADD ME is so futuristic tho,62,2024-08-21T17:01:25Z
2026-10-03,P057,v1,8Lb9023_D0A,UgxyxdzDDkH0Tocsp494AaABAg,It’s so funny when Marques and Arun post right as the embargo period ends. Two great creators.,42,2024-08-21T23:37:39Z
2026-10-03,P057,v1,8Lb9023_D0A,UgyVJq2tbontZ80e8Vt4AaABAg,I like the pace you're going at in the video,7,2024-08-24T11:13:27Z
2026-10-03,P057,v1,8Lb9023_D0A,Ugybn4clFStvA_J2WW14AaABAg,"such and amazing review man. I mean, is the BEST I've ever seen so far. Subscribed, obviously🤯",1,2024-08-25T06:37:28Z
2026-10-03,P057,v1,8Lb9023_D0A,UgxcjLgIvmP9bOCI8DZ4AaABAg,Sooooo did everyone forget that arun will make a phone from scratch if he surpasses apple subscribers wise . And he finally did it 🎉 cant wait to see what will he come up with,6,2024-08-21T21:03:46Z
2026-10-03,P057,v1,8Lb9023_D0A,UgySQ0BMZuey1jAb9vp4AaABAg,"We've come to a point where Arun's review shows up first in my feed, not MKBHDs, I love both obv but still, way to go Arun!! congrats on 19.3 M",29,2024-08-21T17:56:28Z
2026-10-03,P057,v1,8Lb9023_D0A,Ugw9Ut3jiGNO97LXutx4AaABAg,4:35 a hot day in the uk 🇬🇧 be like 30C,6,2024-08-21T20:31:15Z
2026-10-03,P057,v1,8Lb9023_D0A,UgyLqkzrJxVkm9DaLBF4AaABAg,"We need something BIGGG for this event we waited for so long, Congrats on beating Apple Arun ❤️‍🔥",1,2024-08-27T08:46:47Z
2026-10-03,P057,v1,8Lb9023_D0A,Ugwx1CaMjsJUbuChnvR4AaABAg,Where the Hell is that IPhone mann waiting for years...btw congrats bro subscribed since 1969 😂,82,2024-08-21T17:21:59Z
2026-10-03,P057,v1,8Lb9023_D0A,UgzT5QR0rYetCOZDF-l4AaABAg,AT 2:35 there is a text that says THAT’S WHAT and you can see it better on 0.25,5,2024-08-21T19:58:39Z
2026-10-03,P057,v1,8Lb9023_D0A,UgwS4aOhsgHO61_l5IZ4AaABAg,bro finally uploaded after like 2 and a half weeks,4,2024-08-21T21:59:25Z
2026-10-03,P057,v1,8Lb9023_D0A,Ugx8ydK3gXzsraM8Tot4AaABAg,Arun is legit👌 the most honest and transparent Youtuber. He is not an Apple boy or Samsung guy or Pixel freak he just love Tech and make a good review of every gadget giving exactly the fact details.,1,2024-08-29T13:19:15Z
2026-10-03,P057,v1,8Lb9023_D0A,UgyhrtRtebJ1dTukXOl4AaABAg,3:32 I can confirm this is true,6,2024-08-21T17:12:36Z
2026-10-03,P057,v1,8Lb9023_D0A,Ugzt6HAskcFkl2MaTVF4AaABAg,"I was wondering why you haven't come up with a review for these phones yet, but then I remembered these phones were on an embargo till 14th and you needed upto a week to test the phones and give an honest review that 19m people know you are great for",8,2024-08-22T12:22:21Z
2026-10-03,P057,v1,8Lb9023_D0A,UgxCQztuQwV_JFCGyDB4AaABAg,Arun never disappoints when it comes to tech reviews.. he’s the one I resort to for learning about new tech 💻💻,15,2024-08-21T17:01:39Z
2026-10-03,P057,v1,8Lb9023_D0A,UgzLwD1xVDTiGW3vrD94AaABAg,Thank you for adding less distracting background music.,1,2024-12-30T20:26:54Z
2026-10-03,P057,v1,8Lb9023_D0A,Ugy7wk8121k0idKZF1x4AaABAg,Had me waiting so long🎉,9,2024-08-21T17:00:51Z
2026-10-03,P057,v1,8Lb9023_D0A,UgwJW0RsDPZFQfhptAF4AaABAg,My pixel 9 pro should be here tomorrow and I can't wait,21,2024-08-21T17:01:49Z
2026-10-03,P057,v1,8Lb9023_D0A,UgzhI0eT4I88KqxNObB4AaABAg,Finally after so long! i was literally counting my days until your review 😭,9,2024-08-21T17:17:20Z
2026-10-03,P057,v1,8Lb9023_D0A,UgykNz80YJnO-7sSwIN4AaABAg,"Its quite ironic that you said iPhone users are moving over to pixel, once my contract
 is due for an upgrade; I too will move over to pixel. Don't get me wrong, I am not a kid, meaning I want the latest iPhone, but I do like to look of the pixel pro.
 An iPhone is an iPhone is it not? unless you're taking pictures. 

Thank you, sir, for a great review.",10,2024-09-21T07:43:46Z
2026-10-03,P057,v1,8Lb9023_D0A,UgwjaWazhrdmcJ3p6014AaABAg,Haven't watched this yet but this thumbnail has me crying 😂😂. Based off recent events. Why you smirking like that,4,2024-08-21T17:07:01Z
2026-10-03,P057,v1,8Lb9023_D0A,UgxNaAgXpX7zfmVCMJ94AaABAg,11:41 this reminds me of raj in big bang when he was talking to siri😂😂,9,2024-08-21T18:07:04Z
2026-10-03,P057,v1,8Lb9023_D0A,UgyD4qlueOIpRF1lyop4AaABAg,1:57 congrats on beating apple and mkbhd in subscribers 🎉,5,2024-08-22T09:34:53Z
2026-10-03,P057,v1,8Lb9023_D0A,UgzCg30b_7ZDlw3GBp54AaABAg,"Bought it today , love it so far.",1,2024-09-02T09:20:17Z
2026-10-03,P057,v1,8Lb9023_D0A,UgyOxvw6h9HVdSxe7zt4AaABAg,"1:22 i did not know that but it makes sense why the only android phone that has tempted me has always been a pixel, and ESPECIALLY this year im looking at this like. if I didn’t JUST buy the iphone 15 pro max last year i would honestly be looking at this. its gorgeous!",7,2024-08-21T18:06:36Z
2026-10-03,P057,v1,8Lb9023_D0A,UgzsyMmNqFI6kjyoUtt4AaABAg,16:30 Maybe this is why Google didn't allow you early access to those phones.,12,2024-08-21T17:20:31Z
2026-10-03,P057,v1,8Lb9023_D0A,UgwkbQRgiuGCVLBuz514AaABAg,"Easily the best P9 review on YouTube! It's so balanced and informative, unlike most other reviews that feel more like ads. In a world where sponsored content is the norm, this channel is a refreshing change.",6,2024-08-22T05:04:50Z
2026-10-03,P057,v1,8Lb9023_D0A,UgyCA6lKZ9lNUBXc2Zd4AaABAg,"The bigger question is: why doesn't Google ship worldwide and have a deal with established local brands like Samsung to support their phones? I've been waiting a decade to buy a Pixel, it's still more expensive than Samsung's, and I can't get it from any reputable seller in my country. Warranty? Forget about it.",316,2024-08-22T01:05:39Z
2026-10-03,P057,v1,8Lb9023_D0A,Ugzb8uMrWkNqNuAcUfJ4AaABAg,Always a joy. Thank you,2,2024-11-16T10:18:28Z
2026-10-03,P057,v1,8Lb9023_D0A,UgyHbGg3vTIGFPObJAd4AaABAg,2:28 @TechBurner sholk bhai take notes,4,2024-08-21T17:12:38Z
2026-10-03,P057,v1,8Lb9023_D0A,Ugy4yZVtQnpIJivaG0x4AaABAg,I am a die hard Pixel user. I will be getting the 9 Pro this weekend.,4,2025-03-29T19:31:02Z
2026-10-03,P057,v1,8Lb9023_D0A,Ugxw5kse6ljtwTS6G214AaABAg,That Pokemon themed dinner is actually really dope,1,2024-08-25T09:25:43Z
2026-10-03,P057,v1,8Lb9023_D0A,Ugx5LpL9aLIG0J-mbOh4AaABAg,16:30 is this phone good?,65,2024-08-21T21:46:09Z
2026-10-03,P057,v1,8Lb9023_D0A,UgxC3uCEKwuiB0aPzHR4AaABAg,You're the only youtuber I wanted to see the video about pixels!,13,2024-08-21T17:03:25Z
2026-10-03,P057,v1,8Lb9023_D0A,UgwAzKQseDF24i1jIep4AaABAg,8:10 is really hitting the nail on the head for me. So many Pixel AI features are designed to make a perfect image of a situation that was never real. I rather have a less perfect picture of a real moment.,7,2024-08-22T08:16:20Z
2026-10-03,P057,v1,8Lb9023_D0A,UgzABKpEUrz47KL_m6J4AaABAg,Great review! Ty.,1,2025-06-19T14:30:48Z
2026-10-03,P057,v1,8Lb9023_D0A,Ugwxyb4WLCusa60VdH94AaABAg,waiting 19-21 days for a new mrwhosetheboss video is absolute torture,14,2024-08-23T19:52:39Z
2026-10-03,P057,v1,8Lb9023_D0A,UgxYA8Ac_L76J_L5HiB4AaABAg,"It lags ❌
It enjoys it's thinking time ✅",6,2024-09-06T16:18:03Z
2026-10-03,P057,v1,8Lb9023_D0A,Ugyaksf4Cg-zTwEPxVx4AaABAg,Sir can you please make a video on the complete customisation of one ui using good lock,3,2024-08-25T06:36:05Z
2026-10-03,P057,v1,8Lb9023_D0A,UgySlSIrkQ2uaRKg1bV4AaABAg,Congratulations on your milestone Arun ! 🎉 More to go ❤,0,2024-08-27T04:15:45Z
2026-10-03,P057,v1,8Lb9023_D0A,UgyMVs4Twx0F1Mp2O8t4AaABAg,so happy to see this video on my homepage today,9,2024-08-21T17:03:50Z
2026-10-03,P057,v1,8Lb9023_D0A,Ugza4j-6xKX77jmexCB4AaABAg,4:17 what bro doin,4,2024-10-25T05:55:32Z
2026-10-03,P057,v1,8Lb9023_D0A,Ugx_VU0M8eUQsgFnF_V4AaABAg,"7:54 Arun, I get it, I'm single😢",4,2024-08-21T17:39:53Z
2026-10-03,P057,v1,8Lb9023_D0A,UgyLTaxul6aueX_hBp94AaABAg,"I have a Google Pixel Pro 6, dropped off back of boat in 7 feet of water.  Found it Just over 26.5 hours later with Scuba equipment and phone was still on and working when bringing it to surface with 30% battery left.  Just to let you know, these are waterproof, but I would not push the issue on a regular basis.  Was at this site to see review of newer phone.",2,2024-09-17T19:26:32Z
2026-10-03,P057,v1,8Lb9023_D0A,UgwG2sXW9e-FC_76PxR4AaABAg,2:18 is that Rakhi tied on your right hand???,87,2024-08-22T04:06:34Z
2026-10-03,P057,v1,8Lb9023_D0A,UgxNZlt2MtKSmfgZ_MF4AaABAg,"13:33 For anyone wondering, that’s the Lego Architecture Himeji Castle Set No 21060.",5,2024-08-22T11:15:31Z
2026-10-03,P057,v1,8Lb9023_D0A,Ugzc4MoJ2EesRt6LYMp4AaABAg,Am I the only one who thinks that AI on phones is nothing more than just set of toys yet and fails to be practical? Please convince  me that I am wrong.,16,2025-05-06T22:34:59Z
2026-10-03,P057,v1,8Lb9023_D0A,UgyA1bF7Z6Vyb9Tksw54AaABAg,Deine Hochzeit war so wunderbar😊 Ich hab bei deiner Rede wirklich geweint. Das musste ich mal loswerden ❤,0,2024-09-26T20:59:04Z
2026-10-03,P057,v1,8Lb9023_D0A,UgyAROtFSakuPVmAB0d4AaABAg,"1 year ago
Mrwhosetheboss - 14M subscribers
Apple - 16M Subscribers 
Today
Mrwhosetheboss - 19.3M Subscribers
Apple - 19.1M Subscribers
Can't wait to see biggest Iphone created by Mrwhosetheboss 🎉🎉🎉",8,2024-08-25T06:52:44Z
2026-10-03,P057,v1,8Lb9023_D0A,Ugy8U_ht0YICDYlvZId4AaABAg,"Even google wants people to use an iphone 😂😂     11:09

congratulations Arun, you beat Apple in number of subs.

Where is the World's largest iPhone?",48,2024-08-21T17:26:33Z
2026-10-03,P057,v1,8Lb9023_D0A,Ugx5P9fw8K5yjZNT-y14AaABAg,15:50 Here he seems to be little bit biased when pixel zoom in photos uses generative ai and generate details out of nowhere he appreciates it.And when Xiaomi does this he is doesn't like that.,17,2024-08-21T17:22:09Z
2026-10-03,P057,v1,8Lb9023_D0A,UgzEJTPA4mifQSJH-el4AaABAg,I haven't watched Mr who's the boss in awhile I missed his unique style and honesty and detail. Great review,0,2024-12-04T17:21:04Z
2026-10-03,P057,v1,1DLWBWrK31U,UgxErjIDNlGTQwpIHD94AaABAg,Eminem been real quiet since this dropped,18245,2024-08-13T17:38:06Z
2026-10-03,P057,v1,1DLWBWrK31U,UgyYFLiAHMsMgkdiGl14AaABAg,I understood everythig and nothing at the same time,5358,2024-08-13T17:36:59Z
2026-10-03,P057,v1,1DLWBWrK31U,UgwaYBmy9Jr0I76h4eh4AaABAg,"Jerry getting all the rappers quiet,  spitting glass bars.",445,2024-08-15T19:01:10Z
2026-10-03,P057,v1,1DLWBWrK31U,Ugx-Nb_YkjoWsA1pcSp4AaABAg,The rhymes at the beginning were 🔥,4530,2024-08-13T17:36:42Z
2026-10-03,P057,v1,1DLWBWrK31U,UgytRbX10JkymjxA_Yt4AaABAg,"Marques : I'll tell you everything once I get my hands on these devices
jerry :  scratches at level 6 with deeper grooves at level 7",1370,2024-08-14T15:21:53Z
2026-10-03,P057,v1,1DLWBWrK31U,UgwKALFyvMb9U5RaItZ4AaABAg,0:25 THAT CRAZYYYY,691,2024-08-19T17:38:51Z
2026-10-03,P057,v1,1DLWBWrK31U,UgzXmxQkkWWDy7nWv9J4AaABAg,0:02 JerryRhymeEverything,1734,2024-08-14T03:51:26Z
2026-10-03,P057,v1,1DLWBWrK31U,UgyijSIwmNi5sDRGDjp4AaABAg,"Her: Is there something in your pocket, or are you happy to see me?
Me: Oh that’s just my Google Pixel 9 Pro camera bump.",1877,2024-08-14T00:18:19Z
2026-10-03,P057,v1,1DLWBWrK31U,UgwQhLBUXUzkI1jy_s94AaABAg,"0:10 EMINEM you’ve got a competition, my opinion he can rap better than Eminem😂",52,2025-01-23T18:11:27Z
2026-10-03,P057,v1,1DLWBWrK31U,UgwhVgUFx3dzuBuumpt4AaABAg,"Google gave YOU this on Embargo? Wow, they must be confident in the durability of their device!",1370,2024-08-13T18:07:25Z
2026-10-03,P057,v1,1DLWBWrK31U,Ugz5zlQty7dmw0B4n5V4AaABAg,The rhymes💀💀💀,609,2024-08-13T17:36:50Z
2026-10-03,P057,v1,1DLWBWrK31U,Ugzex2M9RehoSPMCK0p4AaABAg,"I cannot believe how much this channel has grown.  It's funny - we all came for the durability tests.  But now EVERY phone passes, almost always.  But we keep coming back.  Why?  Because of the jokes and entertainment.  You somehow have a front of a durability test channel, with some do-it-yourself videos and a hell of a lot of philanthropy mixed in (and maybe a legal issue or two :), but really, you probably spend more time writing such a freaking outstanding and funny script than doing anything else.",112,2024-08-18T05:33:36Z
2026-10-03,P057,v1,1DLWBWrK31U,UgwPTm3Mct7WIJBV8L54AaABAg,0:01 JerryRigEverything❌ JerryBarEverything✅🗣️🔥,535,2024-08-13T17:51:43Z
2026-10-03,P057,v1,1DLWBWrK31U,UgzYMybxBSoNEB0Rlil4AaABAg,"Where is 
""LETS GET STARTED""
and we aren't ready",720,2024-08-13T17:41:54Z
2026-10-03,P057,v1,1DLWBWrK31U,UgzmW6sP7hL8cd_kwJ54AaABAg,I've been watching you for a long time and I literally will never get used to the sound of your blades scraping against the metal.,61,2024-08-17T23:21:47Z
2026-10-03,P057,v1,1DLWBWrK31U,UgxS7CZCwry2hh03zgp4AaABAg,"2016: It scratches at a level 6, with deeper grooves at a level 7
2024: It scratches at a level 6, with deeper grooves at a level 7
2056: It scratches at a level 6, with deeper grooves at a level 7",615,2024-08-14T11:28:29Z
2026-10-03,P057,v1,1DLWBWrK31U,Ugzg4J_pums1oawu2394AaABAg,1:18 Android Oreo is back lol,268,2024-08-13T23:24:22Z
2026-10-03,P057,v1,1DLWBWrK31U,Ugw_UEvJCgekMqOH_OJ4AaABAg,3:33 that was dangerous,22,2025-02-20T14:49:46Z
2026-10-03,P057,v1,1DLWBWrK31U,Ugy6wUbZr_1HhVUf-rl4AaABAg,0:06 This is MF DOOM,475,2024-08-13T17:37:18Z
2026-10-03,P057,v1,1DLWBWrK31U,UgwDZ4JVEzxdtsanJLN4AaABAg,"Keynote isn't even finished yet. This madlad posted a durability test of the phone. Wow MKBHD and Jerry are heroes, who don't wear capes!",229,2024-08-13T17:45:47Z
2026-10-03,P057,v1,1DLWBWrK31U,Ugzq5JXTzcxm2DjGklZ4AaABAg,The jokes per second in the first minute of this video are insane😂,16,2024-08-16T21:18:23Z
2026-10-03,P057,v1,1DLWBWrK31U,UgzAnZ6gOKvOIn0ujIp4AaABAg,"Perfect timing, I just finished MKBHD video",77,2024-08-13T17:36:45Z
2026-10-03,P057,v1,1DLWBWrK31U,UgzjuWd_4iBNJAmHFgJ4AaABAg,That intro with your rhymes about the pixel nine was quite divine,277,2024-08-14T00:00:51Z
2026-10-03,P057,v1,1DLWBWrK31U,Ugwt74UtlhwNUdUENEF4AaABAg,"Not only are these videos so One of a kind, quick, and simple, but your humor and rhyming is so amazing to watch. Jerry I absolutely applaud your channel and the effort put into your passion.",7,2024-10-31T16:15:36Z
2026-10-03,P057,v1,1DLWBWrK31U,UgypyEvX1wXLtlrt2194AaABAg,"most tech reviewers barely got a limited hands on the Pixel 9. and here's Zack giving one ""scratches at a level 6, with deeper grooves at a level 7"" treatment",53,2024-08-14T07:24:24Z
2026-10-03,P057,v1,1DLWBWrK31U,UgwCp67LqokOyVUdFZ94AaABAg,I was NOT expecting Jerry to be dropping bars like that in the intro,110,2024-08-14T01:35:29Z
2026-10-03,P057,v1,1DLWBWrK31U,UgyE5Cjwe1d_y0-cgFN4AaABAg,2:47 The pixel screen got scared 😂,35,2024-08-20T18:27:49Z
2026-10-03,P057,v1,1DLWBWrK31U,Ugyqf7usaACgkuTcIol4AaABAg,"Didn't know Jerry Rig had bars like that, sick intro",207,2024-08-13T17:43:14Z
2026-10-03,P057,v1,1DLWBWrK31U,UgzksMtz8XcHhZyVRzJ4AaABAg,0:42 bro has never seen the Xiaomi 14 ultra,398,2024-08-13T20:16:06Z
2026-10-03,P057,v1,1DLWBWrK31U,UgwJJyVu-bkwj9Y27YV4AaABAg,cant wait to see the pixel 9 pro fold durability test.,7,2024-08-15T15:44:00Z
2026-10-03,P057,v1,1DLWBWrK31U,UgweacYSMz66tQc_kyB4AaABAg,1:01 Americans use anything instead of real measurements,676,2024-08-13T19:00:07Z
2026-10-03,P057,v1,1DLWBWrK31U,UgwwxCcWci3zV_D8yhZ4AaABAg,"I love the fact that you never leave your roots, no matter how rich and famous you are now. 

You always go back to your original content.",86,2024-08-13T18:18:59Z
2026-10-03,P057,v1,1DLWBWrK31U,UgzJ3vYix41WTwenR_14AaABAg,"🔥📱 Wow, the Google Pixel 9 Pro XL is really pushing the boundaries! This durability test is intense",4,2024-08-18T10:35:47Z
2026-10-03,P057,v1,1DLWBWrK31U,UgyoypIttL3C05ixcXB4AaABAg,"That screen protector applicator is so simple, yet genius is every way.",173,2024-08-14T12:11:18Z
2026-10-03,P057,v1,1DLWBWrK31U,Ugx8apolsO1S1L9QKc94AaABAg,"Thanks for the US measuring unit roast, we need more of that 🔥🔥🔥🔥🔥",114,2024-08-13T17:48:35Z
2026-10-03,P057,v1,1DLWBWrK31U,UgxaHqLVYgSN2SsWb9J4AaABAg,The Rhymes are Amazing. Like really cool. Your voice and demeanor  made it even better.,3,2024-08-17T18:39:53Z
2026-10-03,P057,v1,1DLWBWrK31U,Ugxl2d9ELUPq1zjwJCp4AaABAg,3:32 Man the blade came for your finger 😢,183,2024-08-13T17:52:01Z
2026-10-03,P057,v1,1DLWBWrK31U,UgzvgYA41LAathb3tNZ4AaABAg,The measurements in oreos are crazy 😂,150,2024-08-13T17:38:10Z
2026-10-03,P057,v1,1DLWBWrK31U,UgzsQcWjVq1tZU17B6t4AaABAg,"I just recently upgraded from my Samsung S21 Ultra to the Google Pixel 9 XL and couldnt be happier, its a massive upgrade. My only complaint is the one thing you pointed out, the reversed power and volume buttons lol.
Ive been going to adjust my volume and switching the screen off, and going to switch my screen on/off and adjudting the volume instead lmfao.

Getting used to it though, stupud muscle memory lol.",12,2024-10-11T03:54:09Z
2026-10-03,P057,v1,1DLWBWrK31U,UgyluK9Iet10U5JziAN4AaABAg,Zack didn't even wait till they finish the event😂😂,36,2024-08-13T17:37:45Z
2026-10-03,P057,v1,1DLWBWrK31U,UgwFCd9lHIC2ePhCX1l4AaABAg,"Waiting for your pixel 9 pro fold teardown from the release day, please release soon. last year it was a disaster so I'm really excited how the new hinges turns out to be this time.",1,2024-08-17T14:45:19Z
2026-10-03,P057,v1,1DLWBWrK31U,UgzvbuoEjjb170yWLw14AaABAg,Intro was incredible 😅,94,2024-08-14T09:25:45Z
2026-10-03,P057,v1,1DLWBWrK31U,Ugy9q3_VpDgECpKzz9R4AaABAg,5:55 volume placement being different caused me to accidentally call 9-1-1 a couple of times while I was trying raise the volume,16,2024-08-13T19:16:27Z
2026-10-03,P057,v1,1DLWBWrK31U,UgyTFnramhLKKhf2AKB4AaABAg,Great job on the video Zack! Thanks for making it.,0,2024-08-16T22:18:29Z
2026-10-03,P057,v1,1DLWBWrK31U,UgxpWl1crFTXS5fA9Lx4AaABAg,You're pushing the manufacturers to give us more durable phones than before 👍👍👏👏👏,23,2024-08-13T17:46:38Z
2026-10-03,P057,v1,1DLWBWrK31U,UgybxmHMSX_YDNuIutN4AaABAg,6:12  this pixel 9 XL excels in strength,2,2024-08-15T15:10:58Z
2026-10-03,P057,v1,1DLWBWrK31U,Ugxb6a4sRZU6-hJ9TAl4AaABAg,0:14 nice rap song,72,2024-08-13T19:04:16Z
2026-10-03,P057,v1,1DLWBWrK31U,Ugys5os--w9rt3PiTUd4AaABAg,I hardly ever comment but I'd lament not giving this gent a hint of acknowledgement for that brilliant verbal stint.,9,2024-08-14T10:02:38Z
2026-10-03,P057,v1,1DLWBWrK31U,UgxmRxYJZs_nIrf4qup4AaABAg,"That was the greatest opening to a phone teardown I've ever seen. Bravo Jerry, there's a reason you're at the top.",0,2024-08-28T18:33:17Z
2026-10-03,P057,v1,1DLWBWrK31U,UgwUZE-tc0g8HpiNInl4AaABAg,"whenever you scratch the side of a phone like at 2:57, I have to turn my volume down😂",87,2024-08-13T17:56:19Z
2026-10-03,P057,v1,1DLWBWrK31U,Ugz39FgyfCHwTb1ZCBF4AaABAg,4:45 sans undertale,21,2024-08-13T18:13:53Z
2026-10-03,P057,v1,1DLWBWrK31U,UgwYf-vtLXMln-veRDB4AaABAg,"0:52 That one more, One more, I think say nah DJ Chicken 😂",1,2024-08-19T08:31:30Z
2026-10-03,P057,v1,1DLWBWrK31U,Ugz4Rxlw5bmjeCTo3Pd4AaABAg,"I didn't even know this was announced yet, and you are already breaking it.. Good job!",32,2024-08-13T18:58:10Z
2026-10-03,P057,v1,1DLWBWrK31U,UgyY1NUCR42n3QpqAGN4AaABAg,heart's burning seeing such teardown videos on broken iPhone XS from 2018 and needing one such phone upgrade eagerly ;-;,37,2024-08-14T18:00:51Z
2026-10-03,P057,v1,1DLWBWrK31U,Ugzkzqj1VIm3NW7P-ed4AaABAg,Bro is pulling rhymes better than Eminem,4,2024-12-07T13:40:36Z
2026-10-03,P057,v1,1DLWBWrK31U,Ugw7ik1yum9NLi_VWTN4AaABAg,ok Zach can you release a Google Pixel single? that intro was magic.,19,2024-08-13T20:43:13Z
2026-10-03,P057,v1,1DLWBWrK31U,UgzshSB51zDVUEhecQl4AaABAg,Jerry MIGHT just be MF Doom with that intro😂,12,2024-08-13T18:15:23Z
2026-10-03,P057,v1,1DLWBWrK31U,Ugyd6SJquEK0xjS_fQF4AaABAg,Loved the rhymed intro m8 keep it up please!,0,2024-08-17T14:03:30Z
2026-10-03,P057,v1,1DLWBWrK31U,Ugz9eZJxachIdy-6EqB4AaABAg,Everything I needed to know to preorder thank you again sir,9,2024-08-14T18:30:38Z
2026-10-03,P057,v1,1DLWBWrK31U,UgxqdHr3iJQmgUAdSCF4AaABAg,"I am from Malaysia. At 0:05 The packaging has the information of the Malaysian agent. This proves that Google has returned to officially sell this phone in Malaysia. As i has been using Android phones for many years, this is a happy event for me. Because at Malaysia Google last phone is before pixel 3 .",84,2024-08-13T18:35:43Z
2026-10-03,P057,v1,1DLWBWrK31U,UgwbpQ82z6Vr6N8J-0p4AaABAg,Amazing intro! 👊,0,2024-08-26T01:12:59Z
2026-10-03,P057,v1,1DLWBWrK31U,Ugx-URhTY0gF7Zzet1h4AaABAg,"I am first time on this channel and I was stunned when he unpacked super new flagship phone and didn't even enjoy any of it's features, and started to break it right away!",32,2024-08-13T19:51:14Z
2026-10-03,P057,v1,1DLWBWrK31U,UgwMGeCmz3G5EMjHUWB4AaABAg,"""scarches at level 6 with deeper grooves at level 7"" my day is never complete without hearing this",70,2024-08-13T18:44:40Z
2026-10-03,P057,v1,1DLWBWrK31U,UgxS7ME5SasG_hQv6GF4AaABAg,The dbrand screen protector with applicator I got before watching this video. is the best screen protector i have ever gotten.,1,2025-05-13T17:54:14Z
2026-10-03,P057,v1,1DLWBWrK31U,UgzF_DOuRJKTsMB5BIh4AaABAg,JERRYYYYYY YOU SHOULD DO THIS TYPE OF TEST WITH OLD SMARTPHONES JUST TO SEE THE DIFFERENT QUALITY OF BUILDS FROM THE PAST AND NOW !!!!!,25,2024-08-13T21:41:32Z
2026-10-03,P057,v1,1DLWBWrK31U,UgxHZ5UtD6cDsUORkxR4AaABAg,Can't wait for the teardown of this device. I wanna see have Google made the battery easier to access and the USB-port a separate daughterboard,4,2024-08-14T11:25:36Z
2026-10-03,P057,v1,1DLWBWrK31U,Ugwcj5c1IH-VnvaQawN4AaABAg,DUUUUDE HOREY SHEISSE that intro be wild my guy,0,2024-08-25T14:05:53Z
2026-10-03,P057,v1,1DLWBWrK31U,UgyzoIPferRaIxfufEJ4AaABAg,That intro is the bomb. Google ought to pay you for that,5,2024-08-13T20:58:00Z
2026-10-03,P057,v1,1DLWBWrK31U,Ugz0dWuGlJUSWPdcQlZ4AaABAg,Soon Jerry would be counting numbers on Spotify 😂😂😂 so  much barrrs bro,11,2024-08-14T10:55:23Z
2026-10-03,P057,v1,1DLWBWrK31U,Ugx8nWNchhy7WKvG2aB4AaABAg,And we are back with a beautiful rhyme...❤😮,0,2024-08-20T12:31:31Z
2026-10-03,P057,v1,1DLWBWrK31U,Ugyfec9hHWd0bxmMRr14AaABAg,Why is Drake's ghostwriter doing phone reviews 0:06 😂,21,2024-08-13T17:55:38Z
2026-10-03,P057,v1,1DLWBWrK31U,UgwTVHuWacqG8yeJRwd4AaABAg,All I hear for the first few seconds was MINE...MINE...MINE .. voice of seagulls from FINDING NEMO 😂,6,2024-08-13T20:28:18Z
2026-10-03,P057,v1,1DLWBWrK31U,UgzmKXLNf4SusrUP0rB4AaABAg,"yh you went hard with those rhymes, respect",0,2024-08-16T19:49:50Z
2026-10-03,P057,v1,1DLWBWrK31U,Ugxp9mkdVDXrR1gCMmN4AaABAg,0:01 *most aesthetically beautiful phone box ever 😅*,36,2024-08-13T17:42:13Z
2026-10-03,P057,v1,1DLWBWrK31U,UgwwA9xmUuM6JL8b05N4AaABAg,I feel like this needs a Cyclops X-Men skin for the back of the phone,5,2024-08-14T19:04:23Z
2026-10-03,P057,v1,1DLWBWrK31U,UgyikcfVxsG4etKyivh4AaABAg,"Never seen review, bro totally nail it",0,2024-10-15T19:16:50Z
2026-10-03,P057,v1,1DLWBWrK31U,UgxtOVdVQp5VxsavVPB4AaABAg,The fact that this is the only phone this year that survived the screen burn test is amazing.,15,2024-08-13T19:12:12Z
2026-10-03,P057,v1,1DLWBWrK31U,UgzJqe-U0TnnPNeHVad4AaABAg,"Whenever you scratch the side of the phone it gives me chills 😂.

You are getting more creative videos by video",4,2024-08-15T05:28:28Z
2026-10-03,P057,v1,1DLWBWrK31U,UgxAOI7NOL6Hk57fRrV4AaABAg,Cue that MF DOOM back beat on that sick start up.,1,2024-08-16T08:57:38Z
2026-10-03,P057,v1,1DLWBWrK31U,Ugx8p4xC5LJ7u1k3CpZ4AaABAg,Who needs a Google event when you can just watch jerryrig,7,2024-08-14T05:22:58Z
2026-10-03,P057,v1,1DLWBWrK31U,UgxWHcEAITFa6NwFDBp4AaABAg,6:28 i just paid someone 2555 fr 👀,71,2024-08-13T18:35:05Z
2026-10-03,P057,v1,1DLWBWrK31U,Ugzt65tRar0o33Hlwlt4AaABAg,i love your videos. makes me save money and drop stupid ideas for upgrades.,0,2024-08-20T19:47:33Z
2026-10-03,P057,v1,1DLWBWrK31U,UgwGxa35T-dKCuHYSup4AaABAg,Missed opportunity to say Pixel XL excels your durability test,4,2024-08-14T04:24:55Z
2026-10-03,P057,v1,1DLWBWrK31U,UgzWBQ3eYVJvktoZuPd4AaABAg,I'm actually scared about Google's next phone not including expandable memory. Imagine how much passive-aggressiveness Zack would be talking with in the next Google phone review. Things will get very creepy.,126,2024-08-13T17:50:48Z
2026-10-03,P057,v1,1DLWBWrK31U,UgwJKPpRl4QgY0ih9614AaABAg,The poem is amazing in the beginning ❤❤,0,2024-11-25T07:52:20Z
2026-10-03,P057,v1,1DLWBWrK31U,Ugz7UcTxiE8jLsospy54AaABAg,2:09 Illuminati spotted,4,2024-08-13T18:47:38Z
2026-10-03,P057,v1,1DLWBWrK31U,Ugxlvpm3elKav2NufPt4AaABAg,5:36 two thumbs is more than average,5,2024-08-14T14:05:40Z
2026-10-03,P057,v1,1DLWBWrK31U,UgzNqktQ9KrpBS0KYzt4AaABAg,"0:08 Close enough, welcome back MF DOOM‼️😹",2,2024-08-23T14:58:21Z
2026-10-03,P057,v1,1DLWBWrK31U,Ugw0M4TLj9b01U0N8kB4AaABAg,You absolutely nailed the humour... Even the excessive edge scratch trolling,6,2024-08-14T10:09:43Z
2026-10-03,P057,v1,1DLWBWrK31U,UgxsJLHoAaV0C-EP6IB4AaABAg,0:33 because your rhyme said Jeffrey Epstein then I can be sure that it wasn't written using an AI. 😂😂😂,6,2024-08-14T09:43:06Z
2026-10-03,P057,v1,1DLWBWrK31U,UgxDCpKmMqxFHInF3914AaABAg,"Wo wo, wrong hole bro! 3:42",19,2024-08-14T02:58:20Z
2026-10-03,P057,v1,1DLWBWrK31U,UgzebaVDuuLz7W6qcVR4AaABAg,"Fine, I’ll rewind and watch one more time to fully unwind this most interesting redesign",0,2024-08-15T19:20:18Z
2026-10-03,P057,v1,1DLWBWrK31U,Ugy_JDSNEsEy2Xu3hgJ4AaABAg,3:38 ohh my God that scratching scratches my head,9,2024-08-13T17:46:35Z
2026-10-03,P057,v1,1DLWBWrK31U,UgyK0DsKxRsT0BM8QM54AaABAg,Is that an iPhone with a G in the back? 😂,13,2024-08-14T17:55:22Z
2026-10-03,P057,v1,1DLWBWrK31U,Ugy-8k1FWj8xl59cn4V4AaABAg,I'm glad that someone is mentioning the SD card slot.,0,2024-08-21T18:37:24Z
2026-10-03,P057,v1,1DLWBWrK31U,Ugw4kO9PeWdE4PBhQ0l4AaABAg,"3:42 
Wrong Hole , it's a problem when 2 Holes are close to each other",4,2024-11-02T19:48:25Z
2026-10-03,P057,v1,1DLWBWrK31U,UgwJx4rt-KcFMGxKiLt4AaABAg,Bro wtf was that intro😭,5,2024-08-21T16:27:10Z
2026-10-03,P057,v1,1DLWBWrK31U,UgxCFd3w9md9xVe5KoZ4AaABAg,Jerry's beggining to feel like a rap god,1,2024-08-18T05:06:09Z
2026-10-03,P057,v1,1DLWBWrK31U,Ugzt59QFLnucUWotMD14AaABAg,If there's one thing that I did noticed during the past is 10 years is how Dbrand is pushing the envelope on the accessory market and coming up with new things. Amazing company.,4,2024-08-14T01:32:33Z
2026-10-03,P057,v1,1DLWBWrK31U,UgxLtjjnSjRMj3Cx5GN4AaABAg,0:22 yayy island boys mentioned. 🏝️🏝️🏝️😍😍,7,2024-08-14T03:41:15Z
2026-10-03,P057,v1,xNJtttVl1DU,UgwT_CVTcd0JxNWPYSZ4AaABAg,Had me until you said the fold had the same cameras as the 9 pro. Lack of research,1198,2024-08-17T14:22:15Z
2026-10-03,P057,v1,xNJtttVl1DU,UgyEM0f40WBLiM_FbnB4AaABAg,This man sign that team pixel contract,540,2024-08-17T18:33:18Z
2026-10-03,P057,v1,xNJtttVl1DU,Ugy6-nUWUjc_rJcziEN4AaABAg,"The cameras are not the same as the pixel 9 pro. They're smaller sensors, therefore inferior.",445,2024-08-14T07:43:59Z
2026-10-03,P057,v1,xNJtttVl1DU,Ugx9nfvLCJbcbBmlcGB4AaABAg,Wow. Amazingly beautiful.,18,2024-08-17T05:52:22Z
2026-10-03,P057,v1,xNJtttVl1DU,UgyNSNdb9AZfvD55t3Z4AaABAg,Honestly I wasn't interested in getting the Fold but it does look really good. I'm not a fan of that camera placement or the price but Google is offering a pretty good trade in offer for my 8 Pro.,60,2024-08-14T14:58:29Z
2026-10-03,P057,v1,xNJtttVl1DU,Ugzz1CXKVO7E4NdsN_Z4AaABAg,Félicitations à toi jojol 🎉 profite bien ❤.,2,2024-08-18T13:47:54Z
2026-10-03,P057,v1,xNJtttVl1DU,UgyygfaeeV7_Ih8iFft4AaABAg,I recently came across your channel and I really love your reviews ❤,1,2024-08-13T19:00:50Z
2026-10-03,P057,v1,xNJtttVl1DU,UgwZsPBYG_YNuqO8QVV4AaABAg,thank you for your short and great review,0,2025-01-18T04:06:02Z
2026-10-03,P057,v1,xNJtttVl1DU,UgxJWDsB3PdB0IOZpcd4AaABAg,"love your videos, dude 🤌",0,2024-09-25T22:05:18Z
2026-10-03,P057,v1,xNJtttVl1DU,Ugx5RW14yIm-SyfnHgh4AaABAg,I know you got to get these videos out quick but it does not have the same screen or camera as the pixel 9 pros 😅,48,2024-08-13T21:16:29Z
2026-10-03,P057,v1,xNJtttVl1DU,UgwcTH2wrPNfMHQOy254AaABAg,I just saw another clip that said it didn't have the same cams as 9 pro. Now I'm confused lol,29,2024-08-13T21:57:17Z
2026-10-03,P057,v1,xNJtttVl1DU,UgxhccdmcImbYtrSdt94AaABAg,huuuy ang ganda 😍,0,2024-09-29T08:03:39Z
2026-10-03,P057,v1,xNJtttVl1DU,UgxTbinu3VChT3FcLNV4AaABAg,"Wow, nice camera quality and you speak so great man",0,2024-09-05T19:55:54Z
2026-10-03,P057,v1,xNJtttVl1DU,UgzPy64mElNy5fQR-vB4AaABAg,"Pixel keep improving every time.
Keep it up.",0,2024-08-27T08:45:29Z
2026-10-03,P057,v1,xNJtttVl1DU,UgxJ-mxZoujGLamLvzZ4AaABAg,very excited 🎉🎉,0,2024-09-25T23:57:35Z
2026-10-03,P057,v1,xNJtttVl1DU,UgzN98UO3Or6I7LPOsx4AaABAg,Beautiful,0,2024-08-28T21:43:21Z
2026-10-03,P057,v1,xNJtttVl1DU,UgyOqIsFiQVKQ-OtII14AaABAg,Amazing,0,2025-06-22T09:33:18Z
2026-10-03,P057,v1,xNJtttVl1DU,Ugx2skKtnbKSdNz_iR54AaABAg,Impressive design looks compact stands tall them all❤❤❤,0,2024-08-25T17:57:10Z
2026-10-03,P057,v1,xNJtttVl1DU,UgxzX1YiixIibDx_ZY94AaABAg,"My P9PF had terrible BT. I had to send it back.
Test everything when you get it.",0,2025-02-28T23:06:35Z
2026-10-03,P057,v1,xNJtttVl1DU,UgyX8GJO5tXr9Zdy2Lp4AaABAg,That’s actually mad useful,0,2024-09-22T11:55:57Z
2026-10-03,P057,v1,xNJtttVl1DU,Ugzd6V7bCEzubDIO1at4AaABAg,"Superb podcast MashAllah, that's how the faith gets revitalised ♥️",0,2024-08-18T22:47:56Z
2026-10-03,P057,v1,xNJtttVl1DU,UgwWfdPjCIE3z4XgcWR4AaABAg,Wonderfull,0,2024-08-20T08:18:09Z
2026-10-03,P057,v1,xNJtttVl1DU,Ugzfjbr-8IqRj6TDpIR4AaABAg,"I do like what they have done, basically took the high end phone and made it foldable. Best one I’ve seen however I’m not sure on the durability still",0,2024-09-20T07:45:49Z
2026-10-03,P057,v1,xNJtttVl1DU,Ugyie3eTsNYb3-iDKJF4AaABAg,"Bro, can you tell us what watch you are wearing on your wrist?",0,2024-08-24T05:17:13Z
2026-10-03,P057,v1,xNJtttVl1DU,Ugy_XEDffvmZ78N0MWB4AaABAg,What camera you use please? Post op? Thanks,0,2024-09-10T21:19:42Z
2026-10-03,P057,v1,xNJtttVl1DU,Ugzxfh1_4IXUiDlMv1h4AaABAg,I wish more phones had a stylus. I'm only focused on Samsung because of that.,18,2024-08-20T06:26:02Z
2026-10-03,P057,v1,xNJtttVl1DU,UgxRYUld9uQKwono6IR4AaABAg,The front reminds me of when the s21 ultra had that s-pen case on it,0,2024-08-30T17:26:12Z
2026-10-03,P057,v1,xNJtttVl1DU,Ugzb3Akwm4G3Tc6E8lR4AaABAg,Can you please tell me what mic do you use for this video?,0,2024-09-01T01:36:12Z
2026-10-03,P057,v1,xNJtttVl1DU,UgxaiWW_vUrcsnE6-Bt4AaABAg,Amazing phone,0,2024-09-14T12:41:58Z
2026-10-03,P057,v1,xNJtttVl1DU,Ugxc3gCIufPXNNiFdJF4AaABAg,"Ugh, what's the slab on the back and that funky corners 😂🎉❤🎉",0,2024-09-08T10:20:22Z
2026-10-03,P057,v1,xNJtttVl1DU,UgxqaknJS7-S8d4-jtR4AaABAg,it looks great 💯. I just don’t like the groove in between as with all folded phones,0,2024-10-23T12:17:45Z
2026-10-03,P057,v1,xNJtttVl1DU,UgzmSUovMfEgwhw0SMF4AaABAg,best phone in 2024 just preorder mine,11,2024-08-16T12:25:23Z
2026-10-03,P057,v1,xNJtttVl1DU,UgzuWVSUwojnUjppEal4AaABAg,Weweeeeee did u c the huawei mate xt,4,2024-09-13T17:44:35Z
2026-10-03,P057,v1,xNJtttVl1DU,UgxWT5c8Bzdcr4M5Git4AaABAg,"Phenomenal phone,100% agree",0,2025-08-09T11:29:06Z
2026-10-03,P057,v1,xNJtttVl1DU,UgzdReTKvtfekv-Qmh14AaABAg,Can you use the back camera as front camera once you unfolded it?,0,2024-08-25T19:57:53Z
2026-10-03,P057,v1,xNJtttVl1DU,UgyNPBsBHVjP2YiSLbt4AaABAg,I want to know which camera was used to make this video 🙄,1,2024-09-11T09:25:50Z
2026-10-03,P057,v1,xNJtttVl1DU,UgxRLj7sWI2V9LmGyJR4AaABAg,That's dope,0,2024-08-14T03:54:03Z
2026-10-03,P057,v1,xNJtttVl1DU,UgylSgX7F7aW1ADg1TF4AaABAg,Look is very premium and futuristic,0,2024-09-22T17:51:02Z
2026-10-03,P057,v1,xNJtttVl1DU,UgxaSieG8sQMv0BYn8p4AaABAg,Top 1 server 🎉🎉,1,2024-08-21T16:41:22Z
2026-10-03,P057,v1,xNJtttVl1DU,Ugz0wCNrOeTyO2zQ25B4AaABAg,You can even see the line down the middle and diff in color quality between left and right in the video. Tell me ur bought out without telling me.,0,2024-09-12T02:43:01Z
2026-10-03,P057,v1,xNJtttVl1DU,Ugx5qBlenEKgvJ6IcWZ4AaABAg,"you know what's more impressive, that price tag xD 1900$. Impressive fold, the fold of gold.",2,2024-08-23T07:51:49Z
2026-10-03,P057,v1,xNJtttVl1DU,UgwD9dfOrs-6d_fM1mZ4AaABAg,The video quality of this video is great,0,2024-09-04T04:24:21Z
2026-10-03,P057,v1,xNJtttVl1DU,Ugw-vCvGeQhpm8VGxSJ4AaABAg,"Awesome device and design but I hate the android or google system. 
Is it possible to get an other system on this phone?",0,2024-09-23T13:18:43Z
2026-10-03,P057,v1,xNJtttVl1DU,UgyhFwCa-s8cQsQf9v54AaABAg,It's the first fold i see and say it's beautiful.,0,2024-09-01T00:59:29Z
2026-10-03,P057,v1,xNJtttVl1DU,Ugzxtd0-OUUCYPZ7IZF4AaABAg,a nightmare for breakpoints in webdesign,0,2024-09-04T18:38:09Z
2026-10-03,P057,v1,xNJtttVl1DU,Ugx4BuIjk6EuJewT2W94AaABAg,the bird flyng into the screen got me loool im like 25 i would look there too lol,0,2024-08-20T20:57:39Z
2026-10-03,P057,v1,xNJtttVl1DU,UgzBGr97P97n3W4N3NJ4AaABAg,Спасибо за обзор!,0,2024-08-14T05:08:49Z
2026-10-03,P057,v1,xNJtttVl1DU,UgyNVI_hEmucl2NY-pN4AaABAg,Does this announces that your call has been recording or a beep sound while enabling the call recording,0,2024-09-06T15:19:13Z
2026-10-03,P057,v1,xNJtttVl1DU,Ugxs6bgVhT30rSVOfuh4AaABAg,I still liked the look of the first fold.,0,2025-07-26T07:52:50Z
2026-10-03,P057,v1,xNJtttVl1DU,Ugy51AvzbNj6O0f5D7d4AaABAg,I think Google pixel 9 pro xl's camera module is beautiful,1,2024-09-25T10:57:10Z
2026-10-03,P057,v1,xNJtttVl1DU,UgwMVn8xwCP9dW8RNvx4AaABAg,The last one 😮😮❤❤😂😂,0,2024-08-30T15:12:05Z
2026-10-03,P057,v1,xNJtttVl1DU,Ugwe_TI8EOtFp3XeW3Z4AaABAg,"I don't like the square corners on one side when it's closed, it just looks odd",0,2024-08-23T18:36:33Z
2026-10-03,P057,v1,xNJtttVl1DU,UgwGyCVFgD8ynOH9RiZ4AaABAg,I wish I had that,0,2025-06-17T22:12:03Z
2026-10-03,P057,v1,xNJtttVl1DU,Ugz4NErVjsGUaM7fZJ94AaABAg,Which mic you are using???,0,2024-09-03T13:49:02Z
2026-10-03,P057,v1,xNJtttVl1DU,UgxzpNbsE75LKfUB3pZ4AaABAg,Wow,0,2024-09-09T06:51:48Z
2026-10-03,P057,v1,xNJtttVl1DU,UgwnGN0Amp1vNWnvLL54AaABAg,"The thumbnail really did confuse me, I thought both phones combined was the ""one"" phone, unfolded",0,2024-09-24T13:22:35Z
2026-10-03,P057,v1,xNJtttVl1DU,Ugwhu4YMCdZFbye122R4AaABAg,I miss the OLD NOKIAS FROM 2000'S 😢,0,2024-09-26T12:31:51Z
2026-10-03,P057,v1,xNJtttVl1DU,UgyIW_l5B-hxdhddkUh4AaABAg,Mr Mobile had pointed out the concerns of Pixel 9 Pro fold's camera.,0,2024-09-03T23:33:11Z
2026-10-03,P057,v1,xNJtttVl1DU,Ugwgf3lpJNNZ0dyD4ZB4AaABAg,What if carry made tirth roasting video 😂,1,2024-08-21T15:43:57Z
2026-10-03,P057,v1,xNJtttVl1DU,UgyNTNaa1wbKSRRdbyN4AaABAg,Excellent about price..,0,2025-09-04T00:09:39Z
2026-10-03,P057,v1,xNJtttVl1DU,UgzBOdQdN6jeP3fjOHJ4AaABAg,Why designers don’t think when it folds front display has huge side bezels?? Why curved edges??? If it made box shaped that could be made it to edge to edge display,0,2024-09-03T08:50:58Z
2026-10-03,P057,v1,xNJtttVl1DU,UgzRiD4xRf4LGFU0qsZ4AaABAg,Very handsome 😍😍,0,2025-09-09T00:48:12Z
2026-10-03,P057,v1,xNJtttVl1DU,UgzMyxD114Vl606rlwl4AaABAg,bro got paid well,0,2024-08-21T13:08:12Z
2026-10-03,P057,v1,xNJtttVl1DU,Ugy8HpTYAe4-54Ieja94AaABAg,"yooooo we got the exact same superman tshirt, and im wearing it...",0,2024-08-26T04:54:47Z
2026-10-03,P057,v1,xNJtttVl1DU,UgyYJ662CzIn1Gui-014AaABAg,"So which foldable phone has better features? The Google Pixel 9 Pro Fold, or the Samsung Galaxy Z 6 Fold?",0,2024-09-09T18:31:20Z
2026-10-03,P057,v1,xNJtttVl1DU,UgwNJus_2xJvnuySC-d4AaABAg,"No stylus support. That’s a no for me. Plus, i can get the z fold 6 for barely a 1100€ now unopened through resellers",15,2024-08-17T15:33:42Z
2026-10-03,P057,v1,xNJtttVl1DU,UgzcQpp9SrLMxdWaCEx4AaABAg,The crease tho.. it's been 5 years and the manufacturers still can't sort it,0,2024-08-27T13:35:54Z
2026-10-03,P057,v1,xNJtttVl1DU,UgxpZNDovltlej00PYV4AaABAg,How did you get the color icons?,0,2026-01-01T21:35:20Z
2026-10-03,P057,v1,xNJtttVl1DU,UgzWbsMQLlk44o6sq_Z4AaABAg,Does it stand the test of time in terms of durability for everyday use,0,2025-12-06T09:08:53Z
2026-10-03,P057,v1,xNJtttVl1DU,UgxMXkiHlIOYlcNVc4d4AaABAg,Do we have this South Africa?,0,2024-09-29T12:05:36Z
2026-10-03,P057,v1,xNJtttVl1DU,Ugya1KLl9qMkiwOfYQ14AaABAg,*The Crease! The CREASE!*,0,2024-09-02T15:14:21Z
2026-10-03,P057,v1,xNJtttVl1DU,UgyR1fp0lR0l87x9ZDN4AaABAg,If you opened capcut hiw its looks? Or canva app,0,2025-01-14T22:32:45Z
2026-10-03,P057,v1,xNJtttVl1DU,UgxcQ_Nm4CUUoeOA_Tp4AaABAg,"Genuinely thought the phone could split into two separate pieces, and double the screen size on each! 😅😅😅",0,2024-09-05T17:36:42Z
2026-10-03,P057,v1,xNJtttVl1DU,UgwA7-G3-9uVWt37wCZ4AaABAg,❤❤❤❤,0,2024-09-17T15:53:59Z
2026-10-03,P057,v1,xNJtttVl1DU,Ugz_mrWGdLNshVamE954AaABAg,If they made a flip phone version of it and be actually better,0,2025-10-28T20:47:30Z
2026-10-03,P057,v1,xNJtttVl1DU,Ugyy9uq34BB1Lbnp6wJ4AaABAg,That feature to get kids to look at the camera 😮. I could just put the wiggles or ms Rachel on that screen and get a perfect photo of my son lol,0,2024-08-27T20:08:38Z
2026-10-03,P057,v1,xNJtttVl1DU,Ugyq57ApBsEqV3X2DrZ4AaABAg,I neeed a Pixel flip,0,2024-09-15T22:04:23Z
2026-10-03,P057,v1,xNJtttVl1DU,UgxpaxTj6Fl4p9lhwaR4AaABAg,Looks like the phone is in one of those hard plastic cases from the front,0,2024-08-29T06:47:58Z
2026-10-03,P057,v1,xNJtttVl1DU,UgyKEX6BQux78f70oiN4AaABAg,"its close but they are not the same
9 fold: 
Folded: 6.1 in (height) x 3 in (width) x 0.4 in (depth)
Unfolded: 6.1 in (height) x 5.9 in (width) x 0.2 in (depth)
9.1 oz

9 pro:
6 in (height) x 2.8 in (width) x 0.3 in (depth)
7 oz

9 pro xl:
6.4 in (height) x 3 in (width) x 0.3 in (depth)
7.8 oz",0,2024-08-24T04:24:04Z
2026-10-03,P057,v1,xNJtttVl1DU,UgwQPmnfBHC9y96Bwf14AaABAg,can you install tablet and phone apps?,0,2024-09-07T07:43:30Z
2026-10-03,P057,v1,xNJtttVl1DU,UgwGbKZEzt6NKmm08wR4AaABAg,I don't take photo often but I love to read books and mangas everyday so I think this is just perfect.,8,2024-08-19T16:08:56Z
2026-10-03,P057,v1,xNJtttVl1DU,UgycEXFgMvfoOhDKw_N4AaABAg,This is the first Android phone that would make me go to the dark side.,0,2024-09-22T17:34:05Z
2026-10-03,P057,v1,xNJtttVl1DU,UgwIjLciyHiizgAmNAZ4AaABAg,"Smartphone yg bagus, saya hanya bisa melihatnya disini karena saya tidak mampu membelinya😮",1,2024-10-25T10:57:00Z
2026-10-03,P057,v1,xNJtttVl1DU,UgwJTPZ24bUcm5y0JYB4AaABAg,Test out Huawei Mate X tri-fold,0,2024-09-22T23:02:28Z
2026-10-03,P057,v1,xNJtttVl1DU,UgxMX_li7rRw4SVAaO94AaABAg,The camera are different on the 9 pro vs the 9 pro fold though,0,2024-11-30T07:53:51Z
2026-10-03,P057,v1,xNJtttVl1DU,UgwxLoivJ7knEihS0ip4AaABAg,This fold is the apple of all foldables,0,2024-10-13T03:56:36Z
2026-10-03,P057,v1,xNJtttVl1DU,UgxvW7pldepZRsNqpgx4AaABAg,Yes but how long do they last?,0,2025-03-30T14:59:18Z
2026-10-03,P057,v1,xNJtttVl1DU,UgybEu6gXRj6XOd1Orp4AaABAg,"Honor Magic V3, is the King",11,2024-09-08T17:44:11Z
2026-10-03,P057,v1,xNJtttVl1DU,UgyX-0v0CoNsBL-KwS94AaABAg,❤,0,2024-09-04T14:42:30Z
2026-10-03,P057,v1,xNJtttVl1DU,UgymhLDpzWtjqZLyqCh4AaABAg,Honor magic v3 👑,0,2024-09-01T06:48:51Z
2026-10-03,P057,v1,xNJtttVl1DU,Ugyhyd1Dug7L4mkWCZl4AaABAg,Does it open flat? At least more than first gen?,0,2024-08-16T02:36:04Z
2026-10-03,P057,v1,xNJtttVl1DU,UgwgcdNw8lR6ta7QoKV4AaABAg,Muttu muttu enna muttu,0,2024-09-19T21:19:44Z
2026-10-03,P057,v1,xNJtttVl1DU,Ugx6UxumjlkWC_mTM-94AaABAg,The thing I like about the fold 1 is how wide the front screen is when it is folded. Is the new one as wide or have they made it more narrow.,2,2024-08-15T20:18:41Z
2026-10-03,P057,v1,xNJtttVl1DU,UgxN3brKP6FhGUCn3054AaABAg,Vivo x3 fold vs Samsung galaxy z6 fold vs google pixel 9 fold  comparison video,0,2024-08-28T11:22:34Z
2026-10-03,P057,v1,xNJtttVl1DU,UgyTqv9uRYmSrw4OtPd4AaABAg,I love pixel phones 😊😊😊😊😊❤❤❤,0,2024-09-06T13:30:46Z
2026-10-03,P057,v1,xNJtttVl1DU,Ugzj8pfL0Vx7bVm-6OV4AaABAg,Weight?,0,2024-08-14T22:26:17Z
2026-10-03,P057,v1,xNJtttVl1DU,UgxB1qcYNgj_Eq7IJLR4AaABAg,The inner displays on any FOLD will always have issues in a matter of time. Nonsense.,0,2024-08-20T16:58:46Z
2026-10-03,P057,v1,xNJtttVl1DU,UgyhuLTyP6f7BSNKlJp4AaABAg,两年前的技术,0,2024-10-19T20:57:45Z
2026-10-03,P057,v1,xNJtttVl1DU,UgwCZ_WUWiiu832Lt6N4AaABAg,Here in Brazil we don't have This cellphone,0,2024-09-08T05:03:04Z
2026-10-03,P057,v1,xNJtttVl1DU,UgyAVE7ti4ZwMLa9FD14AaABAg,For a moment I thought that they released another version with the same camera as the pro,2,2024-08-27T18:07:42Z
2026-10-03,P059,v1,H1ZWPqx18ow,Ugx5GCA_OYg_OcNjrr54AaABAg,Kis kis k pass 4years old phone hai,3136,2024-12-09T14:09:24Z
2026-10-03,P059,v1,H1ZWPqx18ow,UgzoLHoazou-z5U5M_h4AaABAg,Smart organization features seem practical. Nice to see Redmi focusing on everyday usability,1349,2024-12-10T12:52:23Z
2026-10-03,P059,v1,H1ZWPqx18ow,UgyAYjZ4Lk0-QnM1DpR4AaABAg,I have used redmi note 4 for almost 8 years now and now i think i will switch to this one...,674,2024-12-10T12:52:39Z
2026-10-03,P059,v1,H1ZWPqx18ow,UgxkN2A7ca3Ylg0DLQ54AaABAg,The software seems focused on smart features and connectivity. Excited about those AI tools.,1308,2024-12-10T12:59:39Z
2026-10-03,P059,v1,H1ZWPqx18ow,UgwMDNr0eIyt2C-VFr94AaABAg,"Xiaomi before 2020 🗿
Xiaomi after 2020 🤡",468,2024-12-09T17:34:18Z
2026-10-03,P059,v1,H1ZWPqx18ow,Ugymupsn3KO9hMbUNzx4AaABAg,"I love how they've thought about creativity with features like AI Erase Pro and AI Image Expansion. This isn't just a phone, it's a creative tool! mast heee",754,2024-12-10T12:58:19Z
2026-10-03,P059,v1,H1ZWPqx18ow,UgyoVHQc076K8H6-_EZ4AaABAg,"Looking at the complete package - cameras, sound, and durability value for money",243,2024-12-10T12:58:41Z
2026-10-03,P059,v1,H1ZWPqx18ow,UgzMcN36FXGVglgI8xZ4AaABAg,"Redmi note 4 aaj bhi hai mere pass 🙂
Aur dekhte dekhte note 14 a gya
Samay kitna jaldi gujarta hai.....🖤


Update: 1500 me sell kar diya 💀",364,2024-12-09T15:10:11Z
2026-10-03,P059,v1,H1ZWPqx18ow,UgzPYXj6XcSkqLUUbrF4AaABAg,koi phone dila do please... really good phone but mere pass kab hoga...,739,2024-12-10T12:46:35Z
2026-10-03,P059,v1,H1ZWPqx18ow,UgxxT7rPnyEByQfXB9p4AaABAg,"1) Overpriced
2) Bekar processors ....not upto the mark acc to price
3) ram type bad (lpddr 4x)
4) storage type bad (ufs 2.2 )
5) UI is not clean 
Overall not justified in this price range",398,2024-12-09T14:47:26Z
2026-10-03,P059,v1,H1ZWPqx18ow,UgzFHDwzKNKeIJi7rjp4AaABAg,😂Redmi ne phir price pe⬜ hugg Diya hai😅😅😅,148,2024-12-09T14:32:07Z
2026-10-03,P059,v1,H1ZWPqx18ow,Ugy4slTR9h7A0ykS8bZ4AaABAg,Redmi Note 8 Pro Is a Good Product.....old is Gold,22,2024-12-25T09:28:35Z
2026-10-03,P059,v1,H1ZWPqx18ow,UgxBslbGghtjFekgErl4AaABAg,4:20 30K price me Lpddr 4x ram type and ufs 2.2 storage type 🥲😭,167,2024-12-09T14:14:50Z
2026-10-03,P059,v1,H1ZWPqx18ow,Ugx7Q6jxhmG0C-HLTxJ4AaABAg,Expections se jyada price pe india pe launch kar Diya 😮,43,2024-12-09T14:17:51Z
2026-10-03,P059,v1,H1ZWPqx18ow,UgwQPVRTPjJS482qnxR4AaABAg,2:08 greatest moments with phone 😅😅😂,11,2024-12-10T07:31:44Z
2026-10-03,P059,v1,H1ZWPqx18ow,Ugx9X2vLmQ14YHP4sUF4AaABAg,NEXT TIME SEE UNBOXING KA DROPP TEST ON FLOOR PARR HONA CHAIYEE KON KON AGREE KARTAA HE THEN LIKE 👍👍👍👍😂,37,2024-12-09T16:29:31Z
2026-10-03,P059,v1,H1ZWPqx18ow,UgzqMy_QlYtJ_MvXiS94AaABAg,"We have many other options like - 
1. Vivo t3 ultra 
2. Realme gt 6t 
3. Iqoo neo 9 pro
3. Realme 14 pro plus (upcoming)
4. One plus Nord 4
5. Many other better options 🗿🔥💯✅",252,2024-12-09T14:21:17Z
2026-10-03,P059,v1,H1ZWPqx18ow,UgwuZb4GlF1B0QwLWZp4AaABAg,Mobile 3 saal purana lekin saare nye mobile ki unboxing dekhne ki gandi aadat h 😂😂😅😅😅,42,2024-12-10T03:25:22Z
2026-10-03,P059,v1,H1ZWPqx18ow,UgxVnwxt4Qwkwx9foCd4AaABAg,Redmi note 14 pro looks amazing 🤩 I personally liked it🤩,5,2024-12-10T06:58:32Z
2026-10-03,P059,v1,H1ZWPqx18ow,UgxTAmroC6OcGN4Bc9h4AaABAg,"Still using Redmi note 5 pro 
Raise your hands👍",40,2024-12-09T18:47:17Z
2026-10-03,P059,v1,H1ZWPqx18ow,UgyNDmKSKqo1asA8osV4AaABAg,Using redmi note 12 pro since 2023. And it's working smooth 🔥 redmi note series are always best 💯,10,2025-02-28T11:14:45Z
2026-10-03,P059,v1,H1ZWPqx18ow,Ugzno6PF9hPq2um9Q7t4AaABAg,Kon kon buy nahi karenge 🙋‍♂️💯🔥🗿,548,2024-12-09T14:09:33Z
2026-10-03,P059,v1,H1ZWPqx18ow,UgwBb6UJnhg9Z1fdgN14AaABAg,"Talking about the pro plus..
Very good specs but absurd pricing.. miss those days when redmi used to brought the high price to features proportion wala phones.",8,2024-12-09T14:22:06Z
2026-10-03,P059,v1,H1ZWPqx18ow,UgxOW8KZ6Nvus4P9m4p4AaABAg,Watching 👀 from Redmi note 14pro+ ❤ it's amazing Phone.,17,2025-01-22T18:35:42Z
2026-10-03,P059,v1,H1ZWPqx18ow,UgyIZImtKEMRjSaywil4AaABAg,Kon kon time pass ke liye dekh rha hai😂,44,2024-12-09T14:21:11Z
2026-10-03,P059,v1,H1ZWPqx18ow,UgwI_Rf6m6Qb2hAELdR4AaABAg,Redmi Before 5 Years ☠️ Redmi Now 🤡,3,2025-01-03T10:23:00Z
2026-10-03,P059,v1,H1ZWPqx18ow,UgyOiuv8HCEwsj4GckR4AaABAg,Note 8 pro 6 years still running.. that's why love redmi,1,2025-07-10T10:27:12Z
2026-10-03,P059,v1,H1ZWPqx18ow,UgzqCQWJ0PXi-Zt5ZRR4AaABAg,15000 wale mobile ka processor 25000 ke mobile mei de diya,61,2024-12-09T15:32:37Z
2026-10-03,P059,v1,H1ZWPqx18ow,UgwuGcES1lgi_z3k6dt4AaABAg,There is nothing better than Redmi.,3,2025-05-26T16:49:47Z
2026-10-03,P059,v1,H1ZWPqx18ow,UgyQSgN-gaIuYTcoUqJ4AaABAg,Thank you sir. Helped me a lot in buying myself a new phone. Redmi Note 14 pro that's what I bought. Worth it.,0,2025-02-10T02:48:50Z
2026-10-03,P059,v1,H1ZWPqx18ow,UgxInz4bR3SjY2vJOYt4AaABAg,I want to see how he defends this garbage phone with that much high pricing 😂,55,2024-12-09T14:09:53Z
2026-10-03,P059,v1,H1ZWPqx18ow,UgxQ6F5VhLKHRZ1_Zih4AaABAg,"Meanwhile I m watching on my  6 year old redmi 6a.
# Lord  redmi.",3,2024-12-10T05:20:22Z
2026-10-03,P059,v1,H1ZWPqx18ow,UgyMR2thxNsp6iJV4nl4AaABAg,"Note 13 pro charger is 67 watt.
Note 13 pro+ charger is 120 watt.
Aur abhi latest 14 series mein 45 & 90 watt.
Ye bhi bolna chaiye tha na Bhai..",3,2024-12-10T14:17:42Z
2026-10-03,P059,v1,H1ZWPqx18ow,Ugxqv-3NyuqakNVByCZ4AaABAg,legend only for watching no for by😂,11,2024-12-09T16:02:23Z
2026-10-03,P059,v1,H1ZWPqx18ow,UgyG-xMUG2ytPN7cNK94AaABAg,Love You Arun Bhai. ❤❤,7,2024-12-09T14:09:10Z
2026-10-03,P059,v1,H1ZWPqx18ow,UgwNXWFwr4z4AuqKz-V4AaABAg,2:08 screen guard like :- System faad 😅diya,0,2025-01-09T11:11:01Z
2026-10-03,P059,v1,H1ZWPqx18ow,UgzT3WJ1xLmtyBFQA0B4AaABAg,Nothing phone 3 kab aayega please update it,8,2024-12-09T14:37:04Z
2026-10-03,P059,v1,H1ZWPqx18ow,UgzANi1iRY9Uz8scT8x4AaABAg,3:43 why there is significant color difference in both displays ?,7,2024-12-31T13:51:01Z
2026-10-03,P059,v1,H1ZWPqx18ow,UgxwwY9plOzoxxLW1px4AaABAg,"Note 9 pro max chalaa raha hu...
Curve nahi chaahiye...
Agle saal tak firr rukungaa",14,2024-12-09T14:18:44Z
2026-10-03,P059,v1,H1ZWPqx18ow,Ugye0MA7K2ivnKcovt54AaABAg,Kis kis ko trakin tech ki video ko waiting kar rehethe...👍🏻👍🏻,12,2024-12-09T14:14:24Z
2026-10-03,P059,v1,H1ZWPqx18ow,UgwIxZz0YnqLsf-_2854AaABAg,"Watching this in redmi note 14 pro+ 

Just bought today❤❤❤ 




Very lovely design and in hand feel",0,2026-01-02T13:23:29Z
2026-10-03,P059,v1,H1ZWPqx18ow,Ugwd7OAkzlYlx091foN4AaABAg,"When Arun sir says, ""India ki most popular series"" muh se gali nikalne hi wali thi",26,2024-12-09T15:43:00Z
2026-10-03,P059,v1,H1ZWPqx18ow,UgzJ522SvEfZ_d9RixR4AaABAg,"Xiaomi now 🤡 
Xiaomi then 🗿",12,2024-12-09T19:01:13Z
2026-10-03,P059,v1,H1ZWPqx18ow,Ugzfz9ljvrLpVW76hxF4AaABAg,Using Note 6 pro more than 6 years not repaired yet even once 👌🏼,1,2024-12-11T20:35:28Z
2026-10-03,P059,v1,H1ZWPqx18ow,Ugx-ukmGTboCCSGx-pB4AaABAg,Note series died after the launch of Redmi Note 10 series,30,2024-12-09T18:15:02Z
2026-10-03,P059,v1,H1ZWPqx18ow,Ugxmxx6I7w0NUL1IhQR4AaABAg,Commenting On Note 14 Pro😌 0:42,22,2024-12-09T14:29:43Z
2026-10-03,P059,v1,H1ZWPqx18ow,UgxOpA-QOhSG-UuLLu54AaABAg,Mein bangladeshse dekhtahu apka video bohot accha lagtahe apka video 💖🇧🇩 + 🇮🇳💖,0,2024-12-20T15:20:56Z
2026-10-03,P059,v1,H1ZWPqx18ow,UgzayXmS4u73qesINSF4AaABAg,"Redmi note 13 pro, se kon dekh raha hai..😅",15,2024-12-09T17:04:05Z
2026-10-03,P059,v1,H1ZWPqx18ow,UgxUbGx_Pc4NLfI4pmh4AaABAg,Lava blaze duo 💥🔥,6,2024-12-09T14:13:33Z
2026-10-03,P059,v1,H1ZWPqx18ow,Ugyo-fqv33CSQTn1XtB4AaABAg,"I have been a big fan of Xiaomi since the time it was first launched because whatever they used to offer in terms of price and performance or value, it was unbeatable in terms of price, now it is not like that.And now the performance is not good  as per the price. Earlier when Xiaomi phones used to come, they used to stand out from other phones in their price segment but now it cannot even complete them.Feels so bad to be a Xiaomi fan.💔",1,2024-12-10T03:54:54Z
2026-10-03,P059,v1,H1ZWPqx18ow,UgwbWujg56UAsosA-_h4AaABAg,"Thank you.... For information. 2025 ko I m purchase Redme note 14pro Plus.
Redme note 5pro hum 8 sal se use kar rahe haine achha Quality photo and videos. Battary is good.",4,2024-12-17T15:35:51Z
2026-10-03,P059,v1,H1ZWPqx18ow,UgzBKmvDKje_sQW9B3l4AaABAg,No wonder why Xiaomi is loosing market share....note series used to be the ultimate value for money phones some years back but now a days it became crap....price doesn't justify their phones these days,12,2024-12-09T14:56:08Z
2026-10-03,P059,v1,H1ZWPqx18ow,Ugzp5gUTwbV0yfQjPBV4AaABAg,"Mai to redmi note 8 pro 4 sal se chala raha hu ,best phone ever",1,2024-12-12T23:40:53Z
2026-10-03,P059,v1,H1ZWPqx18ow,Ugzmgq9lFjofWmnilvt4AaABAg,"Redmi note 14 pro price in China  - 16000/- inr (converted) 
Redmi note 14 pro price in India - 24999/- inr 
Around 10k extra 😂 
Atleast at 20k it should have stand against competition .

Just wait for poco yahi phone rebrand karke 2-3k kam me milega 😂😂 Poco X7/X7 pro",24,2024-12-09T19:32:51Z
2026-10-03,P059,v1,H1ZWPqx18ow,Ugw4kWjoYAXuFh3tyiZ4AaABAg,"New V ka liya like kriya nhi to tum bina V ke rah jao ga😅😅 
Thanks for",5,2024-12-09T14:11:00Z
2026-10-03,P059,v1,H1ZWPqx18ow,UgzM2U67e7159aI1Gwh4AaABAg,I'm still using redmi note 6 pro because of my financial problems😊 but after job I'll buy new.,1,2025-01-04T16:00:59Z
2026-10-03,P059,v1,H1ZWPqx18ow,UgxWcRwRfB74d4jiKdV4AaABAg,Watching in Redmi note 7 pro 😂🔥🗿,8,2024-12-09T15:11:32Z
2026-10-03,P059,v1,H1ZWPqx18ow,UgxI9t5hjiWy3-A40-V4AaABAg,किस किस को Redmi note 14 pro+ पसंद आया❤❤,3,2025-09-29T19:53:16Z
2026-10-03,P059,v1,H1ZWPqx18ow,Ugxuqptndr0wpqgud154AaABAg,Mere pass redmi 9 he 8 years abhi bhi chal raha he. But ab redmi hi lunga.,1,2025-03-12T04:20:24Z
2026-10-03,P059,v1,H1ZWPqx18ow,Ugwuu76BaEr4EDaILPd4AaABAg,Kis kis ko lagta hai ki isse accha mobile IQOO Z9Spro Hai,28,2024-12-09T16:34:35Z
2026-10-03,P059,v1,H1ZWPqx18ow,UgxKwYOwYdZtqJ5epGR4AaABAg,0:24 note 14 ka thoda Chhota hai 😂,14,2024-12-09T14:12:12Z
2026-10-03,P059,v1,H1ZWPqx18ow,Ugx3KT4U3S8E53Z_Bld4AaABAg,Me deKh kyu rha hun. Jab mene lena nahi hai... 😂😂😂😂😂,2,2024-12-17T17:02:53Z
2026-10-03,P059,v1,H1ZWPqx18ow,UgxiUPflhEQA8wyGrEZ4AaABAg,"What should i choose 
1) Redmi note 14 pro 
2) IQOO Z9 Pro",2,2024-12-10T05:39:36Z
2026-10-03,P059,v1,H1ZWPqx18ow,UgxbskV_AVYWm1zDQsp4AaABAg,Redmi ka jamana Gaya,15,2024-12-10T04:22:32Z
2026-10-03,P059,v1,H1ZWPqx18ow,UgzNKctiMwlGQp-tOoJ4AaABAg,Beast❤,0,2025-09-19T19:24:44Z
2026-10-03,P059,v1,H1ZWPqx18ow,UgyHYJyZOJJc8otpkrZ4AaABAg,Redmi (xiaomi) खुद को iphone समझ ने लगा है 😁 लकिन  बो इंडियन Consumer को नहीं जानता... Xiaomi को उसका असली औकात दिखाने के लिए यह note 14 सीरीज ही काफी है 😅😅😅,7,2024-12-09T15:01:06Z
2026-10-03,P059,v1,H1ZWPqx18ow,Ugwv1cZ5XFc8LrtXYCd4AaABAg,Redmi nite 9 pro max is last best and value for money mobile of Redmi note series,9,2024-12-09T16:33:48Z
2026-10-03,P059,v1,H1ZWPqx18ow,UgxjCI2dxxDKqM1f3wN4AaABAg,Trakin tech ♥️😎🔥🔥,0,2025-03-08T08:20:50Z
2026-10-03,P059,v1,H1ZWPqx18ow,UgwNA_1xk3_kpiVTXJF4AaABAg,Anyone with Redmi note 9 pro max????,8,2024-12-09T14:32:10Z
2026-10-03,P059,v1,H1ZWPqx18ow,UgyarV2v1Lxx5e5nZD54AaABAg,Aaj hi maine buy Kiya 14 Pro plus . MST hai 😊😊,5,2024-12-24T13:01:20Z
2026-10-03,P059,v1,H1ZWPqx18ow,UgyNyIeJP9UtytFBf2J4AaABAg,"I will definitely choose better processor than gg victus 2 and ip68.
Atleast 7gen3 would have been way good along with ip68 and victus 2",1,2024-12-10T10:09:08Z
2026-10-03,P059,v1,H1ZWPqx18ow,Ugw-SBkhyDgf8Jv9CbR4AaABAg,Mne le liya redmi 14pro itna research krke.. But ab thoda regreat ho rha h.. Qki purana phn(redmi not 5 pro) issey jyada acha chl rha tha.. Or lg hi nhi rha ki m nya phn use kr rhi hu.. Charging m 1:30 hr le rha h..speaker toh 2 de diye h pr awaz redmi 5 pro ke ek speaker se b kmm h.. Charging or notifications k liye koi light blink nhi h.. Rest hoping it will run better atleast 5 years🤞,3,2025-01-24T14:22:01Z
2026-10-03,P059,v1,H1ZWPqx18ow,UgwYCe38GhXC0Od02ZV4AaABAg,Kaun chocos khate khate ye video dekh rahe hai😂,6,2024-12-09T14:09:51Z
2026-10-03,P059,v1,H1ZWPqx18ow,Ugw0azeS1CmTXtFYgxN4AaABAg,Android user here ❤,2,2024-12-10T12:31:08Z
2026-10-03,P059,v1,H1ZWPqx18ow,UgxMOpkow6sQbL4Gjst4AaABAg,Google dialler change huya ?,7,2024-12-09T15:25:49Z
2026-10-03,P059,v1,H1ZWPqx18ow,Ugxp2_64rnN1ehUuF4p4AaABAg,Redmi note 14pro+ users ❤❤,6,2025-04-16T06:18:28Z
2026-10-03,P059,v1,H1ZWPqx18ow,UgzwvMH-sQOKyDmXG2F4AaABAg,Watching in Redmi note 13 pro plus ❤,10,2024-12-09T14:16:44Z
2026-10-03,P059,v1,H1ZWPqx18ow,Ugz3FGDhdLeozhTey_t4AaABAg,Camera is not good 😢😢😢,5,2024-12-29T11:43:40Z
2026-10-03,P059,v1,H1ZWPqx18ow,Ugwanv-xPxyEk4UJeN54AaABAg,Still using note 7 pro.....❤,2,2025-11-13T15:44:20Z
2026-10-03,P059,v1,H1ZWPqx18ow,Ugx0bSqlSNARGVhz2dB4AaABAg,Infinix note 40 pro 👽👽👽,5,2024-12-09T14:55:54Z
2026-10-03,P059,v1,H1ZWPqx18ow,Ugw7rI93sB-TUgg5URV4AaABAg,Bismillah,39,2024-12-09T14:11:43Z
2026-10-03,P059,v1,H1ZWPqx18ow,UgyToD7taex0-ntq4E14AaABAg,The 3D curved AMOLED display looks like it'll make everything from scrolling to watching videos a premium experience.,0,2024-12-10T12:34:06Z
2026-10-03,P059,v1,H1ZWPqx18ow,UgxA9a7twM6TwQreA1p4AaABAg,Moto 50 pro 12/256 gst + Bank offer 23k kay buy kar lu kya 😊,6,2024-12-09T14:34:41Z
2026-10-03,P059,v1,H1ZWPqx18ow,Ugz65rbAxcQ5TF9Wzmx4AaABAg,Redmi then 🗿now 🤡,40,2024-12-09T15:08:21Z
2026-10-03,P059,v1,H1ZWPqx18ow,UgwtrEACpt8VN3XAsH54AaABAg,Just buy OnePlus Nord CE 4 or iqoo z9s pro over these 😶‍🌫️,10,2024-12-09T14:36:32Z
2026-10-03,P059,v1,H1ZWPqx18ow,Ugw-PFJ3aMV0CewnS4F4AaABAg,Still using Redmi Note 7 Pro last 5 years.. Redmi Note series best Camera phone ever,0,2024-12-11T06:49:36Z
2026-10-03,P059,v1,H1ZWPqx18ow,UgzpoL3w8s5IoGTWPDN4AaABAg,Watching on redmi note 14 pro 😊,3,2025-04-10T10:04:31Z
2026-10-03,P059,v1,H1ZWPqx18ow,UgxFQ7eonf0aJ13_GSt4AaABAg,Price high 5:28,3,2024-12-13T05:46:14Z
2026-10-03,P059,v1,H1ZWPqx18ow,UgwdUKe8Ft1KV3IC0HF4AaABAg,Me 5 years se redmi 9pro max use kar rahi hu. Very good redmi mobile.,0,2025-06-03T09:45:03Z
2026-10-03,P059,v1,H1ZWPqx18ow,UgzckRe1rYKznu7fXCd4AaABAg,Bekar phone 30k me 7s3 😂😂😂,3,2024-12-11T18:29:57Z
2026-10-03,P059,v1,H1ZWPqx18ow,UgyfgR3ElLeDQ9yjMJh4AaABAg,"Plz, do include eSim in the Connectivity section, whether yes/no. Thanks💛",1,2025-06-08T04:27:19Z
2026-10-03,P059,v1,H1ZWPqx18ow,Ugzj8LKhVntk0Hlkro14AaABAg,"Sir mene aapke video dekha ke 6 sal pehle 

RED MI NOT5 PRO

Liya tha ab achha chal raha he 
Ab ye pho lene vala hu",0,2024-12-11T15:26:54Z
2026-10-03,P059,v1,H1ZWPqx18ow,UgyuQ0Fd3Mu7gUMfaWZ4AaABAg,Watching from legendary Redmi Note 7 Pro 😎❤,0,2024-12-12T07:05:13Z
2026-10-03,P059,v1,H1ZWPqx18ow,UgyQMgQsdF_trY3xO3p4AaABAg,Aisa lag raha hai Samsung Galaxy S9 ke unboxing dekh raha hun?,1,2024-12-10T03:16:26Z
2026-10-03,P059,v1,H1ZWPqx18ow,UgzftkHz0IVT3AlL1wt4AaABAg,Redmi note 9 using since 2020 ❤,0,2024-12-10T15:27:37Z
2026-10-03,P059,v1,H1ZWPqx18ow,UgyWht46FThY_IcM6H14AaABAg,Apka videos colety aswome 🎉,0,2024-12-10T08:22:11Z
2026-10-03,P059,v1,H1ZWPqx18ow,UgylHysnSl2RUic0gEV4AaABAg,unboxing ki video to sirf manoj saru ki hi dekhne ma maza aata hai,0,2024-12-10T07:24:55Z
2026-10-03,P059,v1,H1ZWPqx18ow,Ugyux_67w6q0UFqqzBV4AaABAg,"Legend 🌟😂 are waiting, I am happy with my Redmi note 8",0,2024-12-12T13:44:49Z
2026-10-03,P059,v1,H1ZWPqx18ow,Ugy8D24Jy_C2xqEnpVN4AaABAg,Ma redmi pro note 14me hi dekh raha hun 22 june ko hi liya hain bahut acha phone ha bhai sach me,0,2025-06-24T18:58:30Z
2026-10-03,P059,v1,H1ZWPqx18ow,UgzaIvXdKtlIkxrBBCR4AaABAg,8:49 ip 69 support hona chahiye tha pro plus me 😑,2,2024-12-10T03:59:14Z
2026-10-03,P059,v1,auiDA6V3_3E,UgxSrm5cZ1uED0Jn-eh4AaABAg,0:05 motorola be like ab YouTube bhi mera and bollywood bhi mera 😂,388,2024-10-07T13:07:35Z
2026-10-03,P059,v1,auiDA6V3_3E,UgyS7MdicbtZHINOjVt4AaABAg,REDMI :- same same but different pro and plus😍😍😍😍,22,2024-10-07T14:41:56Z
2026-10-03,P059,v1,auiDA6V3_3E,UgyWzY4_OF5R4K8fgcB4AaABAg,"0:00 this time ""Finally"" is the word",74,2024-10-07T12:57:08Z
2026-10-03,P059,v1,auiDA6V3_3E,UgysOGXtRLqrk040cyV4AaABAg,"Xiaomi Before 2020 🗿
Xiaomi After 2020 🤡",113,2024-10-07T17:06:24Z
2026-10-03,P059,v1,auiDA6V3_3E,Ugxu98bgD9W2Gd2updp4AaABAg,@2:03 Ports nd buttons cha part casually skip kela😂😂😅😅,108,2024-10-07T13:12:18Z
2026-10-03,P059,v1,auiDA6V3_3E,Ugyd0ATsY8bWMQIOQih4AaABAg,4:54 The Sound 😂,8,2024-12-01T05:49:04Z
2026-10-03,P059,v1,auiDA6V3_3E,UgwuELKweFy46zuC1xx4AaABAg,The only think i dont like about trakin tech now is they skipp very fast about camera review no doubt they give ( g drive ) but no one probably watch to go there and see !! Please give detailed reviews on cameras and videos !! Im watching uh since last 3 years,35,2024-10-07T15:41:02Z
2026-10-03,P059,v1,auiDA6V3_3E,Ugw0BWE1d-3QxCVqhSV4AaABAg,6:24 both smile 😊,10,2024-10-07T15:26:46Z
2026-10-03,P059,v1,auiDA6V3_3E,UgyioQGuIBjqgxqg6zN4AaABAg,"Unboxing se phale  Moto ki add dekhne wale , like kare 😂😂😂❤",46,2024-10-07T13:09:12Z
2026-10-03,P059,v1,auiDA6V3_3E,UgwG6XFf6elSbQCWppt4AaABAg,Mera First mobile Redmi not 5 pro tha abb Direct Redmi Not 15 Pro hoga 😂😅❤,97,2024-10-07T16:16:06Z
2026-10-03,P059,v1,auiDA6V3_3E,UgyiCqrV5pMEgU2jTOd4AaABAg,MOTOROLA BUY ALL TECH CHANNELS 😂😂,110,2024-10-07T13:49:17Z
2026-10-03,P059,v1,auiDA6V3_3E,UgzfH-J7XPCtkRt3j8F4AaABAg,"Kya baat hai bhai aaj moto ka ads nahi aaya
     Nahi Nahi bhai aaagaya ads moto 1:29 mints ko",5,2024-10-07T15:55:46Z
2026-10-03,P059,v1,auiDA6V3_3E,UgzdUejKtrJy3iCCDKZ4AaABAg,Did anyone else has seen the expose video on tech tubers ?,105,2024-10-07T12:57:14Z
2026-10-03,P059,v1,auiDA6V3_3E,Ugw9Rdh4-feBwLgLh994AaABAg,"I am using redmi note 8 pro
Best note series mobile of mi",34,2024-12-02T17:45:09Z
2026-10-03,P059,v1,auiDA6V3_3E,UgwGwiETeGdCMbS6gUN4AaABAg,"i don't think Indian people are now much curious about Xiaomi's  ""Note 14 series"".
-as many companies are  launching new smartphones every month.
-This year i.e 2024, all smartphones will be on ""Android 14"" only.
-7 years ago, ""Redmi note 4"" was for Rs 10,000.  now-a-days, Redmi note series start from Rs 15,000 .",106,2024-10-07T14:10:55Z
2026-10-03,P059,v1,auiDA6V3_3E,UgwPVya2Q59ErS4TYYV4AaABAg,"00:02 Introducing the Redmi Note 14 Pro Plus
01:03 Redmi Note 14 Pro Plus features impressive build quality and advanced camera capabilities.
02:15 Redmi Note 14 Pro Plus offers superior display quality and powerful processor
03:21 Redmi Note 14 Pro Plus has UFS 3.1, 6200mAh battery, and 90W charging
04:17 Redmi Note 14 Pro Plus offers Android 15 with HyperOS and a bright 3000 nits display
05:15 The camera has impressive photo clarity and 2.5X optical zoom
06:13 Redmi Note 14 Pro Plus camera and durability features
07:11 Redmi Note 14 Pro Plus is certified and durable",2,2024-10-08T14:53:53Z
2026-10-03,P059,v1,auiDA6V3_3E,UgzrWUQ2G8kKv1IjRkJ4AaABAg,1:32 Jab aap hath me loge na 😅,45,2024-10-07T13:16:03Z
2026-10-03,P059,v1,auiDA6V3_3E,Ugw13pddBx37i80jFb54AaABAg,Motorola thoda ruk jao Kriti nach nach kar thak gai hai😂😂😂,5,2024-10-07T16:19:35Z
2026-10-03,P059,v1,auiDA6V3_3E,UgzXiBl4jOd6zyfDUvJ4AaABAg,"Bhai m aapki videos bhut time se dhekta aa rha hu aapki videos bhut
 helpful hoti h ❤❤❤",13,2024-10-07T12:52:54Z
2026-10-03,P059,v1,auiDA6V3_3E,UgzjIX6T_tRPKNMqTiV4AaABAg,Sir ji 1 video  banao bbd days kis company  ke phone  jyada  sell huwe,6,2024-10-07T14:37:00Z
2026-10-03,P059,v1,auiDA6V3_3E,UgxjJDfrW23SRmYKXol4AaABAg,"Hello Arun Dada @TrakinTech❤

Please make a video on Best Camera Phone in each Budget Segment 🙏
By the way Lots of Prem😘",4,2024-10-07T13:44:47Z
2026-10-03,P059,v1,auiDA6V3_3E,Ugw1BfilvaPvtjrI74p4AaABAg,❤ from Alipurduar West Bengal,1,2024-10-07T17:28:03Z
2026-10-03,P059,v1,auiDA6V3_3E,UgwW5hlqtl_7a66_VeR4AaABAg,Redmi love you,6,2024-10-07T12:52:18Z
2026-10-03,P059,v1,auiDA6V3_3E,UgyUdSUxEyAeglpMfX94AaABAg,"thank you for telling xiaomi to keep the 2.5x telephoto, i love that camera configuration 🙂",1,2024-10-07T15:28:00Z
2026-10-03,P059,v1,auiDA6V3_3E,Ugys7fZqbTzm20dxFe54AaABAg,"Yes, We like telephoto sensor in midrange smartphone.",5,2024-10-07T13:01:25Z
2026-10-03,P059,v1,auiDA6V3_3E,UgyrQkJxlGk5fn2g5BJ4AaABAg,ALL FEATURES 🤩💯 PROCESSOR 🤡,2,2024-10-09T13:00:40Z
2026-10-03,P059,v1,auiDA6V3_3E,Ugy0AW5Djt5REBIf1oF4AaABAg,"भाई फोन को टेबल पर क्यों गिराते रहते हो,जमीन पर गिरा कर टेस्ट किया करो 😮",72,2024-10-07T13:20:53Z
2026-10-03,P059,v1,auiDA6V3_3E,UgyO3m5_8n81ge5wvGl4AaABAg,Sir aap ni to confuse kar deya my redmi 13 pro plus line vala tha but aab 14 aa gya ...😊 Thanks for ur video..,6,2024-10-08T18:41:27Z
2026-10-03,P059,v1,auiDA6V3_3E,UgyOpuEP2J_vVaGDrjd4AaABAg,Is unboxing ka intzaar tha kab se,77,2024-10-07T12:52:17Z
2026-10-03,P059,v1,auiDA6V3_3E,UgzxLFL7otoGDe-Y0E14AaABAg,The pricing to spec ratio is very bad which killed the series. Pricing isn't nearly as aggressive as it used to be. At this price. These features are pretty normal. Why would there be any hype.,2,2024-10-07T20:00:20Z
2026-10-03,P059,v1,auiDA6V3_3E,UgwIWJ07aUkJfmu0kx94AaABAg,7:50 there is lots of back scratch on the phone after the drop test i view it on 2160p (4k) then zoomed it...and it visible,46,2024-10-07T14:13:13Z
2026-10-03,P059,v1,auiDA6V3_3E,UgwGenW5NKCLNPZkFPR4AaABAg,Mera Yeh Phone Lene Ka Aukat 😔 Nahi Hai Fir Bhi Yeh Video Dekhne Aaya Hm 😔 Dekh Ke Hi Khus Hoke Chala Jaunga 😔,51,2024-10-28T17:36:06Z
2026-10-03,P059,v1,auiDA6V3_3E,UgwonRbsyNzpWAxR_Mp4AaABAg,2:43 Antutu 7Lkh and capable processor ?? 😮 Really? For 30k ? I don't think so...,173,2024-10-07T13:29:12Z
2026-10-03,P059,v1,auiDA6V3_3E,UgxJaIx9kWEVbkkjhG94AaABAg,We want telephoto lense instead of ultrawide ✅👍🏻,2,2024-11-05T19:18:15Z
2026-10-03,P059,v1,auiDA6V3_3E,UgzB1RTmjgdPXMsxOgN4AaABAg,Who are missing Manu Kumar Jain as an Xiaomi India CEO?,28,2024-10-07T14:12:53Z
2026-10-03,P059,v1,auiDA6V3_3E,UgyiE9WRO9JBfO7z63h4AaABAg,Bohot Accha batate aap video mai mai to Moto ka video dekha hun apka ab wahi lunga mobile,0,2024-10-08T03:28:11Z
2026-10-03,P059,v1,auiDA6V3_3E,UgyVtXirJtreSLx4ltl4AaABAg,Bhot time lagadeya video banane me I veting miss video,4,2024-10-07T12:53:00Z
2026-10-03,P059,v1,auiDA6V3_3E,UgzljvcjnmTpsn0Ce8h4AaABAg,Super phone For redmii nice unboxing buy kroonga bhai ye phone,1,2024-10-07T17:52:58Z
2026-10-03,P059,v1,auiDA6V3_3E,Ugwh3pHLT4oE2NobRpF4AaABAg,"Table pe girane se koi bhi phone nahi break hota . Do it on hard floor , like tiles !",11,2024-10-07T13:27:04Z
2026-10-03,P059,v1,auiDA6V3_3E,UgxmHcAR2hesFVcGsSx4AaABAg,Hello sir i check your both videos one plus nord 4 as well as redmi note 14 pro plus . No doubt as per price range both phones are good but i am little bit confused with both of them 😕 . I want best phone . So can you suggest me as soom as possible which is one of the best phone  .  If you see my comment i really hope you reply me as soon as possible . thanks 😊,3,2024-12-27T06:22:29Z
2026-10-03,P059,v1,auiDA6V3_3E,UgzW6ecYAqje7a9PLwN4AaABAg,1 year baad up ka  video dekh Raha Hoon,2,2024-10-07T23:15:59Z
2026-10-03,P059,v1,auiDA6V3_3E,UgxwdLmD5iTg3-mi8Qd4AaABAg,"I watch in Redmi note 13 Pro.
Just bought it today 😂",1,2024-10-07T15:46:08Z
2026-10-03,P059,v1,auiDA6V3_3E,UgwHyPspJBDdKDqN8fx4AaABAg,2:46 7s gen3 in 30k is bummer!,25,2024-10-07T14:39:31Z
2026-10-03,P059,v1,auiDA6V3_3E,UgzHpUbiyKQxjHi-Tqt4AaABAg,Very happy to see launch such series,0,2024-12-04T06:16:10Z
2026-10-03,P059,v1,auiDA6V3_3E,UgzO0Enl34QTWHJE_B94AaABAg,"Nowadays Xiaomi's marketing goes down, everybody goes for realme, vivo, samsung, nothing, motorola 😅",45,2024-10-07T16:08:24Z
2026-10-03,P059,v1,auiDA6V3_3E,UgzMDRtpgFS1F2jfRuB4AaABAg,"First time Motorola ka ad nhi mila 😮






Phir bhi ad mila bgmi ka 😂",1,2024-10-09T04:50:05Z
2026-10-03,P059,v1,auiDA6V3_3E,Ugz3zQVXzCfSA0PSe754AaABAg,"Redmi in 2014 🗿
Redmi in 2024 🤡",11,2024-10-08T14:02:04Z
2026-10-03,P059,v1,auiDA6V3_3E,UgzzY0dn8wTrT347wHR4AaABAg,Thank you sir your very useful ☺️,0,2024-10-07T15:20:59Z
2026-10-03,P059,v1,auiDA6V3_3E,UgwjuUgBJOoytOUAIpt4AaABAg,It's look like redmi 9 pro max,31,2024-10-07T13:34:25Z
2026-10-03,P059,v1,auiDA6V3_3E,UgyD3onyfCy0kC6z03t4AaABAg,Kis kis ko camera design acha nahi laga like kare😢😢😢😢,66,2024-10-07T14:42:18Z
2026-10-03,P059,v1,auiDA6V3_3E,UgzlfDCrooURAPsYKs54AaABAg,बहुत ही सुन्दर विडियो मोबाइल की पुरी जानकरी हमे मिलती है एक साल पहिले सर आपका रीबू देखकर मेने poco X five proo खरीदा है आजतक मेरे मोबाइल में कोई भी कमी न के बराबर है दोस्त aapka वीडियो बहुत सुंदर लगता है❤❤❤,0,2024-10-08T03:49:01Z
2026-10-03,P059,v1,auiDA6V3_3E,UgyQWBk5qcKcJsXzl7Z4AaABAg,MAA Kasam jisne subscribe nahi kiya wo exam me fail ho jaega 😂😂😂😂,12,2024-10-07T13:10:31Z
2026-10-03,P059,v1,auiDA6V3_3E,UgwgdFxeYN_NQayZH4B4AaABAg,era of note series is over years ago itself,1,2024-10-15T16:04:09Z
2026-10-03,P059,v1,auiDA6V3_3E,UgzxCenv8e7hKkzk85N4AaABAg,Still Redmi note 13 pro is big deal,3,2024-10-09T06:52:00Z
2026-10-03,P059,v1,auiDA6V3_3E,UgyJul-mnPMJ1_p1dCh4AaABAg,"Hlo Trakin bhaiya , I want Galaxy A55 5g long term review. Please make. I've first time told you & I was your 3 years old member. I hope you will make. Thank you. ❤❤❤",1,2024-10-09T18:43:48Z
2026-10-03,P059,v1,auiDA6V3_3E,UgzX7COHZlqIYAEjcmh4AaABAg,Who got google pixel ad before the video starts like my comment 🤩🙃,4,2024-10-07T12:54:36Z
2026-10-03,P059,v1,auiDA6V3_3E,Ugzah3LDfspryKh7icZ4AaABAg,"Sir 
l love your videos magar please ek request hai, har ek phones wooden tables pe na gira ke, tiles floor pe dikhayenge toh kuch badiya hoga.",0,2024-12-06T11:00:18Z
2026-10-03,P059,v1,auiDA6V3_3E,UgwucOuOHauZF2wLp694AaABAg,I just bought today date 5 2026,3,2026-01-04T20:23:26Z
2026-10-03,P059,v1,auiDA6V3_3E,Ugz0K9Ifmn-4Fw1lh7F4AaABAg,"Sound test bhi include kijiye in your unboxing video, not just speakers achche he isse Kam nhi chalega bro. Bohot logon ke liye great sound bohot matter krta hai. So pls don't that from next videos",0,2024-10-07T14:35:52Z
2026-10-03,P059,v1,auiDA6V3_3E,UgzZ0QB_Vp832MjWNeV4AaABAg,Your videos are very nice. 🇧🇩,6,2024-10-07T12:53:06Z
2026-10-03,P059,v1,auiDA6V3_3E,Ugycy_x8f2A4AwuHJGx4AaABAg,Idhar me mera mobile off karke onn karta hun utne me ek mobile or revive video aajati he 😮😅,2,2024-10-09T08:06:43Z
2026-10-03,P059,v1,auiDA6V3_3E,Ugz3YAqcfbJ_qxcTE8t4AaABAg,Close your eyes and listen for 5sec from 01:29,14,2024-10-07T12:55:21Z
2026-10-03,P059,v1,auiDA6V3_3E,Ugzkrwyk55pJuVM5yCp4AaABAg,Trakin tech 👍,1,2024-10-07T14:37:56Z
2026-10-03,P059,v1,auiDA6V3_3E,Ugxqp2fT1MJ2TgVV-uF4AaABAg,"Redmi note 14 pro plus under 30k 7s gen 3🤡
IQOO z9 pro under 25k 7 gen 3 🗿",9,2024-10-08T04:20:08Z
2026-10-03,P059,v1,auiDA6V3_3E,UgzjL3omD0qpL9dTl9h4AaABAg,Very nice good specifications,1,2024-10-09T10:19:48Z
2026-10-03,P059,v1,auiDA6V3_3E,UgxleuajyDt6hWIYJDZ4AaABAg,Redmi Note 14 pro plus se hi ye videos dekha raha hu 1:17,5,2024-10-13T11:15:39Z
2026-10-03,P059,v1,auiDA6V3_3E,UgwPJ09Z8ReYcVWYCEJ4AaABAg,Iska Intezaar naa kar paya aur Moto edge 50 pro le liya🥲❤️,1,2024-10-07T17:06:55Z
2026-10-03,P059,v1,auiDA6V3_3E,UgwBW22GZPNcp6KUMxx4AaABAg,Aj Mera birthday hai but 0 like,8,2024-10-08T07:27:04Z
2026-10-03,P059,v1,auiDA6V3_3E,Ugx-Ty0Z4V2GGFq6Jal4AaABAg,Sir mera ek request hain ki app thora entertainment keliye apna video ke andar her state ki vasa use kare bohut badiya hoga,0,2024-10-08T08:26:06Z
2026-10-03,P059,v1,auiDA6V3_3E,UgxRD4xdEXoU6yfJeF94AaABAg,"Redmi Note series is dead...
They have nothing new to offer...
It's all over for Redmi Note...

I bought Redmi Note 11 Pro Plus in 2022, 
The performance and the camera quality is absolutely terrible...


Never ever gonna buy another Redmi Note again...",11,2024-10-07T15:17:11Z
2026-10-03,P059,v1,auiDA6V3_3E,Ugz9A9y6MdvHkoVO5h14AaABAg,"30,000 ke under me bahut se phone hai jo isse achha hai ,, aur performance bhi thoda week bolunga, kyonki iss price range me achha mil jata hai",1,2024-10-13T13:40:01Z
2026-10-03,P059,v1,auiDA6V3_3E,Ugx5Te5jwKSkwddzydN4AaABAg,Good upgrade from 13 pro...,1,2024-10-09T08:41:21Z
2026-10-03,P059,v1,auiDA6V3_3E,Ugwbj146-whd34hMp-p4AaABAg,Watching on my Redmi 12C (4/128)😊,1,2024-10-08T03:39:14Z
2026-10-03,P059,v1,auiDA6V3_3E,UgwU8Ap7OpVb6XkjKIF4AaABAg,"Hi  Tracking tech sir , 
Please suggest me for one time investment in the tws earbuds  which one would be the overall latest best tws earbuds.  
Searching from 4 to 6 months. My budget is under 5000 but if don't get satisfied results then i will stretch the budget upto 7000 or 8000. Recently I have seen your videos on most earbuds and you have suggested some one oppo enco air 4 pro. 
Thanking you, 
Will wait for your reply.",1,2024-10-07T19:14:34Z
2026-10-03,P059,v1,auiDA6V3_3E,Ugw9WSfcTfNM0jjPj4J4AaABAg,Video bana k dikhaya kro na camera testing me......  Stabilization... Etc... wo kon batayega,0,2024-10-15T17:26:42Z
2026-10-03,P059,v1,auiDA6V3_3E,UgwndJg4o8BKSBcAORZ4AaABAg,Watching it from Redmi note 5 Pro !!,1,2024-10-07T14:56:15Z
2026-10-03,P059,v1,auiDA6V3_3E,UgySjX8LeQ4mc6KWC-N4AaABAg,"My first phone redmi note 3 works until 3.5yeras 
My second phone redmi 9 prime currently running 4.1 years 😅 pretty durable all the phones now I looking for new redmi i hope they will releasing soon with good budget",0,2024-10-19T20:16:10Z
2026-10-03,P059,v1,auiDA6V3_3E,Ugwwp5bWbJ7dGGHm2U54AaABAg,हम केवल वीडियो देखते है लेते नहीं है 😂,1,2024-10-09T04:33:51Z
2026-10-03,P059,v1,auiDA6V3_3E,UgwHFGZGcVtla2B6W214AaABAg,Sir aapke video bahut acche hote hai sab video dekhta hu mai tum upload karto tab,0,2024-10-08T15:36:24Z
2026-10-03,P059,v1,auiDA6V3_3E,UgzUyKFLk33rLyaBKzx4AaABAg,Galaxy S24 fe ka unboxing video kab aa rha hai,1,2024-10-07T14:48:35Z
2026-10-03,P059,v1,auiDA6V3_3E,UgycunZ2S3YGeyBY5qt4AaABAg,Aye re aye re Zor lga ke padu re hello moto😂,0,2024-10-07T16:06:58Z
2026-10-03,P059,v1,auiDA6V3_3E,UgzqaPpV-6Yvux4yroR4AaABAg,Me apki sari video dekhta hun ap sab ka karte hai,0,2024-10-07T17:16:56Z
2026-10-03,P059,v1,auiDA6V3_3E,Ugxub1RHYnQBixHLi4x4AaABAg,Please aap phone k price ko leke bhi kuch bataya kariye 😊 aapki batayi hui jankari bhot achhi hai lekin log kuch or bhi expect karte hai.. please 😊 kuch price k bare me bhi bataya karo 😊,0,2024-10-27T12:35:32Z
2026-10-03,P059,v1,auiDA6V3_3E,UgykWw4Hw1LFTNmEMz14AaABAg,Sir aap phone unboxing mein water test bhi kariye na pls🙏🏼Isse atleast logon ko ek assurance bhi mil jayega ki is level ke pani mein girne par sach mein kuchh nhi hone wala🙏🏼 I'm always excited for the test🥹,0,2024-10-08T09:49:45Z
2026-10-03,P059,v1,auiDA6V3_3E,UgwdyDGKtrYG7qJvtUN4AaABAg,Aaye aaye re jor lga ke naache re ha re moto 😂,0,2024-10-07T16:02:38Z
2026-10-03,P059,v1,auiDA6V3_3E,Ugwvjw7cOyvuBdTWDGJ4AaABAg,Realme Camera after update 🤡 Xiaomi Camera After Update 🗿,1,2024-10-08T08:34:16Z
2026-10-03,P059,v1,auiDA6V3_3E,UgzVNMaR2LgAFieG0vl4AaABAg,Good thing we have more options in budget phones now. We are finally moving from Xiaomi monopoly.,0,2024-10-07T15:57:48Z
2026-10-03,P059,v1,auiDA6V3_3E,Ugxy8suHsQqzVwJNoY54AaABAg,Shall we go for this or wait for Xiaomi 15 to arrive..?,0,2024-12-06T13:07:06Z
2026-10-03,P059,v1,auiDA6V3_3E,UgzrtO-deIP_Vbb0-Ph4AaABAg,Redmi note 14 pro ka unboxing karo Arun bhaiya??,1,2024-11-27T14:35:48Z
2026-10-03,P059,v1,auiDA6V3_3E,Ugxlh7mHk6Fn6rCRCxJ4AaABAg,When launching in India hope Xiaomi uses 7+ Gen 3 processor for Pro+ model and 7 Gen 3 for Pro model.,0,2024-10-07T18:16:01Z
2026-10-03,P059,v1,auiDA6V3_3E,UgygVTWNx1xXeX0PXad4AaABAg,Everytime I open any video.. motorola ads comes first 😂,0,2024-10-07T17:19:02Z
2026-10-03,P059,v1,auiDA6V3_3E,UgwGYFf5SMJ3IsIw-B14AaABAg,"Sir, plz make a comparison video on Samsung galaxy S23 ultra vs redmi note 14 pro+",1,2024-11-30T15:49:02Z
2026-10-03,P059,v1,auiDA6V3_3E,UgySxKNBOFg0FMjJSTZ4AaABAg,Vai avi ka time me moto edge 40 lena chaiya .. Kuch problem to nahi hogaa na ❤,0,2024-10-08T04:32:45Z
2026-10-03,P059,v1,auiDA6V3_3E,UgyQQorjvz8FIoqPcjx4AaABAg,"Hi,

Is the Redmi Note 14 Pro Plus a good option to by for 30000 price point or at this Price point there are better options available considering daily usage point of view",1,2024-12-14T12:35:29Z
2026-10-03,P059,v1,auiDA6V3_3E,Ugyji1PHFV-2soHGoHF4AaABAg,"Big thumbs up for Xiaomi🎉
They only need at one thing at last,  the optimisation and good software which is the lack of every Android devices brand.😢❤❤❤l",0,2024-10-08T05:06:52Z
2026-10-03,P059,v1,auiDA6V3_3E,UgyjaDnBK5xhUaPnL9d4AaABAg,Aaaj. Bhi popular hai redmi ❤,0,2024-10-08T07:26:39Z
2026-10-03,P059,v1,auiDA6V3_3E,UgwjHOPb7AzyuMxQWJJ4AaABAg,"Apka unboxing wait kapse karihu
Baki to karliya",0,2024-10-07T15:29:54Z
2026-10-03,P059,v1,auiDA6V3_3E,UgzLuIGveqs1MbDXIul4AaABAg,This is the best product in redmi first time amazing phone mind-blowing hosh uda Dene wala hai,0,2024-12-09T08:32:09Z
2026-10-03,P059,v1,auiDA6V3_3E,UgwWuV_RrIlvAeXMlL94AaABAg,Anna you super iam waiting this,0,2024-10-07T14:57:34Z
2026-10-03,P059,v1,auiDA6V3_3E,Ugz2D2g4W2q2rzrmd0V4AaABAg,Sir best headphones sugget kar dijiye for online class under 1k to 1.5k 😢😢😢,1,2024-10-09T02:24:19Z
2026-10-03,P059,v1,RD0r3AO6R28,UgwBmqgNeHe_MDTH6xl4AaABAg,Have this for 8 months..... A beast.!!! ❤❤,52,2026-01-26T12:54:12Z
2026-10-03,P059,v1,RD0r3AO6R28,UgxOsONHU6G8QZE5LUl4AaABAg,Same phone but we have golden,85,2025-10-21T06:24:58Z
2026-10-03,P059,v1,RD0r3AO6R28,UgxX5suF1UT1tKQ8vlp4AaABAg,Same phone but we ha golden❤❤❤❤,5,2026-02-17T14:50:24Z
2026-10-03,P059,v1,RD0r3AO6R28,UgzNtvcGmOADC8dAjTR4AaABAg,I am watching the video from this phone. 😅,74,2026-01-06T17:55:55Z
2026-10-03,P059,v1,RD0r3AO6R28,UgwF2Qwg3pHUJLW9W_R4AaABAg,Самый лучший Обзор  у тебя брат индус,0,2026-06-28T20:48:00Z
2026-10-03,P059,v1,RD0r3AO6R28,UgwtPgPqEvYjE32O-cF4AaABAg,i dont have a phone but thats cool,0,2026-10-03T15:12:55Z
2026-10-03,P059,v1,RD0r3AO6R28,UgyaqxhB1xLANEp0vSN4AaABAg,What a good phone📱 🤝💪🔥,0,2026-03-01T14:28:17Z
2026-10-03,P059,v1,RD0r3AO6R28,UgyoA77AIoKU9BL0l514AaABAg,That's mine but mine s maxed out,14,2025-10-21T13:09:24Z
2026-10-03,P059,v1,RD0r3AO6R28,UgyFHqpUvSLEUYcv7pB4AaABAg,Well well well🥀,1,2025-11-20T06:18:36Z
2026-10-03,P059,v1,RD0r3AO6R28,Ugyh0Ciixt9kCPfmN914AaABAg,Now price & available??,2,2026-01-29T17:55:03Z
2026-10-03,P059,v1,RD0r3AO6R28,UgyOyrpC9A2TEh9WV_d4AaABAg,First Unlock Animation is bug 🥲🥲,24,2025-11-05T20:02:33Z
2026-10-03,P059,v1,RD0r3AO6R28,UgwEqfkKYcjgkUo9gyF4AaABAg,Beast 💀,1,2026-01-18T23:36:57Z
2026-10-03,P059,v1,RD0r3AO6R28,UgxwfC0x5W7RI8LVsX54AaABAg,❤️,7,2025-10-18T11:44:42Z
2026-10-03,P059,v1,RD0r3AO6R28,UgziI8nB-r5BTK4_o6p4AaABAg,I have redmi note 14 pro,0,2026-10-01T16:11:04Z
2026-10-03,P059,v1,RD0r3AO6R28,UgxnqvnNuR5srAuCKVh4AaABAg,I already have 👍💯📱Redmi Note 14 Pro+ 5G😊,2,2025-11-29T13:27:54Z
2026-10-03,P059,v1,RD0r3AO6R28,Ugw20USToLp9ZAf3bFJ4AaABAg,Same phone but i have black 🖤,0,2025-12-30T15:12:57Z
2026-10-03,P059,v1,RD0r3AO6R28,UgxamHfqTBFEqLMRjWp4AaABAg,I am watching realme 14 pro plus 5g,0,2026-10-01T14:28:57Z
2026-10-03,P059,v1,RD0r3AO6R28,Ugy43h6e_Z1-ggJWqkN4AaABAg,iQOO 13 bro 💪🏻,0,2026-01-27T20:07:45Z
2026-10-03,P059,v1,RD0r3AO6R28,Ugz0Pb1Sw9sLRaFD5up4AaABAg,Kal jaa raha hu isi phone ko Lene Kai liya 😊😊,0,2026-01-30T15:16:32Z
2026-10-03,P059,v1,RD0r3AO6R28,UgwM9PoDUG6tExDV12h4AaABAg,What if the phone fell from top😅😅😅,1,2026-06-27T13:56:44Z
2026-10-03,P059,v1,RD0r3AO6R28,UgzzGtPD991aHG9g3nR4AaABAg,"Я город снимал, и у меня орёл телефон спистил😢😂",0,2026-03-18T13:20:19Z
2026-10-03,P059,v1,RD0r3AO6R28,UgzJSqXDsDL57lY502J4AaABAg,Lindo ❤,0,2025-11-26T10:15:57Z
2026-10-03,P059,v1,RD0r3AO6R28,UgzAzMzgpd-JlscrJ2R4AaABAg,Wow it's a my fon😮,0,2026-09-27T04:17:27Z
2026-10-03,P059,v1,RD0r3AO6R28,Ugx_4qxZsel6wUTV_Ax4AaABAg,How to activate esin,1,2025-12-30T09:23:56Z
2026-10-03,P059,v1,RD0r3AO6R28,UgwM-zR9BJZ-Nr2mUVJ4AaABAg,is this phone is global?,0,2026-03-04T06:43:34Z
2026-10-03,P059,v1,RD0r3AO6R28,UgxpGsEydCMWNxbTFOl4AaABAg,❤❤❤❤,1,2025-12-24T17:39:27Z
2026-10-03,P059,v1,RD0r3AO6R28,UgzlcdUc0EynO69_iWR4AaABAg,User ❤,0,2026-01-12T05:20:20Z
2026-10-03,P059,v1,RD0r3AO6R28,UgwJdm9Y_JTZQURO2Nh4AaABAg,One plus nord ce5🖤☠️💥,0,2026-06-03T05:47:32Z
2026-10-03,P059,v1,RD0r3AO6R28,UgyBCnxVQgXa1Y-O6sJ4AaABAg,I also have same phone.. But for gaming this phone is nothing but a joke,0,2026-07-20T08:36:14Z
2026-10-03,P059,v1,RD0r3AO6R28,Ugw0Wpie8PpbyXxivD14AaABAg,Misic world-5g,1,2025-11-12T09:16:53Z
2026-10-03,P059,v1,RD0r3AO6R28,Ugy7Gy_jmTRgT8xQmvh4AaABAg,চাইনিজের সমস্যা কি?,1,2025-12-04T14:03:34Z
2026-10-03,P059,v1,RD0r3AO6R28,UgwrCZwxWqxuy9PTyv94AaABAg,Best for pubg ❤️❤️😍😍,7,2025-10-23T14:57:59Z
2026-10-03,P059,v1,RD0r3AO6R28,Ugxxk6U2YL8Dcj56lut4AaABAg,Eta konta bhaiya?chiness na global?,1,2025-11-23T09:33:38Z
2026-10-03,P059,v1,RD0r3AO6R28,UgwYXwnEUmK83tQWZdh4AaABAg,same phone deye e video ta dekhtechi😆,0,2026-09-18T08:01:23Z
2026-10-03,P059,v1,RD0r3AO6R28,UgwoUZcw3zKF00Ct_wl4AaABAg,Literally watching it with this phone,0,2025-12-31T14:51:09Z
2026-10-03,P059,v1,RD0r3AO6R28,Ugxy02IGyfCckxONn654AaABAg,Is this phone really waterproof 😂😂since I just recorded under water in a swimming pool for 30sec and now the speakers are play songs weirdly,1,2025-12-15T11:33:10Z
2026-10-03,P059,v1,RD0r3AO6R28,Ugyz_XR1hisPL75appZ4AaABAg,"Buenas características, pero F el sistema operativo",0,2026-03-19T01:22:15Z
2026-10-03,P059,v1,RD0r3AO6R28,UgypxfaWz1mAoSJxhdB4AaABAg,Imagine agr gir gaya to 😂😂😂,3,2026-02-15T16:43:22Z
2026-10-03,P059,v1,RD0r3AO6R28,UgxBwv0U3QXrnVVTzql4AaABAg,Chinese version is cheaper and ur holding 😅😅,0,2026-01-12T13:39:44Z
2026-10-03,P059,v1,RD0r3AO6R28,UgztpH9wQ8kDuVr-WLB4AaABAg,Ball ar Camara 😊,0,2026-07-23T11:11:13Z
2026-10-03,P059,v1,RD0r3AO6R28,UgxrV0MINbWE2qph1Sd4AaABAg,"Vai Ami o polli biddut thake ay jaiga ki showroom ase ,
Reply please",0,2026-02-23T14:30:19Z
2026-10-03,P059,v1,RD0r3AO6R28,UgyCr-DQOtqVeM0XX7Z4AaABAg,Mere pass phone hai,0,2025-12-19T10:40:45Z
2026-10-03,P059,v1,RD0r3AO6R28,Ugze0c6wZ6cIBjzwalx4AaABAg,Are bhai ye phone gang hota hai kya?,1,2025-12-22T06:56:35Z
2026-10-03,P059,v1,RD0r3AO6R28,Ugy4y3Gf9Hr-QN5lbCN4AaABAg,😮,0,2025-12-20T15:47:59Z
2026-10-03,P059,v1,RD0r3AO6R28,Ugwp8WuJFtWiaVX_8bJ4AaABAg,Mera wala vivo v60 hai,0,2026-04-15T02:43:27Z
2026-10-03,P059,v1,RD0r3AO6R28,Ugyt8s0eBRFNl3FEVAx4AaABAg,"Poco ×7☠️
Redmi same 😆",0,2026-08-30T17:12:47Z
2026-10-03,P059,v1,RD0r3AO6R28,Ugw2FX7AaaowH5Xk4K54AaABAg,Zoom 30.0x,0,2025-12-05T05:08:08Z
2026-10-03,P059,v1,RD0r3AO6R28,UgxaT9o9RgY9BjAjZz94AaABAg,Sa,0,2026-08-29T09:57:15Z
2026-10-03,P059,v1,RD0r3AO6R28,UgzLoyLaOiSunRCCXRR4AaABAg,Video zoom 8x hai bhai 😅😅😂😂,4,2025-10-12T12:18:24Z
2026-10-03,P059,v1,RD0r3AO6R28,UgyBvuR10Wvqd6V_Vy14AaABAg,30x zoom hai,0,2025-12-07T15:16:27Z
2026-10-03,P059,v1,RD0r3AO6R28,UgxKA29K1TWszObGYqd4AaABAg,28 dine display ses 💔,0,2026-08-02T18:07:33Z
2026-10-03,P059,v1,RD0r3AO6R28,UgzxDqn58lUSEvchIdZ4AaABAg,সাপোর্ট প😴🎉,4,2025-10-12T12:10:14Z
2026-10-03,P059,v1,RD0r3AO6R28,UgwHv1MdZvst8LWFDvR4AaABAg,What is the solution of  glitching in  this phone ?!!,0,2026-02-16T16:46:49Z
2026-10-03,P059,v1,RD0r3AO6R28,UgyQc7E-vCaZLVUL6nd4AaABAg,C'est possible de mettre la Rom globale?,0,2026-04-17T08:38:40Z
2026-10-03,P059,v1,RD0r3AO6R28,UgyMOFnYzHfGuDxFlax4AaABAg,La versión china está más cool y la versión Global pumm hicieron recortes en cámara lo más significativo es que vino sin lente óptico!😢,0,2026-01-13T14:00:21Z
2026-10-03,P059,v1,RD0r3AO6R28,UgxXtX_uNpf3FFcghTV4AaABAg,Price too much for the phone,0,2025-12-04T21:35:12Z
2026-10-03,P059,v1,RD0r3AO6R28,UgwK5OAsVIK9CAnuR2J4AaABAg,اش أسمو,0,2026-06-16T15:41:14Z
2026-10-03,P059,v1,RD0r3AO6R28,Ugy2gTl2EWQD66rxbmR4AaABAg,I got an IPhone 17 🗿,1,2025-11-14T20:48:27Z
2026-10-03,P059,v1,RD0r3AO6R28,UgxNqVZdnIXxZPvQTxJ4AaABAg,I want Indian version,2,2026-01-24T14:17:42Z
2026-10-03,P059,v1,RD0r3AO6R28,UgxS5w50qIvjQeFwzVp4AaABAg,Nowadays note series of mi/redmi not worth it according to price.,15,2025-11-15T18:57:42Z
2026-10-03,P059,v1,RD0r3AO6R28,Ugx8_KHTHTo2wxqDIcl4AaABAg,Price,0,2026-05-13T06:53:01Z
2026-10-03,P059,v1,RD0r3AO6R28,UgxJZXv1E-JstoBOmC94AaABAg,ဟို,0,2026-03-07T11:33:44Z
2026-10-03,P059,v1,RD0r3AO6R28,UgzcLh5JB7P2u8lHunx4AaABAg,Pierde calidad si le das todo el zoom,0,2026-05-28T22:03:30Z
2026-10-03,P059,v1,RD0r3AO6R28,Ugwf1SMluQg6ciTq2Sp4AaABAg,আমি নিছি ৮ ২৫৬ gb সৌদি আরব থেকে,1,2026-01-14T10:28:39Z
2026-10-03,P059,v1,RD0r3AO6R28,UgwrdUgM4MU6o5bGlMp4AaABAg,Yo lo tengo y no es la gran v,1,2025-12-17T14:38:08Z
2026-10-03,P059,v1,RD0r3AO6R28,Ugw9VU00HRAcycbmRVF4AaABAg,Kamera agak flat warna aslinya kah,0,2026-03-25T19:31:33Z
2026-10-03,P059,v1,RD0r3AO6R28,Ugz3kztswAea3PfIAhd4AaABAg,इस फोन से विडियो कैसा बनता है वो भी बताओ,0,2026-01-18T16:53:03Z
2026-10-03,P059,v1,RD0r3AO6R28,UgyuwniU1yMhl2Zqkj54AaABAg,Niste panarame sa stricat din prima zi de cand lam loat iam dat retur nu se merita nu mai loati loati alte merci,0,2026-01-14T05:28:14Z
2026-10-03,P059,v1,RD0r3AO6R28,UgyQhs57X_wvU3dWesB4AaABAg,😂,0,2026-06-14T16:44:13Z
2026-10-03,P059,v1,RD0r3AO6R28,Ugy4NV1nRVIpeAEvisJ4AaABAg,Ois nai?,0,2025-12-31T12:30:29Z
2026-10-03,P059,v1,RD0r3AO6R28,UgzEr5gXmJSoVqFQqI14AaABAg,Camera on this phone is shit,1,2026-08-19T22:26:09Z
2026-10-03,P059,v1,RD0r3AO6R28,UgwHvJmVJ7Cyysl5eVh4AaABAg,Bhut lag krta h,0,2025-12-30T13:48:23Z
2026-10-03,P059,v1,RD0r3AO6R28,UgzmaPOoFj02Ic_ViXh4AaABAg,Benimki 14 pro,0,2026-01-31T05:00:37Z
2026-10-03,P059,v1,RD0r3AO6R28,Ugyd5YBLzTsIAS2RSNB4AaABAg,এটা কি চায়না নাকি গ্লোবাল ?,0,2026-06-11T20:19:12Z
2026-10-03,P059,v1,RD0r3AO6R28,Ugw04wKJDn7kKDAUWM94AaABAg,আমি চালাচ্ছি সব ঠিক আছে কিন্তু ক‍্যামেরা বাজে,2,2025-10-19T18:06:08Z
2026-10-03,P059,v1,RD0r3AO6R28,Ugzy_FQrEUbf9KmwP6N4AaABAg,Batery nicht gut,0,2026-05-01T06:46:11Z
2026-10-03,P059,v1,RD0r3AO6R28,Ugxfr6IdBir_JOPJWPp4AaABAg,https://youtu.be/BWZ9EwaeotY?si=JoSUVtu7lovzltPE,0,2025-12-31T09:34:02Z
2026-10-03,P059,v1,RD0r3AO6R28,UgxO6GOUs6I9_aJN2OB4AaABAg,"Not buy 
.. I also buy....",0,2025-12-10T17:44:36Z
2026-10-03,P059,v1,RD0r3AO6R28,UgyrYORyLHle84iIsdx4AaABAg,Fake,0,2026-07-09T14:00:01Z
2026-10-03,P059,v1,RD0r3AO6R28,UgzIBbGz748tzWQ2xhZ4AaABAg,Bakvaas phone hai lekr pachta rhe hai,0,2026-08-25T14:48:13Z
2026-10-03,P059,v1,RD0r3AO6R28,UgyQj7Px0BY0C-GmP014AaABAg,"Lixo, comprei agora em novembro, bugado,trava tudo,. Assistência técnica não atende. NÃO COMPREM XIAOMI!!! É JOGAR DINHEIRO FORA!",0,2025-12-19T22:04:00Z
2026-10-03,P059,v1,RD0r3AO6R28,Ugwwtuk-9M1ffMceXxF4AaABAg,Deja engañar ala gente  el mío no acerca así,0,2026-03-17T03:21:35Z
2026-10-03,P059,v1,RD0r3AO6R28,UgyeuaHV-rptwGpjlZ14AaABAg,Want eat it 😂😂❤,0,2025-12-16T02:26:35Z
2026-10-03,P059,v1,RD0r3AO6R28,Ugw7LcwO4cs5Dm3X2E14AaABAg,🗑🗑🗑🗑,0,2025-11-07T12:06:55Z
2026-10-03,P059,v1,RD0r3AO6R28,Ugy3Eheo9duD9s0ci3p4AaABAg,Never buy this phone,0,2026-01-21T21:33:55Z
2026-10-03,P059,v1,RD0r3AO6R28,UgwwvO1xNAQovNjgAph4AaABAg,"video zoom 30x
photo zoom 130x",0,2025-11-23T08:06:32Z
2026-10-03,P059,v1,RD0r3AO6R28,Ugxbi0XGChBnoUyT6kR4AaABAg,Faltu mobile hai,2,2026-03-04T16:09:51Z
2026-10-03,P059,v1,RD0r3AO6R28,UgwNycPlc-h7SyMMWp94AaABAg,فاشل,0,2026-05-07T14:38:32Z
2026-10-03,P059,v1,RD0r3AO6R28,Ugz2K8fkTaKXLKiGF3p4AaABAg,Basura de zoom 😂😂😂😂😂 honor se ríe de esto 🤣🤣🤣,0,2026-01-07T02:15:43Z
2026-10-03,P059,v1,RD0r3AO6R28,UgzcZhz2ChLN1YsgscF4AaABAg,Wow🎉🎉🎉,0,2025-11-27T14:48:37Z
2026-10-03,P059,v1,RD0r3AO6R28,Ugw0jZJ5VLtj0yA6qEZ4AaABAg,Bhai apner sathe kotha ase..  Fb id diyen parle,0,2025-12-26T14:04:23Z
2026-10-03,P059,v1,RD0r3AO6R28,UgzVrIuJzm7vpafEdWF4AaABAg,Price,0,2026-05-13T06:54:17Z
2026-10-03,P059,v1,RD0r3AO6R28,Ugy8Xu4dr87akJjs-jd4AaABAg,❤️,0,2025-11-22T12:56:24Z
2026-10-03,P059,v1,RD0r3AO6R28,UgzWJx9ODyOTkO8NLuB4AaABAg,❤❤❤,0,2026-03-13T10:59:45Z
2026-10-03,P059,v1,HtWjZSAHF2A,UgwTrWVchV5De1en0dh4AaABAg,"Noo, it is not overpriced 
See his features samsung mobile cannot give this features in 30k 
But redmi is giving in budget",346,2024-12-13T17:47:43Z
2026-10-03,P059,v1,HtWjZSAHF2A,UgwBPrrtpXPrLP55ILp4AaABAg,Still I'm watching this video by my Redmi Note 14pro+ there is no objection about this device 👍,25,2025-10-26T15:41:51Z
2026-10-03,P059,v1,HtWjZSAHF2A,UgwaGYkZ5Hhx1WPAQYl4AaABAg,"Redmi note 13 pro plus, UFS3.1, LPDDR 5, Diminsity 7200 ultra, 120W, 0%--100% 20-25min my used happy 
13 Pro+ (5G-15 band) (4G- 22 bands)❤❤",6,2024-12-26T07:42:08Z
2026-10-03,P059,v1,HtWjZSAHF2A,UgzHHLG5yYPKbKQ8oVx4AaABAg,Can some say about the quality of screen i mean is it strong enough or it may get broken by falling down 2-3 times,1,2025-03-13T05:39:49Z
2026-10-03,P059,v1,HtWjZSAHF2A,Ugwc-SxNE35lM6GuRp94AaABAg,"Its not over priced redmi durability is whole on next level , most mobile compaines offering features at lower price are not durable",41,2025-07-13T16:56:47Z
2026-10-03,P059,v1,HtWjZSAHF2A,UgzRdz6W8RY_w5a4R_J4AaABAg,"Suggest me some phone that give  good video stabilizing (plz don't recommend iphn, Samsung, OnePlus thies r expensive phone
.my budget aroun 25k",4,2024-12-25T21:57:13Z
2026-10-03,P059,v1,HtWjZSAHF2A,UgwFPJSH-ixeUQD6wdp4AaABAg,"Yes, it's overpriced. The 256 GB variant and above has UFS 3.1. People have to spend 32k on the offer to get the best out of it. At this price segment, they should have given at least 7 gen 3, 7+ gen 2, or dimensity 8300. They are still stuck with LPDDR4x RAM.",41,2024-12-10T06:46:19Z
2026-10-03,P059,v1,HtWjZSAHF2A,UgxFvCuuBDv7X4mp3m54AaABAg,"Bhai mujhe 40k k ander ek mobile lena he vloging, photography, videography k kiye plz suggests konsi mobile lu, jo camera quality or battery backup mast ho, plz reply",1,2025-03-07T23:39:38Z
2026-10-03,P059,v1,HtWjZSAHF2A,Ugz1AO1SibvuvqC4gZp4AaABAg,"So which phone do you think we should go for as an alternative that has better chip set, android 15, and is an overall better phone?",6,2025-01-21T02:41:21Z
2026-10-03,P059,v1,HtWjZSAHF2A,Ugzz1nZxj38LeBwmoU14AaABAg,The best is to buy redmi phones..use it for 5 years max an change it ..,75,2025-07-08T06:54:17Z
2026-10-03,P059,v1,HtWjZSAHF2A,Ugy1W85uwklOvLoa2SJ4AaABAg,Kya mujhe samsung s23 lena chahiye agle 5 saal tk use ke liye? Uski battery life pehle hi kam h agey jake aur kam hojayegi kya?,1,2024-12-11T11:27:29Z
2026-10-03,P059,v1,HtWjZSAHF2A,UgxstJh5fU6QnYwy6Wx4AaABAg,Can you recommend phone like samsung s23 but with more battery life,1,2024-12-11T11:28:33Z
2026-10-03,P059,v1,HtWjZSAHF2A,UgxfPBOBDtV_lxX4zxd4AaABAg,You are absolutely right that this phone is the one who is now complaining about it,1,2025-01-16T04:29:12Z
2026-10-03,P059,v1,HtWjZSAHF2A,Ugzxt1irsfcVjtgr6RR4AaABAg,"Yes, when i use dnd mode still got notification",2,2025-02-24T14:56:10Z
2026-10-03,P059,v1,HtWjZSAHF2A,UgxfUopVv6AxG7IEVXp4AaABAg,Tab to 15/16k wale smartphone me Curved Display missing he aur Sony LYT 800 bhi missing he 😅 comparison karna he to pura kar love-day 🖕😂,42,2024-12-12T04:39:16Z
2026-10-03,P059,v1,HtWjZSAHF2A,UgzeFIwrrIdKU184Nt94AaABAg,"Which is best redmi note 14 pro 5g or iqoo z10r , both I'm getting at 16k after exchange with old device, jldi
btao plz koi",1,2026-01-20T04:44:55Z
2026-10-03,P059,v1,HtWjZSAHF2A,Ugwd3vHqSCsNr3tMtGh4AaABAg,bhai isme miui dialer or second space option h ya nhi,1,2025-08-02T18:23:00Z
2026-10-03,P059,v1,HtWjZSAHF2A,Ugz6iSZ09oGVKx0avrJ4AaABAg,I got it for 18000 rs or je best phone hai ..video quality is awesome,5,2025-07-08T08:52:55Z
2026-10-03,P059,v1,HtWjZSAHF2A,UgxZcK66pktGsxTti4F4AaABAg,Bro what is the lpddr and ufs for this redmi note 14 pro plus,1,2025-07-10T15:43:58Z
2026-10-03,P059,v1,HtWjZSAHF2A,UgzoNjbK0ptM75luZ3N4AaABAg,Bro konse phone de rha ye chipset 15 16k me nam bol is price me redmi turbo 3 snapdragon 8s gen deta h tho,1,2025-01-06T15:41:57Z
2026-10-03,P059,v1,HtWjZSAHF2A,UgwL_YftjwHTJJ12EMh4AaABAg,"Bro, battry, telephoto ,90w charging, Ai, 50mp ,ye sab price justify nahi karta kya???",1,2025-08-17T14:34:05Z
2026-10-03,P059,v1,HtWjZSAHF2A,UgzRhBEM-DE0ueewUv14AaABAg,This is a good phone and you can get it at a good price in china,5,2024-12-18T04:44:25Z
2026-10-03,P059,v1,HtWjZSAHF2A,Ugw6-pnqL0pgii-8dOd4AaABAg,"15 - 16 hazar me konsa model me 
sd 7s gen3 milta hai?😅
Matlab Kuch vi..",32,2024-12-19T18:57:30Z
2026-10-03,P059,v1,HtWjZSAHF2A,UgwfRc290ZCbhk9OXR54AaABAg,Isme green line issue he kya?,1,2025-01-13T21:00:54Z
2026-10-03,P059,v1,HtWjZSAHF2A,Ugyg_Pt7dXOkGFzLqsV4AaABAg,"Samsung a56, redmi nite 14 pro +. Konsa better hain",1,2025-05-31T17:33:01Z
2026-10-03,P059,v1,HtWjZSAHF2A,UgwF4bV3zv4up0fYiMB4AaABAg,15/16k tak  me muje koi mobile suggest kro SD 7sG3 ke saath,3,2024-12-16T01:56:17Z
2026-10-03,P059,v1,HtWjZSAHF2A,UgzuXCabOjrMWpL_SKF4AaABAg,Can u recommend me good phone under like 28k,1,2024-12-15T19:18:22Z
2026-10-03,P059,v1,HtWjZSAHF2A,UgzVDC_SZHRsL_dMEqV4AaABAg,You just need chipset? What about display and all?,1,2025-09-04T01:20:52Z
2026-10-03,P059,v1,HtWjZSAHF2A,Ugyvt9Z9D843WORvOOJ4AaABAg,No.very worth phone.dnt cmt before u use this mobile.coz im using thiz mobile feels like flagship smart phone.ite very very gud mobile...but any one dnt go redmi not 14 pro.its not work vary lag and slow feel battery drain fast and charging very slow.,6,2025-01-15T20:02:11Z
2026-10-03,P059,v1,HtWjZSAHF2A,UgwvWKVg65ZQJkI7TyJ4AaABAg,7s gen 3 filial to nhi hai 25000 ke Ander aur 15_16 k agar kbhi mila tosbse phle MI  hi dega,1,2024-12-11T22:17:13Z
2026-10-03,P059,v1,HtWjZSAHF2A,UgzIBiVEsYbNKRZmYCZ4AaABAg,Konse 16k ke phone me 7s gen 3 hai bhai🤔,3,2024-12-13T10:24:22Z
2026-10-03,P059,v1,HtWjZSAHF2A,Ugzef8N4C8Iq7DefjtR4AaABAg,Bhai me iqoo z10 5g le rha hu kesa he vo me sahi decision to le rha hu na ?,1,2026-07-04T13:08:53Z
2026-10-03,P059,v1,HtWjZSAHF2A,Ugyc8IvoH-nUg8FoYSt4AaABAg,Processer n debut kiya h kosne mobile m aata h,1,2024-12-14T15:11:38Z
2026-10-03,P059,v1,HtWjZSAHF2A,UgwxXr5diYTdrxLSFet4AaABAg,"Durability has also some value😅 besides charging speed , battery technology and ufs 3.1 for 512gb scores good, price is justified.",10,2025-04-20T08:36:46Z
2026-10-03,P059,v1,HtWjZSAHF2A,UgxNjKvurGq0E7OqxJd4AaABAg,15k to 16k me kis phone snapdragon 7s gen 3 milta please mujhe modal ka naam bataye,1,2025-06-14T13:06:20Z
2026-10-03,P059,v1,HtWjZSAHF2A,Ugwk4KviIyTGxAFbVkl4AaABAg,But Redmi allrounder phone and budget frindly❤😊,3,2025-07-12T05:06:06Z
2026-10-03,P059,v1,HtWjZSAHF2A,UgyDA4BC4iboCt2ybsx4AaABAg,Samsung ne paise khelaya hai kya bhai 😅? 15 16k me 7s gen 3 kon saa phone me hai ?,2,2025-01-13T13:07:06Z
2026-10-03,P059,v1,HtWjZSAHF2A,UgyyO3Dqogfn4rNhuwx4AaABAg,Compeny ne bekar me ip69 or gorrila victus 2 de diya usase acha ip67 de deti or prossesor 7+gen 3 hona chahiye tha,1,2025-02-09T13:36:10Z
2026-10-03,P059,v1,HtWjZSAHF2A,UgxXMu6h_WWwttVcbUp4AaABAg,"Me redmi note 14 pro plus lene ki soch raha  
Kya koi batayga iske positive side",1,2024-12-13T14:12:53Z
2026-10-03,P059,v1,HtWjZSAHF2A,UgwCgfu3iy-hHmDh-Op4AaABAg,"15k me sd 7s g 3 mil raha hai😂
Kis phone me mil rahe hai bolo me dekhunga",7,2024-12-09T04:19:34Z
2026-10-03,P059,v1,HtWjZSAHF2A,Ugxs9SI1DJREoLGCHsV4AaABAg,Mra mobile 5 ghnty main fully charge ho ra kl new lea kya main company KO claim kr skti yh issue,1,2025-07-05T15:50:31Z
2026-10-03,P059,v1,HtWjZSAHF2A,Ugx1Osk5MNykQGaRkoJ4AaABAg,I don't know why there's so much hate for redmi phones in last few years. I am using redmi note 9 pro max from 5+ years and still going good. The only area in which redmi need to improve is In it's camera otherwise redmi phones are a good bet for durability with no lag in performance.,4,2025-11-04T06:01:58Z
2026-10-03,P059,v1,HtWjZSAHF2A,UgzAY5T0-D8DTYl_4XB4AaABAg,"Snapdragon 7s gen 3  ₹ 15000,16000  asa konsa mobile brand he bro batao jara uska name",1,2026-05-09T10:23:37Z
2026-10-03,P059,v1,HtWjZSAHF2A,UgynTNzrfAzgJtWY6z94AaABAg,Bro please suggest me best mobile phone for nature photography tarvelling photos and videos under 30 k in 2026,1,2026-03-26T18:30:44Z
2026-10-03,P059,v1,HtWjZSAHF2A,Ugz4bT8vK5JZzkNnqWF4AaABAg,Snapdragon 7s gen 3 15-16 hazar ke price me kab se aane laga lala mobile ke baare me ni janta to na to thoda acvhe se reasearch kr tabhi to visvas krenge ji aappe,1,2025-07-09T10:43:38Z
2026-10-03,P059,v1,HtWjZSAHF2A,UgzFgGYY8rDhSBd7Ght4AaABAg,What about Motorola edge 50 fusion??,1,2024-12-19T02:04:55Z
2026-10-03,P059,v1,HtWjZSAHF2A,Ugxb3K_axjro6EDB0wJ4AaABAg,Bhai 15k 16k  kounsa  phone thoda boliye,1,2024-12-12T11:34:53Z
2026-10-03,P059,v1,HtWjZSAHF2A,UgzSed3C6eLNjT_FTld4AaABAg,"Samsung better a 
mere paas redmi note 14 pro 256 gb aa redmi note ki performance theek thak a aur selfie camera aur back bekaar a aur battery 1 hour plus mai charge hota hai 7 hour e chlta hai mai pachta rha hu redmi 14 pro le k 😢",1,2025-06-01T08:05:03Z
2026-10-03,P059,v1,HtWjZSAHF2A,UgxlU0xfuECadv2zktN4AaABAg,2 years later long long ago appear Mi phone battery no long force 😔😔😭😭,1,2025-10-20T21:51:02Z
2026-10-03,P059,v1,HtWjZSAHF2A,Ugx_HV4oXxDV2MMXuNh4AaABAg,Compare realme gt6 vs redmi 14pro +🎉🎉,2,2024-12-09T10:36:38Z
2026-10-03,P059,v1,HtWjZSAHF2A,Ugwcj4Km02ek1_Ul-up4AaABAg,I have seen full details of the phone it is slower then redmi 13 pro plus,1,2025-01-06T04:57:44Z
2026-10-03,P059,v1,HtWjZSAHF2A,UgzyclBdWobNWp1lM_l4AaABAg,Bhai mein personally bol raha hu redmi note 14 pro plus ye ph ankh bandh kar ke lelo and mein ye ph use kar raha hu...bohot achaa ph hain ye camera quality and processor and Other features is all good 😊,18,2024-12-18T19:36:56Z
2026-10-03,P059,v1,HtWjZSAHF2A,Ugw6qSI2ZC8SmXtwOTl4AaABAg,Bro snapdragon 7s gen 3 chipset 20k se niche wale phone pe nahi ata😂❤,1,2026-06-01T19:14:32Z
2026-10-03,P059,v1,HtWjZSAHF2A,UgxrJXUcfY6OqlC8lM54AaABAg,Please get it corrected.. Its chipset is Mediatek Dimensity 7300 Ultra. I hope you don't mind. 👍,36,2025-03-16T05:26:11Z
2026-10-03,P059,v1,HtWjZSAHF2A,UgxiGYi9dQxtUGNhTEl4AaABAg,"Bhaii snapdragon 7gem 3, 16000 me milta konsa phone haii bhaii bataoo",1,2026-09-12T19:18:20Z
2026-10-03,P059,v1,HtWjZSAHF2A,UgyixvpDdzkZxvm16aN4AaABAg,You are absolutely right but still I took the phone,1,2024-12-16T07:23:35Z
2026-10-03,P059,v1,HtWjZSAHF2A,Ugw-oHxYZUQNZxyALa94AaABAg,Memories cad jaga h,1,2025-10-04T07:12:44Z
2026-10-03,P059,v1,HtWjZSAHF2A,Ugw7jMvS-Pyx3HYnwrR4AaABAg,Bhai 15-16000 me apko 7s gen 3 sapne me milega 😂,3,2024-12-18T11:49:24Z
2026-10-03,P059,v1,HtWjZSAHF2A,UgxatXLvv44WZ4FmzZh4AaABAg,9 prime 128 i used for 4 years without even a scratch or display change nor battery changed thats the quality of redmi so i bought 14 pro plus ➕ now 512 gb @wesome performance❤❤❤❤❤ redmi phones are really a good quality,2,2025-11-22T06:55:10Z
2026-10-03,P059,v1,HtWjZSAHF2A,Ugy7ZtHsBYT37CLFmod4AaABAg,BHAI 15 SE 16 K ME MUJE BHI DILADO NA SNAP DRAGON 7S GEN 3 ME BHI LELU,2,2024-12-21T18:00:45Z
2026-10-03,P059,v1,HtWjZSAHF2A,UgwUqur9hak-Ha5wXiN4AaABAg,Bhai 30k me bechna ka plan bhi nhi he redmi walo ka redmi note 14 20k me bechenge,1,2024-12-13T16:50:58Z
2026-10-03,P059,v1,HtWjZSAHF2A,UgxeLw8_s9IHoKHGxxN4AaABAg,"Kisi k note 14 pro + Chinese global phn main messenger, imo whats app pe notification problem face hua hain?",1,2026-08-21T17:51:37Z
2026-10-03,P059,v1,HtWjZSAHF2A,UgyEPdxmxqgHDjW8h554AaABAg,Who redmi durability is best like my old phone is redmi and it last for 8 yrs,1,2025-11-30T16:21:14Z
2026-10-03,P059,v1,HtWjZSAHF2A,UgyrXM4BdNSxMmi1J8x4AaABAg,Bhai logo realme ne bhi same processor dee diya abb koi bhi nahi bolega ki over priced hai 👺👺👺 bro redmi is king 👑,3,2025-01-13T15:09:06Z
2026-10-03,P059,v1,HtWjZSAHF2A,UgyGwh91C0aKBMl-_al4AaABAg,What to buy? 13 pro plus or 14 pro?,1,2025-01-12T18:07:30Z
2026-10-03,P059,v1,HtWjZSAHF2A,Ugx2nl-CPrjdHSEpouJ4AaABAg,Sahi he yaar 30k 8 256 milna chaiye,2,2024-12-09T12:29:32Z
2026-10-03,P059,v1,HtWjZSAHF2A,UgzxRizFMuqC4gMQi054AaABAg,It looks ur paid artists of vivo oppo,6,2025-01-03T15:10:05Z
2026-10-03,P059,v1,HtWjZSAHF2A,UgwfEOD3czbtmoRzp6F4AaABAg,paise nahi mile kya bhai?,1,2024-12-30T07:45:11Z
2026-10-03,P059,v1,HtWjZSAHF2A,Ugxdhef3lJ4ZDtp1FmJ4AaABAg,अगर लोगो को फोन में सिर्फ प्रोसेसर ही चाहिए तो उनके लिए Redmi ने A4 5G Launch किया हे 8499/- में किसी की g में दम नहीं Snapdragon 4s gen2 देने का with 120hz Refresh Rate & Large Display 🖕,2,2024-12-12T04:44:00Z
2026-10-03,P059,v1,HtWjZSAHF2A,Ugwb4yESvWkIcA-dZhB4AaABAg,Yaha such bola warna sabhi youtuber paid promotion me lage pade hai thnx real review,6,2024-12-09T13:26:24Z
2026-10-03,P059,v1,HtWjZSAHF2A,UgyHoVUure1a2k6Qzlp4AaABAg,Angur hath nahin aaya to angur khatta,2,2025-05-23T02:41:33Z
2026-10-03,P059,v1,HtWjZSAHF2A,UgzDWO0BvPXBEYzDzbB4AaABAg,Bhai ye 25 m le skte h kya jldi bta,1,2026-09-24T04:46:32Z
2026-10-03,P059,v1,HtWjZSAHF2A,Ugz79zVLTXzfdiEJ6Ut4AaABAg,"Xiaomi always camera focused smartphones, I bought this phone when it's launched why I'm bought cause the camera is awesome, I doubted about gaming but still It's gige me better gameplay then I thought now it's 14 months since I bought Redmi 14 plus and I'm going to upgrade with xiaomi 15",1,2026-03-07T01:56:22Z
2026-10-03,P059,v1,HtWjZSAHF2A,Ugx9LEs8N6TLxmC5cWh4AaABAg,Redmi 14 pro plus lu ya realme 14 pro plus please bata do😢,1,2024-12-20T16:17:41Z
2026-10-03,P059,v1,HtWjZSAHF2A,UgwESw7E0cU914TpdEJ4AaABAg,👍🏻 agree,1,2024-12-18T20:46:35Z
2026-10-03,P059,v1,HtWjZSAHF2A,UgwdgsCQMxATHS5PMX94AaABAg,pls enlighten me ..i cant understand..pls explain it in english?..all i can read from the comments are its overpriced..and its on sale here for 12 k pesos  it has dimensity 7300 if im not mistaken,4,2024-12-16T12:17:26Z
2026-10-03,P059,v1,HtWjZSAHF2A,UgzA3yE91vLAUcGZ4xZ4AaABAg,Don't buy Xiaomi phones if you're gonna use it for playing call of duty mobile the touch response in-game is not optimized for the phone despite it's high end chipset,1,2025-08-10T19:42:10Z
2026-10-03,P059,v1,HtWjZSAHF2A,Ugy6LSebd_pZOMcafDR4AaABAg,"Yes its over priced , except curved display poco f6 beat this sh*t in all area.",1,2024-12-14T19:15:32Z
2026-10-03,P059,v1,HtWjZSAHF2A,UgyDpjDkmIW9xRDN0mt4AaABAg,Sahi bat...,1,2024-12-09T11:42:35Z
2026-10-03,P059,v1,HtWjZSAHF2A,UgyJR1lC4AhmZ4atkz14AaABAg,Pls someone translate,1,2024-12-09T03:19:27Z
2026-10-03,P059,v1,HtWjZSAHF2A,UgwJQkglY01SzDYFSAN4AaABAg,RAM speed is less LPDDR4X.,1,2024-12-12T15:49:47Z
2026-10-03,P059,v1,HtWjZSAHF2A,UgwJFrUxZG0di4H5_kl4AaABAg,22000 Redmi note 14 pro milna Chaiye tha 8 128 but 24000 8 256 milna Chaiye tha,8,2024-12-09T12:31:18Z
2026-10-03,P059,v1,HtWjZSAHF2A,Ugx2bBvFq1cXMLraXGV4AaABAg,Main problem of redmi is 14 pro plus with 50 mp camera and 13 pro and pro plus with 200 mp 😂😂😂 like what f,1,2025-06-28T05:43:15Z
2026-10-03,P059,v1,HtWjZSAHF2A,UgyxwGeERTMBwwBSsmF4AaABAg,But in my phone based on Android 15 in same model 😷,0,2026-01-27T14:31:18Z
2026-10-03,P059,v1,HtWjZSAHF2A,UgwM7B3n-v0wkSJ3uR94AaABAg,What saying i don't understand language,1,2025-09-17T19:07:25Z
2026-10-03,P059,v1,HtWjZSAHF2A,UgzhF4sLC-dwS-Gj9Xh4AaABAg,But after it goes android 16,1,2026-02-26T14:50:50Z
2026-10-03,P059,v1,HtWjZSAHF2A,UgyH06lEcKjnFULZjFl4AaABAg,redmi note 14pro plus in what prolam. m tu buy karne wala th,1,2025-01-12T12:19:36Z
2026-10-03,P059,v1,HtWjZSAHF2A,Ugyg7k9ezKrT8KA-pZp4AaABAg,❤your videos,1,2025-01-11T17:57:14Z
2026-10-03,P059,v1,HtWjZSAHF2A,UgyLXslAc9xVb2LKjh54AaABAg,Iam buying redmi note 14 pro not over priced edit: never mind Iam buying poco 6x pro it’s way better,1,2024-12-25T02:35:21Z
2026-10-03,P059,v1,HtWjZSAHF2A,Ugx7XrCIbXIDyMcbtQV4AaABAg,"Dude why TF you write the title on English, the thumbnail in English but you speak Hindi",2,2025-11-26T22:10:35Z
2026-10-03,P059,v1,HtWjZSAHF2A,UgxOE9XEqXQ2khnYT4J4AaABAg,Take to see the features of this phone bro 🙏,1,2025-11-01T19:04:28Z
2026-10-03,P059,v1,HtWjZSAHF2A,UgwqcEUl_nZJJa_hlQR4AaABAg,Android 15 update ho gaya hai bro,1,2025-10-30T14:31:41Z
2026-10-03,P059,v1,HtWjZSAHF2A,UgwsZZBWT7ebt55MVoZ4AaABAg,Agr mujhe 17k me 2nd mile to lelu Kya 😂,1,2026-03-07T11:35:36Z
2026-10-03,P059,v1,HtWjZSAHF2A,UgyXJGerW5Nyl8L3rhp4AaABAg,also sound noti,2,2025-02-24T14:56:29Z
2026-10-03,P059,v1,HtWjZSAHF2A,UgxcLqMJrbXUEBnIsR14AaABAg,"I got this phone titan black, camera is good but not flagship level, it is acceptable in its segment, display quality awsome, durability excellent, no other phone has gorilla glass victus 2 in its price, battery backup is aslo good 6200mah with 90w charger, there's little compromise on that Snapdragon 7s gen 3 is not that powerful for bgmi but i play mlbb its more than that.",1,2026-09-24T03:18:02Z
2026-10-03,P059,v1,HtWjZSAHF2A,UgyWi-XvE2bafuMeOQ14AaABAg,Sare phone kharab hai to achha kon sa hai,1,2024-12-22T08:56:51Z
2026-10-03,P059,v1,HtWjZSAHF2A,UgyvmeZTzCBSLx6fSZZ4AaABAg,What did he say? 🤦,1,2025-01-23T12:26:52Z
2026-10-03,P059,v1,HtWjZSAHF2A,UgxsZ0Z_c4kBJcMLhcR4AaABAg,17999 ka he bhai,2,2024-12-11T05:47:49Z
2026-10-03,P059,v1,HtWjZSAHF2A,UgxID8EiWmVcb7Xhqvd4AaABAg,Holy Glaze💔,1,2025-06-14T02:29:29Z
2026-10-03,P059,v1,HtWjZSAHF2A,Ugyp6LjIMyIa7tkvnz14AaABAg,Konsa brand de raha 15 k me ye chipset? Lava?😂😂,1,2025-02-19T22:14:17Z
2026-10-03,P059,v1,zzbe0FtIr88,UgxiCPNMXAvuV5E-0TZ4AaABAg,"Rip Ratan Tata Sir
1937-2024
A brave Country man
Miss you Ratan sir ❤❤😔",819,2024-10-10T17:54:29Z
2026-10-03,P059,v1,zzbe0FtIr88,UgxeikyQfU-BcrlXQ-J4AaABAg,Xiaomi lover ❤,865,2024-10-10T17:45:12Z
2026-10-03,P059,v1,zzbe0FtIr88,Ugy5Pb6GtTokiAsnPNd4AaABAg,00:10 India ka sabse jyada bikne wala smartphone...lekin abhi India me launch nhi hua hai.😂😂😂😂,359,2024-10-11T05:04:31Z
2026-10-03,P059,v1,zzbe0FtIr88,UgxMrvzAuG4U5UkUeQ54AaABAg,6:21 Who noticed tshirt changing 😅,35,2024-10-11T05:16:02Z
2026-10-03,P059,v1,zzbe0FtIr88,Ugw9GTj8_Q3CHawnhGV4AaABAg,2:34 Sabki badi honi chahiye 😂,130,2024-10-11T04:23:19Z
2026-10-03,P059,v1,zzbe0FtIr88,UgycPVJufugoIo-XR1Z4AaABAg,🔥Cradles song is mandatory in tech burner's every review 🔥 4:00 😂,56,2024-10-10T18:17:12Z
2026-10-03,P059,v1,zzbe0FtIr88,UgxvTHOJXClQUelaZ7R4AaABAg,"Watching in my ""Redmi note 9 pro max"". 🔥 Still beast🔥",183,2024-10-10T18:15:10Z
2026-10-03,P059,v1,zzbe0FtIr88,Ugx4_Im4eG1cW3rDIFJ4AaABAg,"2:35 Sabki badi honi chahiye. 💀💀.
3:50 Bade Bade Ched Hn 💀💀.",55,2024-10-11T06:20:18Z
2026-10-03,P059,v1,zzbe0FtIr88,UgyFhAbfaGaxsigqqrl4AaABAg,"One like for Our Sir Ratan TATA 😭😭😭😭😭😢

RIP🙏🙏🙏",38,2024-10-10T17:48:29Z
2026-10-03,P059,v1,zzbe0FtIr88,Ugxh3tu26pTWXZYLKIl4AaABAg,Playing cradles song  while checking sound of mobile phone during unboxing is permanent 😂😂,15,2024-10-11T03:33:42Z
2026-10-03,P059,v1,zzbe0FtIr88,UgwkcerEp7HKO-sGtnN4AaABAg,Watching in my Redmi Note 9 Pro max... Bhai sahab ajtk koi issue ni hua... Abhi bhi maja aata hai chalane me,11,2024-10-24T15:58:01Z
2026-10-03,P059,v1,zzbe0FtIr88,UgwqONT9wEnxeReekN54AaABAg,2:35 sabki badi honi chahiye😂😂 shlok bhai respect button ✅,100,2024-10-10T17:54:25Z
2026-10-03,P059,v1,zzbe0FtIr88,UgyMj6KnRdDrJDqL26l4AaABAg,"9:30 """"25""""GB storage.. 😂😂🤣🤣",20,2024-10-10T18:33:34Z
2026-10-03,P059,v1,zzbe0FtIr88,UgxCrTYDL5ZdR1npwgV4AaABAg,1:25 Halka Sa Bhaari Lag rha bhai 😂😂😂 yha hasi aai baat pe,7,2024-10-15T10:25:17Z
2026-10-03,P059,v1,zzbe0FtIr88,Ugz8oPlSpTf6zafh2Nl4AaABAg,Redmi + poco = overall value for money ❤,7,2024-10-15T00:53:56Z
2026-10-03,P059,v1,zzbe0FtIr88,UgyZLgTHDJeuxpHihQh4AaABAg,0:50 Xiaomi be like:gazab bezati h,39,2024-10-10T18:39:52Z
2026-10-03,P059,v1,zzbe0FtIr88,UgzoPcJ8VQQG-k5l3QR4AaABAg,Xiaomi is my emotion ❤,8,2024-10-11T16:26:45Z
2026-10-03,P059,v1,zzbe0FtIr88,Ugz2Jt7gXIehtDhW-St4AaABAg,Love from odisha❤,24,2024-10-10T17:45:31Z
2026-10-03,P059,v1,zzbe0FtIr88,UgzbgJ6BSp5o0iRa3694AaABAg,8:32 gaming jabardasth 🎉❤,3,2024-10-12T06:49:50Z
2026-10-03,P059,v1,zzbe0FtIr88,Ugyp8QvMm0FKQZhrNIh4AaABAg,"Red T-shirt Vala shot was retake, Redmi or agency ke kehne pe kiya hoga. We miss the way you did the reviews earlier. Table Baja K you were giving your genuine review.",5,2024-10-11T13:18:41Z
2026-10-03,P059,v1,zzbe0FtIr88,Ugw6MleUUGp5oDbTC_14AaABAg,Happy diwali bhaii❤❤,5,2024-10-10T17:45:16Z
2026-10-03,P059,v1,zzbe0FtIr88,Ugxplq0b3tI8EGomtLl4AaABAg,2:06 50+50% = 100%😂,4,2024-10-11T02:37:12Z
2026-10-03,P059,v1,zzbe0FtIr88,UgzLRmrNsJG4nPCfUMt4AaABAg,कितनी शर्ट चेंज करोगे भाई इस वीडियो में ❤❤❤❤❤😮😮,4,2024-10-10T17:51:08Z
2026-10-03,P059,v1,zzbe0FtIr88,Ugx-VNG3Ko0ob8HPPMZ4AaABAg,"6:49 Naveen hulkakh??😅
Virat Kohli fanss🌚",3,2024-10-23T02:35:53Z
2026-10-03,P059,v1,zzbe0FtIr88,UgzuYQFDCc8iJwW3aLN4AaABAg,3:06 he taking about realme narzo 70 turbo,3,2024-10-28T14:51:11Z
2026-10-03,P059,v1,zzbe0FtIr88,UgwTbWhl3xLSgcXnXcd4AaABAg,Love you techburner bro,2,2024-10-10T17:45:50Z
2026-10-03,P059,v1,zzbe0FtIr88,UgydIwW4Kil28huxz3R4AaABAg,"5:25 vibration thodi , thuchuk thuchuk 🤣🤣",3,2024-10-13T17:25:21Z
2026-10-03,P059,v1,zzbe0FtIr88,UgwsJSkdBnFKDi17Vbp4AaABAg,You should do antutu score of every phone you review/unbox. Its a must needed review of every phone. Its gives us a hope that its actually good phone,1,2024-12-07T02:51:45Z
2026-10-03,P059,v1,zzbe0FtIr88,Ugwg4JA1gpKEeO50lf54AaABAg,"Bro took revenge 

China: Indian iphone smells Currys
Tech burner: China phone smells fish
😂😂😂😂😂",7,2024-10-20T04:03:50Z
2026-10-03,P059,v1,zzbe0FtIr88,Ugz5AN8GJ8hn8ohkw2d4AaABAg,11:17 Big fan Bda Bhai😊,1,2024-10-10T17:49:34Z
2026-10-03,P059,v1,zzbe0FtIr88,UgwyOh_IuIBepz1jTJt4AaABAg,Love from Nepal ❤,1,2024-10-11T09:58:17Z
2026-10-03,P059,v1,zzbe0FtIr88,UgzcF9YsY4SxMfjldMh4AaABAg,0:17 Sumsung m51 laughing in corner,30,2024-10-10T18:19:14Z
2026-10-03,P059,v1,zzbe0FtIr88,Ugw3lycgXNsS0Lb6IuZ4AaABAg,thuchuk thuchuk was insane🤣,1,2024-10-12T15:49:42Z
2026-10-03,P059,v1,zzbe0FtIr88,Ugwyx1F89Pt0Jvm4JO14AaABAg,3:50 bade bade ched h😂😂,19,2024-10-10T18:06:00Z
2026-10-03,P059,v1,zzbe0FtIr88,Ugzp_lSNoIxBgKPDoNh4AaABAg,"Best tech channel ever he explain every point 
Thank you for this amazing information ❤",2,2024-10-14T14:15:05Z
2026-10-03,P059,v1,zzbe0FtIr88,Ugwyt7Huzo0LJQ-X-jR4AaABAg,1:52 Pokemon go player be like it's also not enough 😅,4,2024-10-11T09:37:03Z
2026-10-03,P059,v1,zzbe0FtIr88,UgzrkoVAv7sJcv94T254AaABAg,Love from Karnataka ❣️❣️,1,2024-10-11T16:53:49Z
2026-10-03,P059,v1,zzbe0FtIr88,UgxBHoIKA8GSJzGmQLt4AaABAg,2:14 editing mistake of 256 gb storage😮,10,2024-10-11T05:22:58Z
2026-10-03,P059,v1,zzbe0FtIr88,UgyEhFjQ3VwdiL_PNmx4AaABAg,Wow sab aa gaye 😅,1,2024-10-10T17:51:03Z
2026-10-03,P059,v1,zzbe0FtIr88,Ugw4KyC75CiotlEOoTB4AaABAg,Watching in Redmi Note 7 Pro,6,2024-10-11T09:47:40Z
2026-10-03,P059,v1,zzbe0FtIr88,UgzItLN-6yoYdjk3Q5R4AaABAg,Gaming wala concept mast tha,1,2024-10-11T04:50:31Z
2026-10-03,P059,v1,zzbe0FtIr88,UgyZk4h-_BzKzw5rxjd4AaABAg,Maraj bauji😂,6,2024-10-10T17:45:13Z
2026-10-03,P059,v1,zzbe0FtIr88,UgwZ5Ghdc3Q6gDVnrMV4AaABAg,Most welcome bhai❤,0,2024-10-10T23:01:38Z
2026-10-03,P059,v1,zzbe0FtIr88,UgzoACCEfpEaViXfPJR4AaABAg,Kon kon redmi lover h ❤,3,2024-10-11T06:09:34Z
2026-10-03,P059,v1,zzbe0FtIr88,UgxFQMjsqXO3F_VZxyV4AaABAg,Bhai ki  unboxing nhi avaj sunne ate hai ❤ aur bhai ki acting 💀,0,2024-10-12T15:52:37Z
2026-10-03,P059,v1,zzbe0FtIr88,UgyzCCPiJcaAaGhzzXl4AaABAg,RIP RATAN TATA 😢 PRAY FOR HIM  ❤,14,2024-10-10T18:01:08Z
2026-10-03,P059,v1,zzbe0FtIr88,UgxZBpatSgvf5pOy-rF4AaABAg,Agar sahi price pe aa gaya to bawal macha dega🔥🔥,1,2024-10-11T09:26:21Z
2026-10-03,P059,v1,zzbe0FtIr88,Ugwk-kYPRPFnb8-vYQJ4AaABAg,0:17  Samsung M51 with 7000 mh laughing in corner😂😂,9,2024-10-10T18:39:45Z
2026-10-03,P059,v1,zzbe0FtIr88,Ugz3s6ByNu8z6FwlBrp4AaABAg,Supar video sir may apke sabhi video dekhta hu,1,2024-10-10T17:45:23Z
2026-10-03,P059,v1,zzbe0FtIr88,UgxhLkexj9RwxJ0e-qt4AaABAg,Koan koan iPhone se dekh raha he 😂,9,2024-10-11T02:18:51Z
2026-10-03,P059,v1,zzbe0FtIr88,UgxGEwrcuU8Pcnm9-p14AaABAg,Motorola Be Like - Chal baju hat Pehele Mera Add dekh 😂,1,2024-10-30T11:30:23Z
2026-10-03,P059,v1,zzbe0FtIr88,UgxQ63fDTpLQnb_zpt54AaABAg,Kon kon abhi dekh raha hai or koi lene bhi vala nhi hai or tab bhi dekh raha hai...😅😂🤧,26,2024-10-10T17:46:05Z
2026-10-03,P059,v1,zzbe0FtIr88,Ugxw809vbbmVMNvpft94AaABAg,Lovely voice.with lovely style,1,2024-10-10T17:46:58Z
2026-10-03,P059,v1,zzbe0FtIr88,UgwBo3fF4JqU18W2EmJ4AaABAg,Bade bade ched hai bhai 😂 3:50,3,2024-10-11T10:34:55Z
2026-10-03,P059,v1,zzbe0FtIr88,UgwL-On_3_af1eu5-oF4AaABAg,Camera SetUp Ne Saara Look Bighad diya,0,2024-10-14T05:31:54Z
2026-10-03,P059,v1,zzbe0FtIr88,Ugx_Ue9GxMD5r3X6r994AaABAg,Sir mai new phone afford nahi kar sakta please ek second hand smart phone agar possible ho to de dijiye please,2,2024-10-10T17:52:14Z
2026-10-03,P059,v1,zzbe0FtIr88,UgwtStZ4uWJT22gZ3Ed4AaABAg,Redmi note 8 pro jesa hi feel hoga I think ❤me 5 year se chala raha kuch bhi dikkat ni aayi abhi Tak,1,2024-12-07T04:39:20Z
2026-10-03,P059,v1,zzbe0FtIr88,UgzQygdBDstzn3qN-WV4AaABAg,First 😊😊🎉,2,2024-10-10T17:45:26Z
2026-10-03,P059,v1,zzbe0FtIr88,UgzvxpHG0vkpGpV7jo14AaABAg,Mic bolke bhai ne speaker suna diya 🤣🤣🤣 best part tha.,0,2024-10-11T09:10:21Z
2026-10-03,P059,v1,zzbe0FtIr88,UgwflyyrzVbXnGKVHYR4AaABAg,"Shlok vai ne confirm gym join kia hai ,,,,biceps dikh rahe hai 🌝👌🏻",0,2024-10-16T05:40:26Z
2026-10-03,P059,v1,zzbe0FtIr88,UgzQHgly1x3thAe7ZOh4AaABAg,Cradles is anthem for tech burner,1,2024-10-11T08:42:55Z
2026-10-03,P059,v1,zzbe0FtIr88,Ugyp1O5kP41OhHkALFd4AaABAg,2:25 bhaii kya bol diya😂,0,2024-10-29T04:04:13Z
2026-10-03,P059,v1,zzbe0FtIr88,UgxChVQ3_Be6AqNbwTx4AaABAg,10 years running redmi is part of life❤,0,2024-10-11T04:23:31Z
2026-10-03,P059,v1,zzbe0FtIr88,UgwOXa18RJrWceC2IDJ4AaABAg,Damn!,2,2024-10-10T17:45:15Z
2026-10-03,P059,v1,zzbe0FtIr88,UgwYmD0IL0Zk0ykjMCh4AaABAg,Best phone under 35000 ka video banao n bhaiya 😢,2,2024-10-10T18:11:52Z
2026-10-03,P059,v1,zzbe0FtIr88,UgyYfcZ1YDd7AFZGH_p4AaABAg,Big fan sir ❤❤❤❤❤❤❤❤❤❤❤❤❤❤❤❤❤❤❤❤❤❤❤❤❤❤❤,2,2024-10-11T06:01:08Z
2026-10-03,P059,v1,zzbe0FtIr88,Ugx1AjonuG-V3IbT_j54AaABAg,Bhai Halka Sa Bhari lag raha hai  :),0,2024-11-02T21:48:21Z
2026-10-03,P059,v1,zzbe0FtIr88,UgxHNioI1Nq6mkLY4_R4AaABAg,"My redmi phones list... 

Redmi Note 4, Redmi note 7, Redmi Note 10, Xiaomi 11 Lite, Redmi note 12 pro and next Redmi note 14 pro plus..

Raha nehi jata kab India me aiga",1,2024-10-25T02:37:45Z
2026-10-03,P059,v1,zzbe0FtIr88,Ugx5vf1IrANOKkhnoWF4AaABAg,गजब व्यू आता है भाई 😮तगड़ी कमाई कर रहे हो 😂,0,2024-10-11T13:00:58Z
2026-10-03,P059,v1,zzbe0FtIr88,UgzkFkwIuLyFKcDKfod4AaABAg,Speaker check karvane wala music bahut hi Zyada Acha tha..... Thanks😂,0,2024-10-16T03:20:32Z
2026-10-03,P059,v1,zzbe0FtIr88,Ugx9aWepypPyPUzzqbR4AaABAg,"1:15 
Me with 46 watt charger🔋😆",1,2024-10-12T03:48:50Z
2026-10-03,P059,v1,zzbe0FtIr88,UgwutDTV49xLwM9Lxv54AaABAg,Redmi note 10 pro max is now beast 🔥🔥,1,2024-10-16T10:14:46Z
2026-10-03,P059,v1,zzbe0FtIr88,UgyqDQD0FX0G0Weinwd4AaABAg,"Bro tum TECHBURNER  ho ya PHONEBURNER 
MAXIMUM phone review video ?
Duniya main phone hi tech hain !",0,2024-10-12T01:05:33Z
2026-10-03,P059,v1,zzbe0FtIr88,UgyHqiji9LMMJSWwwB94AaABAg,New performance testing was very nice cause it's very easy to understand,0,2024-10-10T19:00:41Z
2026-10-03,P059,v1,zzbe0FtIr88,UgwvfrhEKJjG8aqBzeZ4AaABAg,3:49 Bare Bare Cheed Hay🙂👍,1,2024-12-03T01:07:24Z
2026-10-03,P059,v1,zzbe0FtIr88,UgxZgiQ_a8l45fvPQ994AaABAg,Note 11 pro plus 2 saal baad aapne aap display mei blue blue mark var gya tha display change kiya to light ka problem hone laga to 7k mei bech diya 😢😢,2,2024-10-15T15:52:15Z
2026-10-03,P059,v1,zzbe0FtIr88,UgyKzia4uYJibK-SLn94AaABAg,02:35 sabki bari Hone Chaiye 🙂👍,1,2024-12-03T01:05:03Z
2026-10-03,P059,v1,zzbe0FtIr88,UgwghKzDBXDhPowFGet4AaABAg,5:25 Duchak Duchak Padam sur suri 😆😆😆😆,0,2024-11-08T16:50:33Z
2026-10-03,P059,v1,zzbe0FtIr88,UgzPbxy2drlTNdS0GIx4AaABAg,Xiaomi Lover ❤😊,2,2024-11-23T06:26:45Z
2026-10-03,P059,v1,zzbe0FtIr88,UgzYKrL4BK9Z4WdR2T54AaABAg,Your voice is best bhai❤,0,2024-10-10T18:03:28Z
2026-10-03,P059,v1,zzbe0FtIr88,UgyMel6a38j6u1v27_B4AaABAg,9:58 same bro,2,2024-10-11T06:46:49Z
2026-10-03,P059,v1,zzbe0FtIr88,UgyTiQZEdS6Jm1lgoOp4AaABAg,Sungte kyun ho bhai😂 😂 Naya Paisa aur Naya mobile sach main sungne main maaaja aa jata hai 😂❤,0,2024-10-11T05:01:53Z
2026-10-03,P059,v1,zzbe0FtIr88,Ugwh8f2vJm1wwqjFAhR4AaABAg,"Redmi note 7 ,10. Are. Beast❤❤",1,2024-10-17T13:11:26Z
2026-10-03,P059,v1,zzbe0FtIr88,UgyNEaPTZ5G_dtZP5IN4AaABAg,Bhai main toh aaj he liya hu or ushi phone se review dekh rha hu😂,1,2024-12-13T20:01:34Z
2026-10-03,P059,v1,zzbe0FtIr88,UgwBwl0HqobMIO2-Ixt4AaABAg,The way you say 14 is still so funny...last I noticed in iphone 14  review😂😂,0,2024-10-11T08:54:26Z
2026-10-03,P059,v1,zzbe0FtIr88,UgwIJZw2Wg7FkUp7r0B4AaABAg,3:33 mobile par  dent hai,2,2024-10-11T05:49:03Z
2026-10-03,P059,v1,zzbe0FtIr88,Ugx-gKfNIm0VJZ24Ld54AaABAg,As a samsung tab user it's feel so good and didn't lag at all and smooth experience. If you don't have samsung device without tab you can do many things.,0,2024-10-16T19:06:12Z
2026-10-03,P059,v1,zzbe0FtIr88,UgywmcVpNr7E8O-GRt54AaABAg,"Redmi note 14 pro+ under 23k  SD 7s gen 3 
Meanwhile IQOO z9s pro under 23k SD 7 gen 3",2,2024-11-01T08:08:06Z
2026-10-03,P059,v1,zzbe0FtIr88,UgzB8lNeD9lYA9bWjOx4AaABAg,Pehle moto ke ad se preshan the aur sumsung se😂,1,2024-10-10T18:47:03Z
2026-10-03,P059,v1,zzbe0FtIr88,UgzrNk9e0j2RXAnkrQl4AaABAg,First🎉❤,1,2024-10-10T17:45:13Z
2026-10-03,P059,v1,zzbe0FtIr88,Ugy6Ybqr1y7Rh3iSw_l4AaABAg,Great work bro 💯,0,2024-10-10T17:48:40Z
2026-10-03,P059,v1,zzbe0FtIr88,UgziyyTNaGJ8pR-XkS14AaABAg,2:24 is that me😂😂,0,2024-10-11T12:18:45Z
2026-10-03,P059,v1,zzbe0FtIr88,UgzCh6ddo-tfRzpZfNd4AaABAg,Mi 14 ultra ka bhe video bnao please 🥺❤️,2,2024-10-10T18:39:43Z
2026-10-03,P059,v1,zzbe0FtIr88,UgxcI-AXdPr9l3Jc-zN4AaABAg,Amazing information brother ❤,0,2024-10-10T17:47:11Z
2026-10-03,P059,v1,zzbe0FtIr88,UgwtOV6Wq2jMzjSvaC94AaABAg,Hain bhai sabki badhi honi chahiye😅,0,2024-10-10T17:56:10Z
2026-10-03,P059,v1,zzbe0FtIr88,UgyKzd4O9eiMpRcOvLF4AaABAg,Tech burner 👍,1,2024-10-10T17:56:16Z
2026-10-03,P059,v1,zzbe0FtIr88,Ugw6swlTIP3gl0n0REJ4AaABAg,Bhaiya bgmi konse setting pe chalayi thi aapne? phele wala tareeka shi tha performance batane ka :),0,2024-10-13T18:13:54Z
2026-10-03,P059,v1,zzbe0FtIr88,UgyCl1pTHGDeyPlSr5h4AaABAg,Rip Ratan Tata 🫡💔,2,2024-10-11T16:56:47Z
2026-10-03,P059,v1,zzbe0FtIr88,UgzdAG6rK3LwmteDadh4AaABAg,Ek no...,0,2024-10-10T17:45:51Z
2026-10-03,P059,v1,zzbe0FtIr88,Ugx2LqcvHequu4EacOB4AaABAg,"1.28 ""Halka sa Bhari""😂",0,2024-11-22T19:27:59Z
2026-10-03,P044,v2,SGbfw9gJDZ8,Ugz_8nlu_U6-lufTBnJ4AaABAg,"Using edge 70 for 3 weeks, from my usage I can say that It is a good mobile. No lag, slightly heating while charging, battery backup is good, getting around 9 hours+ SOT. Missing some features from my previous samsung mobile",191,2026-05-21T09:32:02Z
2026-10-03,P044,v2,SGbfw9gJDZ8,UgyBm_GYcft_p_3CDx94AaABAg,Motorola edge 70 fusion ki screen achi nhi lgi thi baki sab bahut acha lga tha aapne motorola edge 70 flat screen  ke bar me btaya thank you didi 🥰,20,2026-06-11T06:18:11Z
2026-10-03,P044,v2,SGbfw9gJDZ8,UgwX4IlQKTnqdFI_VTZ4AaABAg,You missed to update one important thing Edge 70 has metal frame compare to 70 fusion which has plastic frame,141,2026-04-17T17:10:09Z
2026-10-03,P044,v2,SGbfw9gJDZ8,Ugw1pc1hloEOGRE_nCB4AaABAg,"I don't know why some youtubers are saying 70 fusion is a ₹30k phone. It's not. It starts at ₹24,999. 🤷🏻‍♂️",324,2026-04-10T17:14:52Z
2026-10-03,P044,v2,SGbfw9gJDZ8,UgwlsIkosrHo_dMaKmR4AaABAg,thank you for quick feedback. i purchased 2 Moto 70 for myself and my wife. keep growing,4,2026-08-09T19:21:19Z
2026-10-03,P044,v2,SGbfw9gJDZ8,UgwcAXovJSf1JCUOCsp4AaABAg,Thank you @TechyKiran. Your review helped me to choose the right mobile. God bless.,3,2026-07-12T10:25:36Z
2026-10-03,P044,v2,SGbfw9gJDZ8,Ugw6BIeUqxWKi6JkyuB4AaABAg,"I bought Motorola Edge 70 Fusion yesterday for 26,000 after card discount of 2000 from offline shop. When we see smartphones online there are many phones around 25k but, when we see offline this Motorola phone is the only option for the specs that it provides in the range of 25k. There are no other phones in offline market that offer near same specs. I loved it. It's very good phone",28,2026-05-09T05:50:58Z
2026-10-03,P044,v2,SGbfw9gJDZ8,UgxnPNqDDN0p-I794Ud4AaABAg,Good reviews from you that ఈ live❤️🙏🥰🎉,8,2026-04-10T14:23:50Z
2026-10-03,P044,v2,SGbfw9gJDZ8,Ugx-dL3ivsfmaI7F5G94AaABAg,"Please make ""Honor 400 lite"" video",22,2026-04-11T01:22:20Z
2026-10-03,P044,v2,SGbfw9gJDZ8,UgxgqbxGAaekPnU-9i54AaABAg,"Ma'am first of all I am sorry I am not trying to be rude,I am not an insensitive person but your fingers are so cool ,I loved them 😭❤Feels like Yakuza Mafia boss ,I really respect you please dont get me wrong I just happen to like them",5,2026-06-20T19:55:36Z
2026-10-03,P044,v2,SGbfw9gJDZ8,UgzFqw_M_vyQ_Q3vQzB4AaABAg,Nice and clear presentation,0,2026-08-10T04:28:39Z
2026-10-03,P044,v2,SGbfw9gJDZ8,UgzSmVgErSUiUllv1pN4AaABAg,"Thank you Kiran, you helped me out!!",1,2026-07-22T01:32:59Z
2026-10-03,P044,v2,SGbfw9gJDZ8,Ugwrx_W5Tq6TZynklYB4AaABAg,Isase Achcha To 60 tha usmein telephoto lens to tha,18,2026-04-25T13:04:37Z
2026-10-03,P044,v2,SGbfw9gJDZ8,UgwTMa-c1PPyBkCID4V4AaABAg,we want more tech baddies 😭😭,7,2026-07-26T16:22:40Z
2026-10-03,P044,v2,SGbfw9gJDZ8,UgwY1EYZVGW7JqDEfY54AaABAg,Isase badhiya to maine Dedh sal pahle gt20 Pro liya tha,3,2026-04-17T21:22:39Z
2026-10-03,P044,v2,SGbfw9gJDZ8,Ugy3FPMtZsZZbqo34hJ4AaABAg,I see in video some important things related to u but god bless every time with u and u r so beautiful 😍.I love u dear,0,2026-07-16T05:47:25Z
2026-10-03,P044,v2,SGbfw9gJDZ8,UgzlFFmtzCXg8-hEVIx4AaABAg,Ok Didi 👍🧿✅,3,2026-04-13T10:33:45Z
2026-10-03,P044,v2,SGbfw9gJDZ8,Ugzw4pHp8CDifVbWc_h4AaABAg,Which camera did you use to record this video. Quality is insane,0,2026-07-13T07:39:12Z
2026-10-03,P044,v2,SGbfw9gJDZ8,UgwZt-3nSkhkrw6buB14AaABAg,"Need a long term review for Moto 70 fusion phone. I've used Motorola edge 30 pro, there's lot of heating issue. A lot. I still have the phone with me, but I'm not using it anymore. The heating issue is seriously unbearable!",3,2026-04-18T19:48:22Z
2026-10-03,P044,v2,SGbfw9gJDZ8,Ugx9NU2DDO8pY2x_gvF4AaABAg,Nice Knowledge,0,2026-08-06T03:32:41Z
2026-10-03,P044,v2,SGbfw9gJDZ8,UgwAu1vC6863uoAClSZ4AaABAg,"@techykiran - please suggest moto edge 70, moto edge 70 pro+, moto edge 70 max or moto signature, which should be an ideal phone to purchase for heavy multimedia usage, no gaming, for a period of 2-3 years ?",0,2026-07-31T12:13:35Z
2026-10-03,P044,v2,SGbfw9gJDZ8,UgzIsgKJNxOm2LvR6Up4AaABAg,Thank you..,0,2026-08-18T18:10:36Z
2026-10-03,P044,v2,SGbfw9gJDZ8,Ugyi7EmzjWrDSI4FNdx4AaABAg,"What about water test, underwater selfie try karey",1,2026-04-14T19:49:24Z
2026-10-03,P044,v2,SGbfw9gJDZ8,UgzhD0dMmOjd0RoWEeV4AaABAg,Can you tell when edge 70 pro will launch ?,0,2026-04-11T05:47:27Z
2026-10-03,P044,v2,SGbfw9gJDZ8,Ugw8tac-dgWQtFXyuAF4AaABAg,"मैने कल ही लिया है moto edge 70   , 12-256 GB स्टोरेज वाला 27000 मे । कैमरा अच्छा है और लुक भी बहुत अच्छा है",2,2026-05-10T10:29:25Z
2026-10-03,P044,v2,SGbfw9gJDZ8,UgxhI5huu8NElvpkADl4AaABAg,Didi vivo x300 ya vivo v60 accha hoga?,2,2026-04-14T23:16:42Z
2026-10-03,P044,v2,SGbfw9gJDZ8,UgwP2vjkNr1vP8dbHaJ4AaABAg,Thank u cuteness 😊❤,2,2026-04-11T14:19:04Z
2026-10-03,P044,v2,SGbfw9gJDZ8,Ugwy75FD6XdWcoGwebh4AaABAg,"Are these phones better than oneplus?  One thing about oneplus phones is they are heavy at 211g, 217g for the nord 5 and 6",8,2026-04-13T03:04:30Z
2026-10-03,P044,v2,SGbfw9gJDZ8,Ugx50qTDozeg8BoK5J54AaABAg,Woh toh thik hai app itni cute kaise,0,2026-04-18T09:08:57Z
2026-10-03,P044,v2,SGbfw9gJDZ8,UgyX32G3F4jVNjYOBA94AaABAg,Now I watching this video in motorola edge 70 🔥,3,2026-08-19T17:11:43Z
2026-10-03,P044,v2,SGbfw9gJDZ8,Ugzs5VHuyKkainI4KLd4AaABAg,Didi ap konsa mobile me video shoot krte ho ye btao 😅,1,2026-06-25T14:11:47Z
2026-10-03,P044,v2,SGbfw9gJDZ8,UgzmsweJGf8LSM5YFUh4AaABAg,Sister under 33k mein kaun sa best camera phone lena chahiye in April 2026,1,2026-04-21T21:22:56Z
2026-10-03,P044,v2,SGbfw9gJDZ8,UgxP6WyFit3zx8jKzD54AaABAg,Edge 60 pro choose kya Qki mujhe bsss 2/3 saal chalana rhta h har set,0,2026-04-14T20:56:05Z
2026-10-03,P044,v2,SGbfw9gJDZ8,UgwfzIiSNdvxwCvzTWF4AaABAg,I want to record video in indoor low light with audio recording. Which moto is best?,0,2026-05-04T09:24:35Z
2026-10-03,P044,v2,SGbfw9gJDZ8,UgyG1yz2RZOj8Ht501N4AaABAg,Thank you,0,2026-08-24T11:24:01Z
2026-10-03,P044,v2,SGbfw9gJDZ8,UgyTbb45YlSevkMmqy94AaABAg,Bhaiya ❣️,0,2026-05-23T18:25:44Z
2026-10-03,P044,v2,SGbfw9gJDZ8,UgxOZJ_aeVArLLHmr3h4AaABAg,"Vivo t4 pro ❤
Don't thought about ufs ...yes its ufs 2.2 but having better chip 
7gen 4 >>>7sgen 4",0,2026-05-11T11:47:07Z
2026-10-03,P044,v2,SGbfw9gJDZ8,UgwZUI9aWaddglNqoM54AaABAg,"Maine Jo choose karna tha, woh khareed bhi liya hai already, aapki hi videos dekh kar, decide kar ke... Motorola G86 Power 5G 🌝🌝",0,2026-05-03T06:45:15Z
2026-10-03,P044,v2,SGbfw9gJDZ8,UgyTdAO-iDQmMU3J9A94AaABAg,"Didi Agar ye phone  2026 , may main lunga kuch prblm hoga? Egde 70 .",0,2026-05-12T02:48:14Z
2026-10-03,P044,v2,SGbfw9gJDZ8,UgzP09u9MbY6oBOaLt54AaABAg,Camera mein kaun jyada accha hai moto edge 70 fusion ya iQOO 15r,0,2026-06-12T10:53:18Z
2026-10-03,P044,v2,SGbfw9gJDZ8,UgzmVoCKTUFgcEEfHgx4AaABAg,Kiran ji plz 20k under koi accha phone 📱 suggest kijiye,1,2026-04-24T08:15:36Z
2026-10-03,P044,v2,SGbfw9gJDZ8,UgygQk3a6PwxizGHo6V4AaABAg,*But Woh Bomb 💣😶✌️*,0,2026-04-20T08:40:42Z
2026-10-03,P044,v2,SGbfw9gJDZ8,UgxeO7acrJpmWlvR3mZ4AaABAg,Maybe oneplus,74,2026-04-10T14:54:17Z
2026-10-03,P044,v2,SGbfw9gJDZ8,UgyvLuV_5of5zLCjjQh4AaABAg,Nice 👍,0,2026-09-15T16:27:31Z
2026-10-03,P044,v2,SGbfw9gJDZ8,UgwLMVmEo8ARcR4sv7N4AaABAg,❤❤❤❤❤❤❤,2,2026-04-10T17:14:01Z
2026-10-03,P044,v2,SGbfw9gJDZ8,UgyCgJCmf3zvhJIVwut4AaABAg,Thank god.. mene Moto edge 70 fusion 25k mein le liya tha suru mein hi,1,2026-04-13T05:58:47Z
2026-10-03,P044,v2,SGbfw9gJDZ8,UgzALaMMWRISNTPYeqd4AaABAg,Bas itana batao kya bbd sale me moto edge 60 pro ka successor 26-27k me milega ?,0,2026-04-10T14:55:54Z
2026-10-03,P044,v2,SGbfw9gJDZ8,UgyriX9SElSgHj4C0v14AaABAg,Main camera kiska acha hain? - fusion ka ya phir edge 70 ka?,0,2026-06-22T17:26:40Z
2026-10-03,P044,v2,SGbfw9gJDZ8,UgyPfsPFyc6gH3pXjrl4AaABAg,Mujhe to aap pasand h ❤,3,2026-06-12T10:02:42Z
2026-10-03,P044,v2,SGbfw9gJDZ8,UgxPj52Q9iPChLPLK7x4AaABAg,"Well vohi range me better processor ke saath edge 60 pro bhi miljayega with card discount 28k..
I just purchased moto edge 60 pro last month believe me it's a best Choice",1,2026-04-16T11:31:53Z
2026-10-03,P044,v2,SGbfw9gJDZ8,UgykWPnaUXL4oKqkKQV4AaABAg,which mobile batter speaker for music &  movies?,0,2026-05-12T11:55:53Z
2026-10-03,P044,v2,SGbfw9gJDZ8,UgzV3PNAuHv4cdBKssZ4AaABAg,"Mam I see a video jisme ek ladka bata raha tha ki uska display edge 70 ka dab raha hai or click ki sound de raha hai or ye moto wale bool rahe hai ki manufacturing me hi esa hai 
Tell me bye kare ki nahi edge 70 
Please mam tell me",1,2026-06-14T11:58:04Z
2026-10-03,P044,v2,SGbfw9gJDZ8,UgwdjNmERgnyt1MRrE14AaABAg,"I compared Moto edge 70 with signature. Main camera are almost same, 70 has better front cam. Signature only edges in processor, speed, telephoto, speakers. Thats all. You wont regret in edge 70 as well",1,2026-05-29T13:23:24Z
2026-10-03,P044,v2,SGbfw9gJDZ8,UgzoMGZ7Z3tN4-LsktB4AaABAg,Bhagwan apko bhot khus rakhe,0,2026-08-11T09:14:04Z
2026-10-03,P044,v2,SGbfw9gJDZ8,UgxVeMzH3gzxUG1xq7l4AaABAg,Didi BROTHER-IN-LAW ko v Video me laao ❤😊,15,2026-04-10T15:11:50Z
2026-10-03,P044,v2,SGbfw9gJDZ8,UgxuY-c_-Fdp4L564vR4AaABAg,Didi mere phone ki battery 9020 mah hai mobile ka naam vivo t5 pro hai is ke bare me kuch batao 😊,1,2026-06-04T15:32:51Z
2026-10-03,P044,v2,SGbfw9gJDZ8,UgzO7qrnDJsSYB5Smrh4AaABAg,Quad curved is not good due to temper issue,0,2026-05-17T08:07:04Z
2026-10-03,P044,v2,SGbfw9gJDZ8,Ugy-MB5GX-KJahxSgAB4AaABAg,Mai to aapko dekhne aata hu mobile se matlab nahi hai❤,0,2026-04-19T21:00:52Z
2026-10-03,P044,v2,SGbfw9gJDZ8,Ugx6Dvb0ZZS5_UiMtOB4AaABAg,हैलो जी ❤❤,0,2026-04-10T14:24:14Z
2026-10-03,P044,v2,SGbfw9gJDZ8,Ugx2vp-qoao4X6_PY3p4AaABAg,Camra lag issue solve hua kya moto me?,0,2026-04-13T03:49:24Z
2026-10-03,P044,v2,SGbfw9gJDZ8,Ugz5_Za7--ur7fS5R-J4AaABAg,❤❤,0,2026-04-10T23:50:00Z
2026-10-03,P044,v2,SGbfw9gJDZ8,UgyRW1Jy3Lg9R9PVamB4AaABAg,Kirn.tu hai meri kirn❤,0,2026-07-13T03:47:20Z
2026-10-03,P044,v2,SGbfw9gJDZ8,UgyGV-xHt7BQb2FqRR14AaABAg,वीडियो कॉन फोन से बना रहे हैं,0,2026-04-17T14:26:07Z
2026-10-03,P044,v2,SGbfw9gJDZ8,UgzsDlVDGmMjuAHBjRt4AaABAg,Jab curved edges hi nahi hai toh edge series me dalna hi kyun tha,0,2026-04-15T09:24:44Z
2026-10-03,P044,v2,SGbfw9gJDZ8,UgxarWelUNiS92HysvJ4AaABAg,"I got security update on edge 50 pro , after that call waiting option got disabled and issue never solved. Moto disappoints",0,2026-04-19T14:24:21Z
2026-10-03,P044,v2,SGbfw9gJDZ8,UgzelkrI7USyD81lDU14AaABAg,Hello Mam Aap Bahut Hi Cute Ho Sach Mein❤,0,2026-04-21T05:18:18Z
2026-10-03,P044,v2,SGbfw9gJDZ8,UgyaCGjy76mwCqtyyUR4AaABAg,TQ u dd,0,2026-08-07T09:09:14Z
2026-10-03,P044,v2,SGbfw9gJDZ8,UgwPI5WcYmPiD_orJ2x4AaABAg,Good 👍 l love you,0,2026-04-13T15:03:03Z
2026-10-03,P044,v2,SGbfw9gJDZ8,UgwkwP9z6IfSdQu3tvF4AaABAg,Realme p4 pro price?,2,2026-04-10T14:26:04Z
2026-10-03,P044,v2,SGbfw9gJDZ8,Ugw-WyJpbjvtlnXxm6t4AaABAg,Which cam sensor in edge 70?,0,2026-05-03T13:16:45Z
2026-10-03,P044,v2,SGbfw9gJDZ8,UgwfU3aEeWsdDJxH-kF4AaABAg,"U looks beautiful,,, eyes more than beautiful",0,2026-04-11T14:35:01Z
2026-10-03,P044,v2,SGbfw9gJDZ8,Ugx_5IMJOj4yP7tS7El4AaABAg,Ye motorola wale khud se he competition karne me lage hue hain 😂,4,2026-05-08T11:59:55Z
2026-10-03,P044,v2,SGbfw9gJDZ8,Ugz0_WzksgdvnWj2Nup4AaABAg,"❤
❤",0,2026-04-10T23:49:50Z
2026-10-03,P044,v2,SGbfw9gJDZ8,Ugz54HkXWB7xf-xiBmt4AaABAg,Is there heating issue in motorola edge 70 ?,0,2026-05-11T17:58:51Z
2026-10-03,P044,v2,SGbfw9gJDZ8,Ugz0kDNhfSPhKt9EWhl4AaABAg,Well I bought Fusion because It looks good as well camera as per my use is good,0,2026-08-13T16:44:31Z
2026-10-03,P044,v2,SGbfw9gJDZ8,UgxhGKnWW8PDmWhDJYJ4AaABAg,Same same but different,0,2026-04-15T09:16:39Z
2026-10-03,P044,v2,SGbfw9gJDZ8,UgwLQkeprmB_rVDIPQF4AaABAg,30k ke under best konsa phone hai,1,2026-06-01T13:37:35Z
2026-10-03,P044,v2,SGbfw9gJDZ8,UgzmZLTpp9_ACYenedt4AaABAg,Pls which is better pro 60 vs pro 70..as per rate pro 60 is best apka rai kay hay,0,2026-07-16T07:07:06Z
2026-10-03,P044,v2,SGbfw9gJDZ8,Ugwl0ICYoI0bs8DTiKJ4AaABAg,So cute jn😊,0,2026-06-01T16:27:17Z
2026-10-03,P044,v2,SGbfw9gJDZ8,Ugxz1afLsknFRVYfIQh4AaABAg,Need flat display + compact,0,2026-06-28T07:26:23Z
2026-10-03,P044,v2,SGbfw9gJDZ8,UgyRehrsmh0COtuCcNR4AaABAg,What about Edge 60 pro? Same 30k range,0,2026-04-19T12:55:39Z
2026-10-03,P044,v2,SGbfw9gJDZ8,Ugxkc9riZ0LBphfSP9R4AaABAg,how to get that sot cheching ? any app?,0,2026-06-08T06:11:29Z
2026-10-03,P044,v2,SGbfw9gJDZ8,UgxdHyc-dVS4JWRBmLF4AaABAg,you can't see the phone i hate these quick cuts but thank you for the review,0,2026-09-22T09:58:38Z
2026-10-03,P044,v2,SGbfw9gJDZ8,UgxZeLDyEpZ2olqg80p4AaABAg,Watching in motorola edge 70,1,2026-04-21T08:52:40Z
2026-10-03,P044,v2,SGbfw9gJDZ8,Ugz1_U3Co759VVoTcnx4AaABAg,Madam Motorola ke fusion mein video jab chalata hun Facebook mein tab Thoda Thoda atak Ja Raha Hai uska solution kya hai,0,2026-05-06T04:34:07Z
2026-10-03,P044,v2,SGbfw9gJDZ8,Ugw093qXQXjdogG4piZ4AaABAg,20k ya 25k ke under me phone bataiye  Apne bete ke liye Lena hai  plzzz sister,0,2026-07-10T09:39:08Z
2026-10-03,P044,v2,SGbfw9gJDZ8,Ugwt6Sl9bLdcYDo10NF4AaABAg,What about edge 60 pro compared to both of them,0,2026-04-29T16:06:09Z
2026-10-03,P044,v2,SGbfw9gJDZ8,UgxVK8PUx3tmsXY_3tt4AaABAg,Moto edge 50 ultra plise review,0,2026-04-15T16:37:21Z
2026-10-03,P044,v2,SGbfw9gJDZ8,Ugyfl7nSfmP9gHWYCnR4AaABAg,Edge 70 pro kab ayega ?,0,2026-04-11T15:49:31Z
2026-10-03,P044,v2,SGbfw9gJDZ8,UgxsgxK3GlWqPHljwrF4AaABAg,Flat display good,0,2026-04-13T18:14:17Z
2026-10-03,P044,v2,SGbfw9gJDZ8,UgwjLhxtNG-8haQs2Qd4AaABAg,❤️,0,2026-04-15T03:41:32Z
2026-10-03,P044,v2,SGbfw9gJDZ8,UgxNwwYqE0EgTGpLI-14AaABAg,Didi ne bola matlab dono ko ignore karo 😂,0,2026-05-21T06:59:59Z
2026-10-03,P044,v2,SGbfw9gJDZ8,UgwoZF2q7Vx4uhm-Zo14AaABAg,"just bought edge 70 2 days ago.. i was going to buy edge 70 fusion, now i feel glad that i didn't.",1,2026-08-03T07:32:20Z
2026-10-03,P044,v2,SGbfw9gJDZ8,UgwdOt2iDZW8MwEzt5J4AaABAg,Moto ka konsa new phone le,0,2026-07-08T07:29:24Z
2026-10-03,P044,v2,SGbfw9gJDZ8,UgzpJTP2MQcwhZMw-XN4AaABAg,Moto 6 pro kesa rehega??,0,2026-04-18T01:43:29Z
2026-10-03,P044,v2,SGbfw9gJDZ8,UgwAlLzIsQ5kaX60m2V4AaABAg,ha tention nhi le ge pisa bi de do fer lele ge😅,0,2026-05-01T03:57:36Z
2026-10-03,P044,v2,SGbfw9gJDZ8,Ugzu-q-h-U97MIsOs5J4AaABAg,How to see sot in moto phones?,0,2026-04-15T04:30:29Z
2026-10-03,P044,v2,SGbfw9gJDZ8,UgywYs99j64DRbbRxud4AaABAg,Black vs green moto edge 70 ??,0,2026-07-29T05:51:07Z
2026-10-03,P044,v2,SGbfw9gJDZ8,UgxdKnjSWCUthm0_as94AaABAg,Dd what should I buy 70 or 70fusion Or any other best mobile in this range . Please suggest me,0,2026-04-10T18:18:15Z
2026-10-03,P044,v2,SGbfw9gJDZ8,UgzjAziKQ1-7h_dhQv14AaABAg,First comment,0,2026-04-10T14:23:20Z
2026-10-03,P044,v2,KminYy13OIU,Ugzxwjsfx10f-uV_coZ4AaABAg,"Design aur performance ka balance is phone ka sabse strong point lagta hai. Kisi ek cheez ko overhype nahi kiya gaya, sab kuch proportionate lagta hai 📱✨",162,2025-12-15T10:06:37Z
2026-10-03,P044,v2,KminYy13OIU,UgyfWKW_g89fAXeJNaZ4AaABAg,Review dhekhne se pehle Moto edge 70 ka  hi Ad aa gaya 😂,453,2025-12-15T06:39:37Z
2026-10-03,P044,v2,KminYy13OIU,Ugz_KiWJouSJ7pC1RgR4AaABAg,I have motorola edge 40 neo .. truly unbeatable these today's phone r just giving same features in expensive price but edge 40 is just unbeatable using it from last 2 years not a single problem is faced ... Highly recommend,10,2025-12-18T20:39:30Z
2026-10-03,P044,v2,KminYy13OIU,Ugw5jzSxkIFQXogNQXh4AaABAg,Finally flat display aa gaya ❤😅,212,2025-12-15T07:08:11Z
2026-10-03,P044,v2,KminYy13OIU,UgzaJS9i4tbM654JYsp4AaABAg,"Slim phone keh ke jo doubts hote hain, woh is phone ko dekh ke kaafi had tak clear ho jate hain. Battery aur daily performance dono confidence dete hain 👍📱",179,2025-12-15T12:03:26Z
2026-10-03,P044,v2,KminYy13OIU,Ugzgij8VpH63OgsYceV4AaABAg,Finally Flat Display From Moto! 😊,166,2025-12-15T07:13:32Z
2026-10-03,P044,v2,KminYy13OIU,UgzPeU0WyWJ-EipAuGx4AaABAg,Slim phone bol ke battery ko leke jo hesitation hoti hai. Is phone mein woh hesitation naturally kam ho jati hai after specs dekhne ke baad 😌🔋,208,2025-12-15T10:35:43Z
2026-10-03,P044,v2,KminYy13OIU,UgxH6jcXWmeTMAgjb1R4AaABAg,Battery capacity ko dekh ke lagta hai ki long usage ke liye phone reliable hoga. Slim hone ke bawajood confidence milta hai 👍📱,200,2025-12-15T10:09:47Z
2026-10-03,P044,v2,KminYy13OIU,UgxGxiXCGKIZ63pILcJ4AaABAg,Itni thin body ke saath fast charging support hona kaafi practical decision lagta hai. Busy days mein yeh feature kaafi kaam aata hai ⚡🔋,168,2025-12-15T10:06:09Z
2026-10-03,P044,v2,KminYy13OIU,UgwwIIgE4Z_m1q5gGEt4AaABAg,Slim phones aksar sirf style statement ban ke reh jate hain. Yeh phone us stereotype se thoda upar uthta hua feel deta hai 🔥,192,2025-12-15T10:07:10Z
2026-10-03,P044,v2,KminYy13OIU,Ugww2Bi95arf7WiWqVB4AaABAg,हर समय फोन टेबल पर नहींं गिरता है  लकड़ी पर नहींं गिरता है गिराना है तो फर्श पर गिराओ  ❤,8,2025-12-15T14:03:15Z
2026-10-03,P044,v2,KminYy13OIU,UgxAMJiirLxjLXw-XLV4AaABAg,"Lightweight hone ke bawajood phone fragile ya underpowered feel nahi deta. Daily apps, media aur general usage smooth aur reliable lagta hai 🔋😌",244,2025-12-15T12:04:15Z
2026-10-03,P044,v2,KminYy13OIU,Ugwd56hK9dN2SgeiQvJ4AaABAg,Legend watching without money 😅😅😅😅👇🏻,127,2025-12-15T08:39:02Z
2026-10-03,P044,v2,KminYy13OIU,Ugx0AMcZwQIf_9R9u694AaABAg,Don't have money to buy a phone😢… even though watching very carefully 😅😂😂,8,2025-12-15T15:05:53Z
2026-10-03,P044,v2,KminYy13OIU,UgzBtCXG16IKFzy9Q254AaABAg,Last 2year I was using moto edge 40 and phone working is absolutely outstanding,4,2025-12-15T14:43:19Z
2026-10-03,P044,v2,KminYy13OIU,UgwwDzCFELZHmu9RcqF4AaABAg,Editor needs salary hike 0:20 😂😅😂😅,21,2025-12-15T10:55:15Z
2026-10-03,P044,v2,KminYy13OIU,UgzeHoG_uw5emcjMyeJ4AaABAg,Ab saala 2 mahine Tak Motorola mobile ki add aaegi😂,116,2025-12-15T07:39:45Z
2026-10-03,P044,v2,KminYy13OIU,Ugw2pJ5HLP30_fSZfiV4AaABAg,Motorola should make flat display in all devices,5,2026-04-18T11:31:49Z
2026-10-03,P044,v2,KminYy13OIU,UgycTkvqlNTC-QrIoSN4AaABAg,Aap log customer Care ka review karo....nahi kar paoge😂😂😂,51,2025-12-15T11:40:56Z
2026-10-03,P044,v2,KminYy13OIU,UgxityL1BzbE_vpesCl4AaABAg,"After long time your video felt like what it used to be before , all details covered ❤",0,2025-12-15T10:31:07Z
2026-10-03,P044,v2,KminYy13OIU,UgxGjQ6GTXCJyZOTzJl4AaABAg,Thank you for all the love!💙 Your support means the world to us and keeps Team Motorola pushing for better lifestyle tech product every day.,3,2025-12-29T14:57:35Z
2026-10-03,P044,v2,KminYy13OIU,UgzRZrOh88PJrU24N6Z4AaABAg,Everytime i thought of buying moto phone they come up with better and new phone,1,2025-12-16T16:00:53Z
2026-10-03,P044,v2,KminYy13OIU,Ugwyk8onWD7OJBPA87p4AaABAg,"If there were no ram,storage shortages, we would've get this below 25k",12,2025-12-15T06:45:50Z
2026-10-03,P044,v2,KminYy13OIU,UgxfFrlIvgfpZLpKcnB4AaABAg,"Bhai aap kabhi kisi device ki burai nahi karte, hum confused kon sa lena hai, sab me aapka positive feedback hota hai",0,2025-12-18T15:30:56Z
2026-10-03,P044,v2,KminYy13OIU,Ugws-KHsZo-4I7YpxSN4AaABAg,Using Edge 40 neo Masterclass Camera and Power at That Price Range . Also the fifa officially sponsor,31,2025-12-15T06:31:47Z
2026-10-03,P044,v2,KminYy13OIU,UgzO6hAGpwBzmajLXnR4AaABAg,I've been waiting for a flat screen phone for a long time.,1,2025-12-15T15:15:16Z
2026-10-03,P044,v2,KminYy13OIU,UgzjxrCXnnGVVb5Bx1N4AaABAg,Kon kon 4g phone use kar raha hai 😢😢,741,2025-12-15T06:33:06Z
2026-10-03,P044,v2,KminYy13OIU,UgwSAJaMKZgGd7agHlR4AaABAg,"1st to thnk u sooo much arun bhaiya.
Q ki mein moto ka edge 70 purchase karna chata hu.
Kahi din o se intezer kar raha tha kab aap unboxing koren ge.
Isse phele bhi mein ne IQOO Z6 PRO(2022) saal ph tha.Aur video dekh kar purchase kiye tha.
Aur kafi achha ph hai IQOO.
Mujhe buhat hlp hota hai.
Mein aap ka koi bhi video skip nahi karte hu.
Aap ka new video upload hone se agar nahi dekh bhi paya to mein time nikal kar baat me dekh leta hu.
Thnx again 4 moto edge 70.",0,2025-12-16T08:28:55Z
2026-10-03,P044,v2,KminYy13OIU,UgyQU1QwtLeAgmer7q94AaABAg,Har bar. Same dialogue ye alag hai 😂😂😂,26,2025-12-15T07:27:22Z
2026-10-03,P044,v2,KminYy13OIU,UgzcWFThKAQF77tVWtt4AaABAg,Unbelievable Thin H Arun Bhai ❤,0,2026-03-31T01:17:16Z
2026-10-03,P044,v2,KminYy13OIU,Ugz_SLNgz_O0WMIn8jt4AaABAg,Aapki unboxing dekhte 7 sal hogya sir😮😢,5,2025-12-15T11:11:19Z
2026-10-03,P044,v2,KminYy13OIU,Ugy9kSjy7193FXa0a954AaABAg,Pehle bar moto ne gaming ko target kiya hai bhai ❤️🔥mera moto edge 50 fusion hai 😊,0,2026-01-05T02:38:08Z
2026-10-03,P044,v2,KminYy13OIU,UgyLWwsrtyCcsplLgid4AaABAg,11:00 absolutely,6,2026-01-17T13:40:01Z
2026-10-03,P044,v2,KminYy13OIU,UgzkufAConWxaEsOLs94AaABAg,"Watching it in moto edge 30
Earlier slim phone 
Using from 4 yrs",1,2025-12-15T12:40:41Z
2026-10-03,P044,v2,KminYy13OIU,UgxOFAXMt43mW8bYrIl4AaABAg,8:28 already available in previous phone,9,2025-12-15T13:08:46Z
2026-10-03,P044,v2,KminYy13OIU,UgzisJQbdLtJ15UqtWp4AaABAg,"I am the promoter of Motorola, I want to explain to the customers that even after that the customer has to drop it and show it to me like you.",0,2025-12-15T15:06:25Z
2026-10-03,P044,v2,KminYy13OIU,UgzsGqRG8gyLuWEamjV4AaABAg,मोटरोला को मोबाइल का बैक लुक चेंज करना चाहिए 😰😰😰,37,2025-12-15T08:05:32Z
2026-10-03,P044,v2,KminYy13OIU,UgyR4_AfE2Nt1rG-7Ad4AaABAg,Addition of esim and wireless charging just increased the user base of this device. I hope motorola adds IR sensor and bigger battery in Edge 80. I will definitely buy it.,0,2025-12-15T10:27:35Z
2026-10-03,P044,v2,KminYy13OIU,Ugy1DAAog6m8Ri17-xN4AaABAg,Ab Ek Hafta Moto ka he add aayega😅,6,2025-12-15T12:00:42Z
2026-10-03,P044,v2,KminYy13OIU,UgxhovY2e68lQZmKj5l4AaABAg,Thumbnail is awesome 😎😎,0,2025-12-15T18:51:56Z
2026-10-03,P044,v2,KminYy13OIU,UgxPcidHcRdA015V2yN4AaABAg,30k ki under kuch unique leke ao yaar..30k is a huge amount..,21,2025-12-15T10:08:20Z
2026-10-03,P044,v2,KminYy13OIU,UgxkpUHaBM3xO5FyDdB4AaABAg,I am going to buy this phone for my secondary.. I really liked it.,0,2026-07-30T16:44:19Z
2026-10-03,P044,v2,KminYy13OIU,UgyOKJ7hEj5ETyAEf1F4AaABAg,Lo Phirsey Motorola Ne YouTube Ko Kharid Liya😂,17,2025-12-15T10:18:35Z
2026-10-03,P044,v2,KminYy13OIU,Ugw0_bLV-JpcXXnBl754AaABAg,"Recently purchased Motorola edge 50 Neo, I think this is very underrated phone...",0,2026-02-12T11:02:43Z
2026-10-03,P044,v2,KminYy13OIU,UgxsALo9Fcsr4jlxNbd4AaABAg,Missing Neo series' 😢,13,2025-12-15T10:42:30Z
2026-10-03,P044,v2,KminYy13OIU,UgyF3-xWP3etti5q4eV4AaABAg,Moto ne kamal kr diya 🎉,0,2025-12-16T10:25:48Z
2026-10-03,P044,v2,KminYy13OIU,UgxPL1qyXgw3hzA0A3J4AaABAg,0:10 will edge 70 neo come in india? When?,7,2025-12-18T16:14:18Z
2026-10-03,P044,v2,KminYy13OIU,UgyUOeLTNYX0pLdLqzd4AaABAg,5:24 Video ends here 😂😅,31,2025-12-15T07:31:54Z
2026-10-03,P044,v2,KminYy13OIU,Ugxxtm_29hAkiv-v09h4AaABAg,"Just big brother of Edge 40, i feel❤",0,2025-12-15T14:31:56Z
2026-10-03,P044,v2,KminYy13OIU,Ugy0h2FbLvjcuMLXmE94AaABAg,3:28  what happened to your hand are you okay bro ?,3,2025-12-15T11:23:01Z
2026-10-03,P044,v2,KminYy13OIU,UgztwEM2Hhld27C4dll4AaABAg,Gonna buy it,1,2026-01-16T13:24:06Z
2026-10-03,P044,v2,KminYy13OIU,UgzwKVYmebJK1tyhLR14AaABAg,5:11 Is phone me pakka heating issue hoga mere se kahi pr bhi likhwaa lo kyuki yaha dekho antutu test k time is ka max temperature kitna rise hua hai 28* rise hua hai 10 min k test me😮😮,7,2025-12-15T08:03:55Z
2026-10-03,P044,v2,KminYy13OIU,UgwBojADIFw9p7OUoPd4AaABAg,"Just bought the same 
It's awesome",0,2026-03-16T07:24:12Z
2026-10-03,P044,v2,KminYy13OIU,UgzeNld89lOjjs_MMPB4AaABAg,"Bought this phn , and in 1 hour jus while setting it up it went off....shut down...never recovered, jus gave it back to the store.",3,2026-04-24T10:42:22Z
2026-10-03,P044,v2,KminYy13OIU,UgzWDG-vTR6SWImvf8R4AaABAg,Watching the video on Edge 30 which is working absolutely fine till now.,0,2025-12-20T20:42:08Z
2026-10-03,P044,v2,KminYy13OIU,UgzOO1A_CABkzMCGk7x4AaABAg,0:55 yahan se smell kar pa raha hu😅❤,16,2025-12-15T07:56:16Z
2026-10-03,P044,v2,KminYy13OIU,UgyshuEBACAfmcpM_xJ4AaABAg,After long time finally flat display ❤,0,2026-01-03T14:57:17Z
2026-10-03,P044,v2,KminYy13OIU,UgxyOAHcmsDAiJmj3xp4AaABAg,5:04 Arun Sir Edge 60 me MTK 7400 hai and Edge 50 me 7 gen 1 hai 😅😅,5,2025-12-15T06:45:43Z
2026-10-03,P044,v2,KminYy13OIU,UgzgYdyoHJ33-yk1CE94AaABAg,Double tap at back was from edge 40 series ❤❤❤,1,2025-12-16T02:24:23Z
2026-10-03,P044,v2,KminYy13OIU,UgzNnCUFLGzenAx7fPh4AaABAg,Ab moto lunga kyunki flat display 😊😊,15,2025-12-15T07:31:38Z
2026-10-03,P044,v2,KminYy13OIU,UgycA0LYJ7i-mADqEqV4AaABAg,What a colour ❤,0,2025-12-15T11:55:12Z
2026-10-03,P044,v2,KminYy13OIU,UgxzlZnbYmEpQfGt9Ex4AaABAg,Ek toh yeh takla itni overacting karta hai. Shuru m hi dimaag kharab hojata h. @gyantheraphy bhai jaldi vedio laya karo inn sb se 😢,8,2025-12-15T15:17:31Z
2026-10-03,P044,v2,KminYy13OIU,Ugy1NgfJZlJtWo31Aad4AaABAg,"Phone kharidunga nahi lekin trakin tech ka video dekhne mai maja aata hai 
Love you Trakin Tech which helped me to increase my smartphone knowledge ❤❤",0,2025-12-15T13:52:54Z
2026-10-03,P044,v2,KminYy13OIU,UgxKalGWV99n3Z2CVaZ4AaABAg,Motorola doing fire(means amazing) job! 🔥,11,2025-12-15T06:33:53Z
2026-10-03,P044,v2,KminYy13OIU,Ugyzw7xBcHMRsfTIL794AaABAg,"Very smart mobile 
Me inshallah bhut jaldi lene vala hu ❤",0,2026-01-31T08:31:03Z
2026-10-03,P044,v2,KminYy13OIU,UgzrE2vz4NL7hu4UfEN4AaABAg,"5:33 ab battery Kam nahin lagta Hai sponsorship mein banaya Gaya Hai video 😂😂
 edited :- ab ye mat bolna lightweight hai karke khud bolate Ho 2025/26 mein 5000 mein battery nahin  lena",7,2025-12-15T06:58:10Z
2026-10-03,P044,v2,KminYy13OIU,UgxceDOfbrG0vyK8Xnh4AaABAg,Itna lightweight h ki phone dikha hi nai 0:20,21,2025-12-15T06:35:23Z
2026-10-03,P044,v2,KminYy13OIU,UgwlLjdyni1E0Od03Px4AaABAg,This time absolutely cool 😎 looking he bhai moto edge 70,0,2025-12-15T13:34:54Z
2026-10-03,P044,v2,KminYy13OIU,Ugw_64Ifir5LTgvy7BR4AaABAg,5:53 bhai sirf 120 de dene se nhi chalta hugg dega event pe ye device 😂,10,2025-12-15T15:44:37Z
2026-10-03,P044,v2,KminYy13OIU,UgyU_feYExeYQNq718x4AaABAg,8:27  ye gesture to mere mobile g54 5g me bhi hai. ❤ 8:27,1,2026-01-07T15:28:33Z
2026-10-03,P044,v2,KminYy13OIU,UgxHQ1vIIBU0gaefOMN4AaABAg,5000mah in big 2025🥀,6,2025-12-15T14:39:45Z
2026-10-03,P044,v2,KminYy13OIU,UgxmPII4MD566SqTwOJ4AaABAg,Unbelievable phone❤,0,2025-12-21T05:58:08Z
2026-10-03,P044,v2,KminYy13OIU,UgzufAncLXJ3u4kFc1N4AaABAg,Battery me hug dia. Kam se kam 6000 honi chahiye Aaj kal k time me,6,2025-12-15T08:12:51Z
2026-10-03,P044,v2,KminYy13OIU,UgzWU9hjx0LUwS9pqA94AaABAg,I think trakin tech has official  promotor of moto.. Service center bekaar hai moto ke,0,2025-12-16T17:19:14Z
2026-10-03,P044,v2,KminYy13OIU,UgwJQJNaM_6EAppQyhh4AaABAg,"20% information 
80% extras",2,2026-01-21T06:23:17Z
2026-10-03,P044,v2,KminYy13OIU,Ugw48exTwH2a7TfBZ_F4AaABAg,"मैं हमेशा सैमसंग उसे करता था लेकिन A 14 k backup preshan hokar motorola edge 60 liya , lag bhag saal bhar hoga behtar phone hai",0,2025-12-16T01:25:51Z
2026-10-03,P044,v2,KminYy13OIU,Ugw-nVrK4AOoJJ1Zu_d4AaABAg,"Can u suggest me which mobile is best in this 3 samsung s25ultra.  iPhone 17pro,vivo x 300 which is best r else wait for s26 ultra plz respond for my msg",2,2025-12-16T06:56:40Z
2026-10-03,P044,v2,KminYy13OIU,Ugwe1tvKxbTYWYeAWGJ4AaABAg,Best Reivew,0,2025-12-15T14:30:00Z
2026-10-03,P044,v2,KminYy13OIU,Ugx9_zDTWdKIzIvr6G94AaABAg,neo aane wale hei. kya sir?,5,2025-12-15T06:48:00Z
2026-10-03,P044,v2,KminYy13OIU,UgwURzj3sjlMij_0pdp4AaABAg,Aap comments nhi dekhte maybe 😂❤,4,2025-12-15T06:31:15Z
2026-10-03,P044,v2,KminYy13OIU,UgxrcfLC18Nyo3s2yF14AaABAg,Still using Moto Edge 50 pro for my youtube channel and still works like a beast🔥🔥,0,2025-12-20T06:49:53Z
2026-10-03,P044,v2,KminYy13OIU,UgyzjoL4grnEa9eRvLl4AaABAg,Moto started cooking 💀💀,7,2025-12-15T06:35:48Z
2026-10-03,P044,v2,KminYy13OIU,UgyJsadE3WN2HmItvDt4AaABAg,Mene Aaj hi liya what a phone❤❤❤,1,2026-07-10T19:09:42Z
2026-10-03,P044,v2,KminYy13OIU,Ugw3EKLf0pLrUyILQiB4AaABAg,Bhai mana 1 week pahala edge 60 pro la liya ab pachaya ho raha ha same price ma edge 70😢😢,2,2025-12-17T14:57:53Z
2026-10-03,P044,v2,KminYy13OIU,UgxyIM9nNHSupyjuPxV4AaABAg,"Bhai ji me aap ki sb hi phone ki video dekh raha hu 
Or ye bi dekhi hai",0,2025-12-15T10:39:14Z
2026-10-03,P044,v2,KminYy13OIU,Ugzb3T9C-pxvCkrNkDN4AaABAg,"Don't buy Moto Phones, there are no software updates, and if there are they make the software experience worse.",10,2025-12-15T07:08:36Z
2026-10-03,P044,v2,KminYy13OIU,UgzuX-3y0tPcvfi_D514AaABAg,"Thanks God, flat display is back",0,2025-12-16T05:09:49Z
2026-10-03,P044,v2,KminYy13OIU,UgxW70rmRqT1XtkQr1N4AaABAg,Eagerly waiting for edge 70 ultra. If it is good. Will upgrade from edge 50 ultra,0,2025-12-20T09:19:07Z
2026-10-03,P044,v2,KminYy13OIU,Ugyw5M2SHV1ON6_12x14AaABAg,"Last few years I was fan of Motorola.. but its good for 1 year only... Later it will have Software update issue.. then once uodated you will get display issue... Which I personally found in two phones... & yes later phones gets Slow too..
Didnt expect that from Motorola..",0,2025-12-16T15:43:01Z
2026-10-03,P044,v2,KminYy13OIU,UgwVZAQ-VTd3aLgHBb94AaABAg,Watching from the moto edge 60 pro❤,0,2025-12-15T14:13:51Z
2026-10-03,P044,v2,KminYy13OIU,UgzrTEtFccUV4Exfw754AaABAg,Thanks for 15 subscribers youtube family🎉♥️,0,2026-01-22T06:44:13Z
2026-10-03,P044,v2,KminYy13OIU,UgxTfS8_pKbbUAjtvTJ4AaABAg,Sar aapse ek hi request hai aap Aaj Tak sirf unboxing hi kar rahe hain aap detail review nahin late Hain Jo other youtubers aajkal aane Lage Hain jismein design build aur battery ke bare mein jyada detail mein bataya jata hai jo mobile kharidne mein kafi madad karti hai sirf unboxing se andaza nahin La sakte ki mobile kharidna hai ya nahin,1,2026-01-20T14:22:43Z
2026-10-03,P044,v2,KminYy13OIU,UgyKTvjVE-HngZVcqvd4AaABAg,This phn is amazing by different factors like camera display etc ❤,1,2025-12-16T09:38:42Z
2026-10-03,P044,v2,KminYy13OIU,UgwPss1-or9nUSzPvEt4AaABAg,CUSTOMER CARE REVIEW B HONA CHAHIYE 😅,0,2025-12-15T16:00:19Z
2026-10-03,P044,v2,KminYy13OIU,Ugz-4JzlxuvFOoLNvVR4AaABAg,Review dhekhne se pehle moto edge 70 ka ad aa gaya😅,0,2025-12-16T00:28:36Z
2026-10-03,P044,v2,KminYy13OIU,Ugy4m1cWH6C3n1RtXSp4AaABAg,"Sir, please talk about durability. Moto is quite infamous for durability and service.",0,2025-12-15T19:59:10Z
2026-10-03,P044,v2,KminYy13OIU,UgzccH_jil2iRBWBMiV4AaABAg,"Yaar now I've 60 fusion, i had to wait somedays 😊for 70",0,2025-12-15T10:56:23Z
2026-10-03,P044,v2,KminYy13OIU,UgyYGRt_5y-VlW5kVqR4AaABAg,Now that's a real segment killer,0,2025-12-15T13:40:12Z
2026-10-03,P044,v2,KminYy13OIU,Ugz0SEeKaGLMh5NkWaJ4AaABAg,First time moto ke ad moto ka unboxing 😂😂😂,0,2025-12-15T15:48:36Z
2026-10-03,P044,v2,KminYy13OIU,UgwQhJRoZckcBlZkrgZ4AaABAg,Jab yah phone launch hua tha tabhi se main isko use kar raha hun,1,2026-08-02T10:59:00Z
2026-10-03,P044,v2,bG0wpswg9xg,Ugy0IiZOo6GXqQhA4HV4AaABAg,14:17 Valu for money 💰 honestly motorola day by day increase 📈👏😁,148,2026-03-07T05:41:50Z
2026-10-03,P044,v2,bG0wpswg9xg,Ugx-uFWsDE6qLBak6xZ4AaABAg,"Fabric finish design + curved display makes the phone look premium even at ₹24,999 🔥",81,2026-03-06T10:29:20Z
2026-10-03,P044,v2,bG0wpswg9xg,Ugxm1lg23XvBPb44x5R4AaABAg,❤FIR EK BAAR MOTO NE YOUTUBE KHRID LIYA🎉,47,2026-03-06T14:47:34Z
2026-10-03,P044,v2,bG0wpswg9xg,UgyCIl-dAbJkZIdZgjx4AaABAg,"It is the only phone📱 how, I want, this will fulfill my all expectations. thanks,to moto that you had launched a phone how i want in this range😊",56,2026-03-06T14:47:05Z
2026-10-03,P044,v2,bG0wpswg9xg,UgwsCRqHP8pYbMYIY754AaABAg,Finally phone is here🎉,22,2026-03-06T06:36:15Z
2026-10-03,P044,v2,bG0wpswg9xg,UgxSWZd1XKyrKUMj1ll4AaABAg,"Best phone i was searching for a new phone and I'm sure that I will buy this. 
Thanks for making this video , this helps a lot❤",273,2026-03-06T07:57:56Z
2026-10-03,P044,v2,bG0wpswg9xg,UgxY1N6QgNadYIKm0aJ4AaABAg,4:19 --> Itna bhe sach nhi bolna tha 😂,152,2026-03-06T06:36:25Z
2026-10-03,P044,v2,bG0wpswg9xg,Ugwhhk3hy1s8gL8HQ1R4AaABAg,I am watch on this mobile and this is a great product.,4,2026-06-02T18:54:52Z
2026-10-03,P044,v2,bG0wpswg9xg,UgwE5PHmObhk-aw7pjR4AaABAg,4:24 I am also watching in 360p 😅,63,2026-03-06T06:45:09Z
2026-10-03,P044,v2,bG0wpswg9xg,Ugxlq97LP9EYpYzgYfV4AaABAg,Quad curved design makes the phone look super sleek 🔥,124,2026-03-06T09:15:46Z
2026-10-03,P044,v2,bG0wpswg9xg,UgziITN2BRBWG25053h4AaABAg,Kiske kiske mobile me motorola ka ads aya hai 😂😂,28,2026-03-07T05:18:28Z
2026-10-03,P044,v2,bG0wpswg9xg,Ugw6G9V6AFoI7olqbih4AaABAg,4:17 meanwhile me watching YT on 240p 😂😂,53,2026-03-06T10:48:16Z
2026-10-03,P044,v2,bG0wpswg9xg,UgwwwUmhC8AfZFmWU3V4AaABAg,manoj saru editor team is best...,6,2026-03-06T06:57:31Z
2026-10-03,P044,v2,bG0wpswg9xg,UgxVo1BfU199OJMykap4AaABAg,Best Phone Hai Bhai ❤❤❤,5,2026-05-28T18:17:45Z
2026-10-03,P044,v2,bG0wpswg9xg,Ugxm4J8jlYSDTl0YSmd4AaABAg,"Ek acha baat lagta hai Manoj Saru ka ki ye hi ek youtuber hai jo Collaboration ke baarey mein bata dete hai wo bhi pahle hi. 
Jabki famous youtubers jaise TRAKIN TECH nhi batate Collab ke baarey mein 😢😢😢.
Nice Manoj Sir. ❤❤",29,2026-03-06T11:33:34Z
2026-10-03,P044,v2,bG0wpswg9xg,Ugx5PIWLDUEUKjXO8O94AaABAg,"I’m Tejas and I’m a big fan of your content. My birthday is coming on [7th April]. Currently my financial condition does not allow me to buy a new phone. If it’s possible, a phone as a birthday gift would mean a lot to me. I completely understand if it’s not possible. Thank you for your amazing videos. 🙂",2,2026-03-10T16:43:36Z
2026-10-03,P044,v2,bG0wpswg9xg,Ugy4yNJqga4P4W92VKt4AaABAg,"UI kaafi clean hai, stock Android jaisa feel aata hai.",88,2026-03-06T09:06:55Z
2026-10-03,P044,v2,bG0wpswg9xg,UgxPm77aOKsoaulsroZ4AaABAg,after knowing about this phone i am literally run for buying this phone,2,2026-04-16T05:07:28Z
2026-10-03,P044,v2,bG0wpswg9xg,UgxkOXV5YBOiEiClLSF4AaABAg,Dhanda Nyoliwala 😍 04:05,8,2026-03-07T15:23:57Z
2026-10-03,P044,v2,bG0wpswg9xg,UgyE6O6uLPXV3P8XH0R4AaABAg,Curved design aur slim profile kaafi stylish lag raha hai.,59,2026-03-06T09:44:05Z
2026-10-03,P044,v2,bG0wpswg9xg,UgzcolNh6-1Q8RVfjzd4AaABAg,"Motorola ki liye aak feedback mai update toh aap logone improve kia uske liye thumbs-up, but service center experience aur improve karo and service center aur badao india mai",6,2026-03-06T12:23:57Z
2026-10-03,P044,v2,bG0wpswg9xg,UgxmSzVpWoFz0X4eQwd4AaABAg,मोटरोला के फोन तो बढ़िया आते हैं बढ़िया सारे फीचर देते हैं बस मैं यह कहना चाहता हूं कि इसका यूआई को अच्छे से अपडेट कर दो और इसमें जो आईकॉन पैक है और जो कॉलिंग का आइकॉन से और जो यूआई है इनको और भी बेहतरीन और बढ़िया कर दो जोड़ने के वेकेशन है नियर बाय है इन सब को यूआई को अभी एक अच्छा सा अपडेट करो जैसे रियलमी का यूआई कितना अच्छा है अगर इस यूआई का अपडेट कर देगा तो उसका फोन और भी बेहतर हो जाएगा फिर कोई इसके टक्कर में भी नहीं रहेगा❤❤❤🎉🎉🎉🎉,12,2026-03-12T05:16:16Z
2026-10-03,P044,v2,bG0wpswg9xg,UgxaypbZK9u5Vbfa8Md4AaABAg,Flat phones har jagah milte hain… curved display stands out 😎,66,2026-03-06T09:42:58Z
2026-10-03,P044,v2,bG0wpswg9xg,UgxNK82zEUgzRRdJir54AaABAg,0:39 mereko only Realme and oppo ji acha lgta hai that ui and software ❤,3,2026-03-06T12:37:54Z
2026-10-03,P044,v2,bG0wpswg9xg,UgyxBHwAOwJMnsX83mh4AaABAg,4:20 me to 240p me dekh raha hu 😂😂,39,2026-03-06T06:39:21Z
2026-10-03,P044,v2,bG0wpswg9xg,Ugxj_Maj4M2ycAooWLV4AaABAg,Manoj saru respect button❤,1,2026-03-06T07:24:47Z
2026-10-03,P044,v2,bG0wpswg9xg,UgzXEzbYMRMxFG_ks2l4AaABAg,12:26 😂😂😆😆Good😂😂😂,18,2026-03-06T07:00:58Z
2026-10-03,P044,v2,bG0wpswg9xg,UgyofBTd06cBGt8AbM94AaABAg,Aj tu cameraman bhi daik lia bro 😅😅,3,2026-03-09T17:35:54Z
2026-10-03,P044,v2,bG0wpswg9xg,Ugx28tTpZXxi-SYvSTN4AaABAg,13:08 Snapchat 😂😂,94,2026-03-06T06:47:29Z
2026-10-03,P044,v2,bG0wpswg9xg,UgxjRmXCCTzT2o7C_jd4AaABAg,One-hand use mein bhi manageable laga mujhe quad curve ke saath.,60,2026-03-06T13:48:53Z
2026-10-03,P044,v2,bG0wpswg9xg,UgxPV5vDGOYtPBxYV3F4AaABAg,"Moto be like, ADS mai he sub specs dekhlo, ye review video kyu dekh na 😂",30,2026-03-07T14:32:17Z
2026-10-03,P044,v2,bG0wpswg9xg,UgydFkudob7afHrHePB4AaABAg,Watching from moto edge 60 fusion ❤,4,2026-03-06T09:48:40Z
2026-10-03,P044,v2,bG0wpswg9xg,UgzMiPvcuAJgWRtazqZ4AaABAg,"Colours subtle hote hue bhi standout karte hain, over flashy nahi.",57,2026-03-06T10:29:50Z
2026-10-03,P044,v2,bG0wpswg9xg,UgxD9ZejwdYpKgDO50B4AaABAg,Dil toot gaya manoj bhau par jud bhi gaya😅,1,2026-05-31T09:50:38Z
2026-10-03,P044,v2,bG0wpswg9xg,UgyoHivIrugfFhiS3-94AaABAg,Mobile acha h price k hisab Se good cemara God perfomense and big battery ❤,49,2026-03-06T06:50:31Z
2026-10-03,P044,v2,bG0wpswg9xg,UgyUqcIlboSxsc9j41t4AaABAg,Mere pass hai bohot accha hai❤,1,2026-06-16T10:40:39Z
2026-10-03,P044,v2,bG0wpswg9xg,UgymTSAMy8MnlBXIBfF4AaABAg,Kaha he wo log jo kahte hai like nahi kiya wo exam me fail😢😂,36,2026-03-06T06:32:19Z
2026-10-03,P044,v2,bG0wpswg9xg,UgzOtGmnBUUuXOcOcSJ4AaABAg,I clicked out of curiosity and stayed because it was awesome.,0,2026-07-09T01:21:41Z
2026-10-03,P044,v2,bG0wpswg9xg,UgxFWeRsGggfHKWBKwV4AaABAg,"Bhai ka jani dushman 😂😂😂 snapchat ,,,,",5,2026-03-06T06:48:41Z
2026-10-03,P044,v2,bG0wpswg9xg,UgwOw6UeSO8jFQhbIMN4AaABAg,Bahut achcha😊😊😊,1,2026-03-27T08:38:07Z
2026-10-03,P044,v2,bG0wpswg9xg,UgyQcpUZ26jV7RHBqeB4AaABAg,कौन-कौन इस फोन का पहले से इंतजारकर रहा था 😍,85,2026-03-06T06:31:22Z
2026-10-03,P044,v2,bG0wpswg9xg,UgwhDJg71-fzX8aoOI54AaABAg,"Exellent video,, kya bataya bhai saru exellent very nice",0,2026-07-06T06:22:23Z
2026-10-03,P044,v2,bG0wpswg9xg,Ugw4t3QSBa3cL_q6KQt4AaABAg,Sony LYT-710 मतलब next gen photography 🚀,60,2026-03-06T09:43:01Z
2026-10-03,P044,v2,bG0wpswg9xg,Ugzx6R_IT8C3yiN-X8R4AaABAg,"Mera phone 7 saal purana hai pr ismen bhi highest quality mein chalti hai vedio 
Mast ekdam 
Off course agla phone ye vedio vala hi hone vala hai",0,2026-03-17T07:08:18Z
2026-10-03,P044,v2,bG0wpswg9xg,UgySkljqcLC--_mStdl4AaABAg,Snapchat ko dhund rahe the 😂😂😂😂,62,2026-03-06T14:25:22Z
2026-10-03,P044,v2,bG0wpswg9xg,UgwoT_0UrrzzayCcHzl4AaABAg,Ab ye phone lunga final ❤❤ thanks jankari dene ke liye,0,2026-03-11T17:40:16Z
2026-10-03,P044,v2,bG0wpswg9xg,UgwjV1ivvQReApSD2Yt4AaABAg,Unlimited 5g no more 360p 🤧,10,2026-03-06T07:31:05Z
2026-10-03,P044,v2,bG0wpswg9xg,Ugwq7mp4H9mMX8YJwox4AaABAg,Bahut deaitel me video banaya bhaiya. Thank you,0,2026-03-06T08:12:13Z
2026-10-03,P044,v2,bG0wpswg9xg,UgySQIyV0Y4tVpSyH454AaABAg,4:13  personal ho gya 😂😂😂,3,2026-06-02T05:46:46Z
2026-10-03,P044,v2,bG0wpswg9xg,UgzOBfunLHGYBPxap7d4AaABAg,Love you 💗,1,2026-07-13T10:36:03Z
2026-10-03,P044,v2,bG0wpswg9xg,Ugxd1hp5GASND4id8Fp4AaABAg,Watching with MOTO EDGE 60 FUSION 🎉,4,2026-03-06T10:19:50Z
2026-10-03,P044,v2,bG0wpswg9xg,UgzLgluUM2e7uNWf7j94AaABAg,Aacha laga ❤,0,2026-04-05T05:12:32Z
2026-10-03,P044,v2,bG0wpswg9xg,UgzMcit00LqKsa59qHJ4AaABAg,Price 30k kr ke processor aur acha de sakte the 😢😢😢😢😢😢😢😢😢😢,8,2026-03-06T19:51:46Z
2026-10-03,P044,v2,bG0wpswg9xg,UgyUAjfK8FdxhClZ1eh4AaABAg,"Watching on MOTOROLA EDGE 50 FUSION,😎😎😎😎😎😎😎😎",1,2026-03-06T11:57:50Z
2026-10-03,P044,v2,bG0wpswg9xg,Ugzbxg6OrA-ZPgg1ttt4AaABAg,2:00 3 saal se wahi design 😂wahi camera placement bas colour change kar dete,28,2026-03-06T07:07:31Z
2026-10-03,P044,v2,bG0wpswg9xg,UgxeTJ-SZG2TNq4VCgh4AaABAg,Bro you are awesome❤❤❤❤❤,0,2026-09-20T08:48:22Z
2026-10-03,P044,v2,bG0wpswg9xg,Ugy5bGSyT6XK_jvNU2h4AaABAg,360p sahi jawab 7 crore 😅😂😂😂😂😅,15,2026-03-06T09:48:44Z
2026-10-03,P044,v2,bG0wpswg9xg,UgyoCVe0Su5ZPN6OSfx4AaABAg,Already ordered 🎉,0,2026-03-06T08:23:15Z
2026-10-03,P044,v2,bG0wpswg9xg,UgzLeV1IuafVPIrztKR4AaABAg,4:13 us bro us😢,6,2026-03-11T08:59:52Z
2026-10-03,P044,v2,bG0wpswg9xg,UgzZsqwTu-bF4QzyOqF4AaABAg,Big fan,1,2026-03-06T07:48:19Z
2026-10-03,P044,v2,bG0wpswg9xg,UgxaZI2-z23VP93RAF94AaABAg,4:13 Dil per a Gaya 😂,4,2026-03-06T13:58:40Z
2026-10-03,P044,v2,bG0wpswg9xg,UgxMtqjOkKotnrJ4foh4AaABAg,"Great video, thanks for sharing",0,2026-07-17T01:18:48Z
2026-10-03,P044,v2,bG0wpswg9xg,UgzUGDMaL1El_pgERD14AaABAg,Bhai nothing 4a pro ki unboxing kab kar rahe ho,8,2026-03-06T06:33:09Z
2026-10-03,P044,v2,bG0wpswg9xg,Ugy3EeHk1SGeP_tgvsJ4AaABAg,Mera favourite phone ban gaya bhai❤❤❤❤❤❤,0,2026-03-07T16:26:19Z
2026-10-03,P044,v2,bG0wpswg9xg,UgwemzHTFepqvx7B3RF4AaABAg,4:25 bhai me 240p me dhek rha hu,7,2026-03-06T09:10:24Z
2026-10-03,P044,v2,bG0wpswg9xg,UgwXkXcnvZKapqGtmIV4AaABAg,Nice review 🔥🔥🔥🔥,0,2026-03-22T07:53:24Z
2026-10-03,P044,v2,bG0wpswg9xg,UgwJWp6R6eEmPRDjpHd4AaABAg,"3:12 Flat display deni chahiye thi , curve me maza nhi aata 😂😂",14,2026-03-06T06:36:05Z
2026-10-03,P044,v2,bG0wpswg9xg,UgyD5KehANNxvPyujsh4AaABAg,The effort really shows.,0,2026-08-12T18:21:27Z
2026-10-03,P044,v2,bG0wpswg9xg,UgzJcyTmHs1oKiJuTvV4AaABAg,"Bhai please help 🙏
Mera Motorola phone 20 din se service center me pada hai, motherboard issue tha. Unhone bola tha 3 din me replacement milega but ab koi response nahi de rahe.

Mera NEET exam next month 3rd ko hai aur phone urgently chahiye (admit card, OTPs, sab usi pe depend hai).

Agar aap ek baar issue highlight kar doge ya Motorola tak reach karwa doge toh meri bohot help ho jayegi 🙏",46,2026-04-03T08:48:46Z
2026-10-03,P044,v2,bG0wpswg9xg,UgzzujgDYwp1wpHeFoZ4AaABAg,📱 All Time My Favourite Manoj Bhai Ka Review & My Favourite Series Moto Edge 😊📱📱📱,0,2026-03-06T10:00:45Z
2026-10-03,P044,v2,bG0wpswg9xg,Ugzr2CC5aqQbtvwE2X54AaABAg,apka bohot bada fan hu,0,2026-03-09T14:52:12Z
2026-10-03,P044,v2,bG0wpswg9xg,UgyBNhPx5S_YeALVbQR4AaABAg,10:07 idhar to fps bhi dikha raha hai😭,6,2026-03-06T07:22:18Z
2026-10-03,P044,v2,bG0wpswg9xg,UgyJUJSRXxXc7IezrzJ4AaABAg,Mast I will  buy,0,2026-03-07T10:34:48Z
2026-10-03,P044,v2,bG0wpswg9xg,Ugzo1j_a4xZ21-aYNMF4AaABAg,"This is the best phone under 25000 ngl 
Par agar flat screen raheta aur charging speed jada hota to maja ajata😅",11,2026-03-06T06:52:03Z
2026-10-03,P044,v2,bG0wpswg9xg,Ugxd2IeOUsKOnnxy3Q94AaABAg,Oseam brø❤,0,2026-04-01T15:49:22Z
2026-10-03,P044,v2,bG0wpswg9xg,UgyHorWwfZSGacLcz4N4AaABAg,Display flat hoti to le leta,10,2026-03-06T06:54:13Z
2026-10-03,P044,v2,bG0wpswg9xg,Ugz95k9F6HYwftYabIl4AaABAg,Bhaiya bahut Achcha Laga,0,2026-05-22T02:29:30Z
2026-10-03,P044,v2,bG0wpswg9xg,Ugxu7kjTuZREn6eQXe54AaABAg,Bro water testing nhi kiya 😢,4,2026-08-05T09:36:56Z
2026-10-03,P044,v2,bG0wpswg9xg,UgyywJLpIodBPT5_BpV4AaABAg,Smooth tha waise🤠,0,2026-03-08T13:40:04Z
2026-10-03,P044,v2,bG0wpswg9xg,Ugxmsy4Y9Ss52Yd0vLJ4AaABAg,"bhai starting price toh 26,999/- dikha raha hai...😟😟",3,2026-03-06T07:28:13Z
2026-10-03,P044,v2,bG0wpswg9xg,UgwdoiI2u7SfPY8aGOp4AaABAg,Bahut achha,0,2026-03-07T11:28:03Z
2026-10-03,P044,v2,bG0wpswg9xg,Ugy1QF-E3GXnTTRbGLd4AaABAg,Like nhi kya to fail exam me,9,2026-03-06T06:34:04Z
2026-10-03,P044,v2,bG0wpswg9xg,UgwGRirrVDdxXo5eVT54AaABAg,Sir apki voice bhout achhi lagti hai❤😊😊,0,2026-05-28T07:44:36Z
2026-10-03,P044,v2,bG0wpswg9xg,UgzPYhfxKo-hCAw8Lal4AaABAg,Kon kon 2027 me dekh raha hee 😅,3,2026-03-06T12:54:25Z
2026-10-03,P044,v2,bG0wpswg9xg,Ugy0tnMw4lkoX3FEA7Z4AaABAg,Edge 60 veri good,1,2026-03-12T09:13:57Z
2026-10-03,P044,v2,bG0wpswg9xg,Ugw_e1O7XW_FjfgNuwB4AaABAg,"Bhai koi bhi mat kharidna bilkul bakwas phone hai 3 month hua buy karte hue aur abhi tak 2 bar repairing service center jana pad gaya kabhi phone charging leta hai kabhi nahi leta hai automic phone off ho jata hai ,heat ,lagg ,freeze sab hota hai kisi ko bhi buy karna bhi ho to maine jo kharida hai use sell kar dunga 
Koi mat kharidna -personal opinion😢",9,2026-08-16T09:31:05Z
2026-10-03,P044,v2,bG0wpswg9xg,UgxYXd854UJ4rPQ2GHZ4AaABAg,Comparision with edge 60 fusion ❤❤,0,2026-03-06T09:12:39Z
2026-10-03,P044,v2,bG0wpswg9xg,Ugx6osbIXW4-qJ9ye454AaABAg,Lovely ❤❤ phone hai bro,0,2026-03-21T15:32:09Z
2026-10-03,P044,v2,bG0wpswg9xg,UgyDumvFEvLKaQjYOzN4AaABAg,Watching on Moto Edge 50 Fusion ❤,0,2026-03-06T15:04:03Z
2026-10-03,P044,v2,bG0wpswg9xg,UgwH7rl2Vi93IUHy1Up4AaABAg,Is bar Human Potrait me one an Only Manoj Saru Jiii.... 😂😂,0,2026-03-06T11:05:36Z
2026-10-03,P044,v2,bG0wpswg9xg,UgxFsHqy7bv4ngYORmN4AaABAg,Op❤❤,0,2026-03-06T09:26:27Z
2026-10-03,P044,v2,bG0wpswg9xg,UgzsDb7ddpLCqiywKZZ4AaABAg,bhai free fire gaming test bhi karo har phone me,2,2026-03-06T07:23:11Z
2026-10-03,P044,v2,bG0wpswg9xg,UgxpYKWL4dVmZHA65fR4AaABAg,In 25 k this is good 👍🏻,1,2026-03-06T07:35:50Z
2026-10-03,P044,v2,bG0wpswg9xg,UgwmFhGL4EqRi_yCECJ4AaABAg,Next main ise purchase karunga,0,2026-03-06T09:31:10Z
2026-10-03,P044,v2,bG0wpswg9xg,UgzXUexjZB3s51iDtAN4AaABAg,Watch this in Moto edge 60 fussion 👏,1,2026-03-07T07:27:44Z
2026-10-03,P044,v2,bG0wpswg9xg,Ugzllv_YFVLow75qNkh4AaABAg,Emosonail kardiya 360p bolke monoj saro😂,1,2026-03-06T13:12:40Z
2026-10-03,P044,v2,bG0wpswg9xg,UgyrCQGaUkGhM_a_YHJ4AaABAg,Order kar hun bina video dekhe 12:15PM pe hi,1,2026-03-06T08:18:25Z
2026-10-03,P044,v2,bG0wpswg9xg,UgztLOWkZXzneTHPA194AaABAg,"Zoom test bhi Kia karoooo,view hi badhange",1,2026-03-06T12:51:55Z
2026-10-03,P044,v2,bG0wpswg9xg,UgwPYHpGBiQoxEjQvpd4AaABAg,Bhai mere mobile ka display tuta hua hai fir bhi me apka video dekh raha hu 😢❤,0,2026-03-09T05:47:46Z
2026-10-03,P044,v2,bG0wpswg9xg,Ugy14rPMUgz8dsYcUFt4AaABAg,My favourite mobile phone❤,0,2026-03-06T08:31:54Z
2026-10-03,P044,v2,NpURzNeH7qU,Ugy2zzroW-p4vpQaMWx4AaABAg,I have it🎉❤❤❤ Super ph under budget 🎉🎉🎉,12,2026-07-21T19:40:05Z
2026-10-03,P044,v2,NpURzNeH7qU,UgycNxpxoXmJlORnIcx4AaABAg,Har phone me same baat bolata h bhai ek number h😂,124,2026-02-26T16:44:33Z
2026-10-03,P044,v2,NpURzNeH7qU,UgzQ668vicfJrR3jQ3R4AaABAg,Kabhi kabhi Netflix dekhte dekhte switch off ho jata h automatically but I'm happy with its camera,4,2026-08-12T01:27:41Z
2026-10-03,P044,v2,NpURzNeH7qU,UgzjrVs8QrQbcc9btRV4AaABAg,Price ke hisab se mobile sahi hai ❤,8,2026-02-23T11:22:18Z
2026-10-03,P044,v2,NpURzNeH7qU,UgwSok3j6mwUhE_9Qid4AaABAg,Bhai motorola update mein rula dega 😂 upar se limited features 😂,74,2026-02-25T17:16:19Z
2026-10-03,P044,v2,NpURzNeH7qU,UgxMoxHEWIqA6m38dZx4AaABAg,मेरे पास यही फोन है लेकिन स्पीकर बहुत बेकार है calling करने में बहुत ही प्रॉब्लम आता है लाउडस्पीकर पर भी उतना आवाज नहीं आता है,7,2026-07-31T14:46:56Z
2026-10-03,P044,v2,NpURzNeH7qU,UgwP1tuOLq9BWX7iyhN4AaABAg,Gaming mein compromise and software update mein,50,2026-02-23T05:32:28Z
2026-10-03,P044,v2,NpURzNeH7qU,Ugzl6ePUPcWxhkfb0hF4AaABAg,🔥,2,2026-02-23T05:38:49Z
2026-10-03,P044,v2,NpURzNeH7qU,Ugz7EU_I9410741elAt4AaABAg,P-oled screen green line issues are common issues please think before buying Motorola mobiles after two year's brand will say no stock of mobile screen no repair 😊😊😊😅,80,2026-02-23T18:41:07Z
2026-10-03,P044,v2,NpURzNeH7qU,UgwgxCOrfHFAllUzkzN4AaABAg,Thank bro for usefully detail. I have use this but that how to add saved numbers all together in call recording list ??,0,2026-09-21T05:33:31Z
2026-10-03,P044,v2,NpURzNeH7qU,UgwBcPH6yVUm8AzrJ-d4AaABAg,Small phone under 25k chaiye,17,2026-02-28T18:18:03Z
2026-10-03,P044,v2,NpURzNeH7qU,UgzObwVX0eM7I2qO-LN4AaABAg,"@Tech Buffet - Kya iss phos inke pass apna dailer h , apna gallery app h aur kua isme Silent call recording ho jaati h -??",0,2026-08-17T14:08:54Z
2026-10-03,P044,v2,NpURzNeH7qU,UgwT3HV_eUB9FhSJiJp4AaABAg,"Bhai ye batao content creation ke liye best phone jisme editing software smoothly run kare jaise Capcut alight motion kine master etc ,, please sir reply under 40000",0,2026-08-20T18:47:05Z
2026-10-03,P044,v2,NpURzNeH7qU,UgzXV1npW9X9FIyqySZ4AaABAg,Bhai vivo x300 16/512 24Feb Yesterday Active 50k lia hai sai Lehlia or mehga leh lia bhai,6,2026-02-25T16:19:12Z
2026-10-03,P044,v2,NpURzNeH7qU,Ugw3mON0FwTMW2mssgp4AaABAg,❤❤❤❤,0,2026-02-23T05:25:52Z
2026-10-03,P044,v2,NpURzNeH7qU,UgyNtsZ0GPma-UdD9zx4AaABAg,Abhi Battery acha hai 6 months baad heavy uses pe din me 3 bar charge karna padega,5,2026-04-03T11:07:09Z
2026-10-03,P044,v2,NpURzNeH7qU,UgylW8LsT0jX7ZM0-I94AaABAg,camera module ka design change karle to ye perfect phone hai,0,2026-08-22T18:27:11Z
2026-10-03,P044,v2,NpURzNeH7qU,Ugz-s7lVE4S0_3RWwqZ4AaABAg,❤,0,2026-02-23T05:25:20Z
2026-10-03,P044,v2,NpURzNeH7qU,UgzmOe08xHTDYMQ5vwF4AaABAg,"Wireless charging ke baare me kyo bath nahi karthe bhai?sab Jane voi routine bath karte  Wireless charging is such great feature , no body empacize it😅",2,2026-03-05T05:23:21Z
2026-10-03,P044,v2,NpURzNeH7qU,Ugy7XqQkITOhNWRB8Ll4AaABAg,"जो आज भी मानसिक रूप से गुलाम है वो iphone use करें, एक दूसरे से जुड़ने के लिए mobile फ़ोन चाहिए लेकिन 1 लाख के फ़ोन तो हम मुर्ख है",4,2026-02-23T16:03:08Z
2026-10-03,P044,v2,NpURzNeH7qU,UgyJbfV_YG6RBkBNkpp4AaABAg,Bro pls suggest decent mobile i have to do food photography for my cloud kitchen,1,2026-05-08T22:30:23Z
2026-10-03,P044,v2,NpURzNeH7qU,UgxrxmBW4B4gPKvYeEZ4AaABAg,edge 70 and edge 70 pro me zyada premium kon hai … kon se lene me zada premium feel hoga?   please reply,1,2026-04-30T07:29:15Z
2026-10-03,P044,v2,NpURzNeH7qU,UgzavBd-rFuNS5RDP4p4AaABAg,Mai under 40k compact phone search kar raha hu kon sa best rahega big billion days me,0,2026-10-01T15:50:04Z
2026-10-03,P044,v2,NpURzNeH7qU,Ugxo1-p4ydUf08riKXp4AaABAg,Motorola edge 70 and Motorola edge 70 fusion mein konsa phone Lena chahiye 🤔🤔🤔🤔🤔🤔🤔🤔🤔🧐🧐,0,2026-08-08T15:42:39Z
2026-10-03,P044,v2,NpURzNeH7qU,UgwVczbRZuWyqmB0-uN4AaABAg,Compare this with nothing 4a pro on experience 🎉,1,2026-07-10T18:25:57Z
2026-10-03,P044,v2,NpURzNeH7qU,Ugx5dgoOl3Zg4WrtMyN4AaABAg,All rounder under 30k mobile konsa hai?,0,2026-09-08T13:26:00Z
2026-10-03,P044,v2,NpURzNeH7qU,UgxL66DOJ85CP0wEYdZ4AaABAg,"I have too edge 70, while gaming thoda heat hota hai lekin game par koi khaas effect jaise lag nahi hota, smooth rehta hai😊 or ek mahine pehle phone kharida hai or android 17 mai undate bhi aa gaya, full satisfaction 😮",0,2026-09-11T14:55:06Z
2026-10-03,P044,v2,NpURzNeH7qU,UgxI1e2R8gwQoaTuTJN4AaABAg,Mast phone hai Motorola edge 70 gaming ke liye bhi cammra ke liye bhi prosser ke liye bhi ❤️🔥🔥,0,2026-08-20T09:47:17Z
2026-10-03,P044,v2,NpURzNeH7qU,UgyT4vwNj4gxzSeqqP94AaABAg,Heating issue pe bhi bola karo,2,2026-03-31T02:00:44Z
2026-10-03,P044,v2,NpURzNeH7qU,UgyzduzzDFt8hSLbjmp4AaABAg,Last one month se mai phn plan kar rhaa hu magar aj bhai nai finally mujhe tayr kiya ye lene ka,1,2026-05-03T07:14:35Z
2026-10-03,P044,v2,NpURzNeH7qU,UgxNrUWJVmvTw4RFIhh4AaABAg,To kya galat bola... No Compromise...,2,2026-06-11T06:01:28Z
2026-10-03,P044,v2,NpURzNeH7qU,UgwYCwfx8jkPeBwbm1h4AaABAg,Watching in Edge 70 best mobile under 30000 🎉,0,2026-09-15T19:51:40Z
2026-10-03,P044,v2,NpURzNeH7qU,UgwjARq9MZ3d4_G1PgN4AaABAg,But Khud ka Gallery App nhi hai bhai,1,2026-08-16T03:03:31Z
2026-10-03,P044,v2,NpURzNeH7qU,Ugz50wcGfDZC9cuWNup4AaABAg,Jahir bhai bhut mote ho gye yarr😅,5,2026-02-23T19:33:48Z
2026-10-03,P044,v2,NpURzNeH7qU,Ugw4CjRMGJ3uyRJj04B4AaABAg,Bank balance 📈,1,2026-02-24T11:42:31Z
2026-10-03,P044,v2,NpURzNeH7qU,UgzGVKoUasnB3BZHeHt4AaABAg,70% did not cere about phone's thickness they cere about Big battery and parformance,0,2026-09-16T05:20:44Z
2026-10-03,P044,v2,NpURzNeH7qU,UgzRm2GhdD448CzKLa94AaABAg,Just bought moto edge 60 pro. After comparing everything. Which is more practical. Baki dekhlo.,0,2026-05-12T04:57:56Z
2026-10-03,P044,v2,NpURzNeH7qU,UgyX6nvIAbDQ1y9-B114AaABAg,Edge 50 fusion me cpu problem bahut aata hai kya 70 me bhi dikkat hota hai,0,2026-08-18T16:31:22Z
2026-10-03,P044,v2,NpURzNeH7qU,UgxRWTvrNjDKnxG2wth4AaABAg,"H compromise h 
Bro ye kyu nhi btate kbhii bi motorola ke phone mein google k dialer or Google photos hota h khudka dailer or gallery nhi h na call recording hogi na kuch or android 16 pe hoke android 13 jaisa lgta h",0,2026-06-26T12:14:38Z
2026-10-03,P044,v2,NpURzNeH7qU,UgzRyGHPJjn7iWhKqIF4AaABAg,"I purchased the Moto Edge 70 a few days ago. I tested JIO and Airtel SIM cards, both of which are functioning properly. I also tested two BSNL SIM cards; neither of them worked in the device, although both BSNL SIMS function correctly in other devices. I tested both SIM slots on the Edge 70. Aside from BSNL, all other SIM cards work in both slots. Also tried resting the network, but BSNL is not working. Can anyone help?",0,2026-07-07T10:30:27Z
2026-10-03,P044,v2,NpURzNeH7qU,Ugzla8sRtxaJibEoB5p4AaABAg,Bhai 25000 ke budget mein all round phone's ka akaal pad Gaya Hai Kya😂😂😅,8,2026-05-08T10:30:30Z
2026-10-03,P044,v2,NpURzNeH7qU,Ugza1HsUxt7y6wDzlqh4AaABAg,"software is keeping me out of this phone 


what should I doo bhai please tell ........ 


iam getting this for 25k 



or should I buy samsung new F70 pro",0,2026-08-08T18:30:02Z
2026-10-03,P044,v2,NpURzNeH7qU,Ugy01PZFLcvmDQrM0Ct4AaABAg,Super,0,2026-09-24T12:44:14Z
2026-10-03,P044,v2,NpURzNeH7qU,Ugx4Rw83Lp2hY51WFcl4AaABAg,Sab information batayi lekin 3rd camera konsa hai back side woh nahi bataya,0,2026-08-14T20:17:44Z
2026-10-03,P044,v2,NpURzNeH7qU,Ugy-pTgwVwVfR1kDMqZ4AaABAg,1st compromise is E sim,0,2026-09-08T19:30:05Z
2026-10-03,P044,v2,NpURzNeH7qU,UgyGaoSDX8jT4FYmaMZ4AaABAg,Par wo left side wala button kis kaam ka ?,0,2026-06-07T13:24:58Z
2026-10-03,P044,v2,NpURzNeH7qU,Ugwksgf8yiHtG65six94AaABAg,All over phone shandar he . Muje aaj hi delivered hua he.,0,2026-08-18T17:24:24Z
2026-10-03,P044,v2,NpURzNeH7qU,UgxzduQ3NNz8MT5lGKp4AaABAg,Updates में comparison,1,2026-07-07T04:26:27Z
2026-10-03,P044,v2,NpURzNeH7qU,UgwNTs09WRN2jcidsKl4AaABAg,"Sirf telephoto lens ke sath comprise karna pdega baki sab fit hai boss

According to price",0,2026-08-30T20:48:49Z
2026-10-03,P044,v2,NpURzNeH7qU,UgzYVLJ1E1LzAX2NeD54AaABAg,Hardcore user kya use kare fir😅,1,2026-07-19T16:30:34Z
2026-10-03,P044,v2,NpURzNeH7qU,UgwtYPFpi0eFplmOdp94AaABAg,Never seen this guy give any positive review on any smartphone,0,2026-09-21T10:03:09Z
2026-10-03,P044,v2,NpURzNeH7qU,UgygFeI-M9ok1y-dDfJ4AaABAg,Fusion or 70 konsa lena chaiye any suggestions guys..?,0,2026-03-25T19:52:30Z
2026-10-03,P044,v2,NpURzNeH7qU,UgyMcFUp0CV5g2n0iW14AaABAg,"Abhi tak edge 50 neo ko Android 16 nahin mila, phone bahut lag karta hai... Moto phones ka sabse bada problem hai software category mein....lagta hai baki companies Android 17 de degi tab shayad 16 aaye...",1,2026-02-23T19:19:18Z
2026-10-03,P044,v2,NpURzNeH7qU,UgxnJQgGpSNBLROm6354AaABAg,Ye 70 neo kb launch hoga,0,2026-07-02T12:38:02Z
2026-10-03,P044,v2,NpURzNeH7qU,UgwExaBJRrivg5V9Hzx4AaABAg,Moto s worst camera bump... design .please change this😊,0,2026-04-27T07:22:17Z
2026-10-03,P044,v2,NpURzNeH7qU,UgzwPNaApx6XjgHvARV4AaABAg,Bro apne settings nahi ki he 8/128 70 fusion me 130 fps tak aa jate he mere pass 70 fusion hi he,0,2026-09-17T08:59:33Z
2026-10-03,P044,v2,NpURzNeH7qU,UgxrRDhmQzlhfb-3up54AaABAg,Moto g 45 ka speaker ekdum bekar thode din baad hi awaaz kum ho jaati hai,2,2026-02-26T13:09:02Z
2026-10-03,P044,v2,NpURzNeH7qU,UgwDMCTOzjR-3TkfSrt4AaABAg,Iski screen flat hein ya curve?,0,2026-08-17T15:27:46Z
2026-10-03,P044,v2,NpURzNeH7qU,Ugyq5K289Cs2SYAU7Np4AaABAg,Ui itna lag q kar raha hai ..30 k phone mei unacceptable hai,0,2026-09-22T17:35:43Z
2026-10-03,P044,v2,NpURzNeH7qU,UgzBd1eBNPd_wQuB0-14AaABAg,I brought it recently but back panel is not sticked properly,1,2026-08-10T03:46:03Z
2026-10-03,P044,v2,NpURzNeH7qU,UgwTjZEvgYvQcXgLxNl4AaABAg,In my motorola edge 70 phone only 1 month hua but volume Kam hogya hai,1,2026-07-30T17:49:33Z
2026-10-03,P044,v2,NpURzNeH7qU,UgxvuBx2JUOgf2gJ-1d4AaABAg,Apka video dekh ke abhi order kar diya 😅 delivery in 2 days,0,2026-05-16T15:48:59Z
2026-10-03,P044,v2,NpURzNeH7qU,Ugx5Kavti1uHS1A172x4AaABAg,Netflix me HDR nai hai,0,2026-05-05T18:40:19Z
2026-10-03,P044,v2,NpURzNeH7qU,Ugw0yt-kQ24mtuhZdbR4AaABAg,Promotion 😂 motorola heating problem don't trust guys & don't buy 😡,39,2026-02-23T15:35:04Z
2026-10-03,P044,v2,NpURzNeH7qU,Ugw3_xGp6PS0nMxVSPR4AaABAg,7i nahi bhai 😂 it's victus 2 protection!😊,5,2026-03-05T03:26:39Z
2026-10-03,P044,v2,NpURzNeH7qU,Ugyt4tlNGHU5mlSaz_B4AaABAg,Hey it's my phone ❤❤❤❤❤,0,2026-09-12T14:38:07Z
2026-10-03,P044,v2,NpURzNeH7qU,UgxS997-2nCgdTDEfsV4AaABAg,"Bgmi pe bohot problem hai, gaming ke liye bilkul mat lena",0,2026-02-28T15:03:46Z
2026-10-03,P044,v2,NpURzNeH7qU,Ugx4Tpd_UmFMjevouHt4AaABAg,Audio Jack remove. 👍,0,2026-06-28T05:33:21Z
2026-10-03,P044,v2,NpURzNeH7qU,UgxaRBK8-SK3_ge7GUd4AaABAg,Heating issue???,0,2026-05-27T16:07:37Z
2026-10-03,P044,v2,NpURzNeH7qU,Ugwy_VOTPzL3u8qOPpB4AaABAg,Bettry km chlti h.. all are good..mere pass bhi h,0,2026-08-13T09:29:02Z
2026-10-03,P044,v2,NpURzNeH7qU,UgzXjX05ZnuPdgq_N9V4AaABAg,Aap motorola ke Representative ho?,0,2026-08-24T21:50:09Z
2026-10-03,P044,v2,NpURzNeH7qU,UgxAnK9QXaEzGF1sUbp4AaABAg,Band issue 😅,1,2026-02-23T19:30:54Z
2026-10-03,P044,v2,NpURzNeH7qU,UgylpZ2IgHx9IZ1PFcF4AaABAg,Isi m video dekh rha hu 😁,0,2026-09-26T02:28:54Z
2026-10-03,P044,v2,NpURzNeH7qU,UgxUaqLMJPEADUEeJ4p4AaABAg,Motorola Edge 70 pehla din me camera fog issue 😡 Don't but Motorola Mobile 📵 otherwise......,1,2026-08-13T07:51:28Z
2026-10-03,P044,v2,NpURzNeH7qU,UgzLp2HWw0S2-p2N74N4AaABAg,Bhai agar har phone 1 number hi hai to 2 number phone kaun sa hai...😅😂,0,2026-08-28T09:00:01Z
2026-10-03,P044,v2,NpURzNeH7qU,Ugw0JBfd9j0_NjxCF6x4AaABAg,kaha se acha h video quality bhai 😐 aisa lg rha 2016 ka phone ka photos h,0,2026-08-30T14:39:15Z
2026-10-03,P044,v2,NpURzNeH7qU,UgyJyYvA6ryW905RwH54AaABAg,Usi phone se ye reel dekh raha hu,0,2026-05-26T07:21:22Z
2026-10-03,P044,v2,NpURzNeH7qU,UgxZhXMqZtUeMW0kZ1F4AaABAg,"Mere paas one 13 R hai,magar cemera very bad but mere dost ke pas moto 56 power kaisa kuch hai photo very nice. Uska 18 ka hai aur mera 36 aisa lagta hai 18× 2 =36 Do phone aajate",0,2026-06-06T08:11:05Z
2026-10-03,P044,v2,NpURzNeH7qU,UgyDH45bL00ly1PL8aZ4AaABAg,Watchinf realme p4pro,0,2026-09-30T12:47:37Z
2026-10-03,P044,v2,NpURzNeH7qU,UgxxPGibZH13BGmweKB4AaABAg,Bhai mere moto edge 70 main battery bhot drain ho rahi hai samj lo ki low brightness main and wifi par bhi ek ghante main 10% se jyada battery drain ho rahi hai,0,2026-09-08T10:37:06Z
2026-10-03,P044,v2,NpURzNeH7qU,Ugz9V_uMCpFBUf5bPll4AaABAg,Rear triple camera nahi hai,0,2026-09-10T07:14:17Z
2026-10-03,P044,v2,NpURzNeH7qU,UgyNtJjd_I6C9Yf3RPp4AaABAg,Motorola jh2 hai bhai 🥲,39,2026-02-23T08:29:28Z
2026-10-03,P044,v2,NpURzNeH7qU,UgyPF1GHjQuhKQgwNrp4AaABAg,Mobaile hatose gir gaya aur Iski screen glass Tut gai 1 mahine duble kharcha...kya iska koi ilaj hai,0,2026-07-02T09:09:27Z
2026-10-03,P044,v2,NpURzNeH7qU,Ugz_RMkxhp4qoHGbwQZ4AaABAg,Battery backup,0,2026-08-07T13:15:11Z
2026-10-03,P044,v2,NpURzNeH7qU,UgwTaclGa_uy39pgmLR4AaABAg,Moto Means Motherboard Issue 😂,1,2026-08-29T07:13:00Z
2026-10-03,P044,v2,NpURzNeH7qU,UgwluMK-ne_l48WPPUp4AaABAg,Curved kitna he esme,0,2026-06-24T20:01:09Z
2026-10-03,P044,v2,NpURzNeH7qU,UgzXY82eb8rabW1SvE94AaABAg,Just mujhe moto ka software acha nahi lagta 😅,0,2026-07-11T11:53:33Z
2026-10-03,P044,v2,NpURzNeH7qU,UgxC13yvZMdRx0kPbyd4AaABAg,Any one jisne edge70 phone use kiya hai.. Review plse,0,2026-08-01T15:50:03Z
2026-10-03,P044,v2,NpURzNeH7qU,UgwHmuDH-qtiQ7NYWIJ4AaABAg,Bhai service ka kya,0,2026-08-05T13:41:08Z
2026-10-03,P044,v2,NpURzNeH7qU,UgyYuG7bqHRcWpnYuCd4AaABAg,Isi phone me ye video dekh rha hun 😂,0,2026-09-16T14:18:06Z
2026-10-03,P044,v2,NpURzNeH7qU,Ugws9yzhJW4XGGb3kMt4AaABAg,Lakin is ma to 7000 MAH battery hai,0,2026-05-02T15:32:40Z
2026-10-03,P044,v2,NpURzNeH7qU,UgyLbz8zUYy-YPQcuF94AaABAg,40k upr Pro h,0,2026-10-03T02:35:23Z
2026-10-03,P044,v2,NpURzNeH7qU,UgzsbFJrds10Imi_mrJ4AaABAg,Zooming too much dull,0,2026-08-16T14:10:43Z
2026-10-03,P044,v2,NpURzNeH7qU,UgxwEsEYbU0yP6oSYGl4AaABAg,Watching this on same phone 😂,0,2026-09-15T19:03:10Z
2026-10-03,P044,v2,NpURzNeH7qU,UgxeZ77nzykFeLASbAN4AaABAg,G86 Moto,0,2026-05-12T14:24:12Z
2026-10-03,P044,v2,NpURzNeH7qU,UgzTXENZ7lxA-OwEAfl4AaABAg,"Har phone ma faraq to hoga
Hamara jarurat ke hisaab se lele",0,2026-09-15T15:33:57Z
2026-10-03,P044,v2,NpURzNeH7qU,UgxJ8CBBWvAmPhTh_n94AaABAg,Moto mobile ke camera best rahte hain,0,2026-05-20T14:48:05Z
2026-10-03,P044,v2,NpURzNeH7qU,UgzbkgM5VdNy2zB0jRR4AaABAg,Nfc h kya,0,2026-08-15T18:48:59Z
2026-10-03,P044,v2,NpURzNeH7qU,Ugx1I8b0s_962PkvqBN4AaABAg,Bhai heating issue h isme.. vo bhi bataya karo.. jhut bolte ho..,0,2026-07-11T07:44:20Z
2026-10-03,P044,v2,NpURzNeH7qU,UgwwssDDBAcw56CxvHx4AaABAg,Yahi phone se dekh raha huu,0,2026-09-30T06:01:29Z
2026-10-03,P044,v2,Uh8PYF9jOVg,UgwDvAWbM-2gA39lFk14AaABAg,Thank you for all the love!💙 Your support means the world to us and keeps Team Motorola pushing for better lifestyle tech product every day.,71,2025-12-29T14:27:39Z
2026-10-03,P044,v2,Uh8PYF9jOVg,UgwI1DLeLZzxnu5vkAB4AaABAg,"I have the edge 70 in the UK, arrived a couple of days ago..... I LOVE it. Much nicer than my pixel 7 pro",62,2025-12-31T11:27:39Z
2026-10-03,P044,v2,Uh8PYF9jOVg,Ugz7wt1ga9ygJCJHJu54AaABAg,Watch video on the edge 70😍🥰 love it☺️,36,2026-03-11T18:01:31Z
2026-10-03,P044,v2,Uh8PYF9jOVg,UgwPqnw3kSI007pj1l94AaABAg,The quality on Motorola all Motorola phones are best of all phone and quality in the phone should have been the most important on a Mobile phones and 👍,22,2026-01-28T09:28:17Z
2026-10-03,P044,v2,Uh8PYF9jOVg,UgwW_VZWhOpVIVboLDx4AaABAg,I have this phone it's beautiful everything's good 👍,19,2026-03-17T08:09:43Z
2026-10-03,P044,v2,Uh8PYF9jOVg,UgzkiQYK9iYbt9Bv1al4AaABAg,Bhai aapka awaz mujhe bahut acha laga😊😊,17,2025-12-21T03:06:48Z
2026-10-03,P044,v2,Uh8PYF9jOVg,Ugxe9FBt3mR-KWHXxLR4AaABAg,"Telephoto lense nahi hone ke baad bhi ye phone tagdi quality ki picture capture karti hai 
Moto sachme Mota hai vai camera ke mamle me❤❤😢😮",30,2025-12-23T11:21:08Z
2026-10-03,P044,v2,Uh8PYF9jOVg,UgzWH47Gcf2TFLpRfJ14AaABAg,One of the best phone in every aspect. I'm watching on same phone wright now.,5,2026-09-01T17:08:34Z
2026-10-03,P044,v2,Uh8PYF9jOVg,UgyrkHVosdFNiuvOuEB4AaABAg,Sab phone main sab cheeze nahi milti bhyi,17,2026-03-09T08:43:56Z
2026-10-03,P044,v2,Uh8PYF9jOVg,UgxkHnKAdN3siJ5HZgh4AaABAg,Who needs a telephoto lens at this budget,3,2026-06-29T06:22:39Z
2026-10-03,P044,v2,Uh8PYF9jOVg,Ugx5HDl31HAhJ50yILx4AaABAg,"SD 7 gen 4 is a solid Chip, runs similar to a pixel 9 but slightly less powerful",2,2026-05-08T01:04:24Z
2026-10-03,P044,v2,Uh8PYF9jOVg,UgwaQ5atoT_lR1k_Lu14AaABAg,❤❤❤nice bro,0,2026-10-02T14:04:21Z
2026-10-03,P044,v2,Uh8PYF9jOVg,Ugwtr6znquVcWuTiPJZ4AaABAg,"I have already buy a moto edge 60 pro, and I'm very satisfied 🙏🏼",24,2026-01-04T12:45:33Z
2026-10-03,P044,v2,Uh8PYF9jOVg,Ugw9rCjyY0T17vhBc6t4AaABAg,Bhai ap 🎤 mic konsa use karre ho please batao,2,2026-01-03T23:35:40Z
2026-10-03,P044,v2,Uh8PYF9jOVg,UgweMqhV4xmiPLoFGPB4AaABAg,Agar motorola tele foto lens ayse hi gayab karte rahe ga to pakka iski selling kam ho jaye gi bhaut,1,2026-03-31T07:13:11Z
2026-10-03,P044,v2,Uh8PYF9jOVg,UgwihX4gWknpVz4NSJp4AaABAg,Sahi bola bhai 👍👍,1,2026-04-16T11:12:58Z
2026-10-03,P044,v2,Uh8PYF9jOVg,Ugy5mvcAlFkCeY89Q_Z4AaABAg,इसका camera फोटो और video दूसरे MOTO phones की तरह process lag करता हे क्या ??,1,2025-12-23T14:55:04Z
2026-10-03,P044,v2,Uh8PYF9jOVg,UgzP8JwFVx4K4JOaFxx4AaABAg,I'm watching this on Edge 60 fusion 😅,42,2025-12-22T14:23:30Z
2026-10-03,P044,v2,Uh8PYF9jOVg,UgyOChNqbCDJr6VEHsd4AaABAg,"Just bought today and currently watching on it, 3 hours spent only, feeling the heating issue.😂",137,2026-03-08T09:59:52Z
2026-10-03,P044,v2,Uh8PYF9jOVg,UgyFV70kIZzFflmrGjp4AaABAg,Good review given by you . Kindly elaborate on the speaker quality and whether it has Dolby Atmos . Secondly does main camera have OIS  and how is quality of the ultrawide camera .Lastly does it have Gorilla Glass Victus protection,0,2026-09-28T06:35:01Z
2026-10-03,P044,v2,Uh8PYF9jOVg,UgyWFBqyT-Mz9Z5yfal4AaABAg,"Telephoto lens and atleast 6000 mah battery. Thoda mota ho jata to koi problem nhi tha, but thik hai abhi bhi",1,2026-09-03T03:47:38Z
2026-10-03,P044,v2,Uh8PYF9jOVg,UgyIE-ztB8gFvVorbG54AaABAg,"I have been owning it for 3 weeks now,very powerful tool,no issues",3,2026-05-04T18:38:39Z
2026-10-03,P044,v2,Uh8PYF9jOVg,UgzxDoEwYoizzD0tFwt4AaABAg,Edge 60 neo would do me.  For value and a telephoto lens.,0,2026-06-27T06:55:46Z
2026-10-03,P044,v2,Uh8PYF9jOVg,UgyVzWTVETYcIYtP99N4AaABAg,Fir to iska pro version 35k tk jayega?,1,2025-12-18T08:47:56Z
2026-10-03,P044,v2,Uh8PYF9jOVg,UgzvdmZRypMP0rdOHZ14AaABAg,Hard work 😄. Kya problem he ismi Hardwear ka😂,1,2026-04-22T05:41:48Z
2026-10-03,P044,v2,Uh8PYF9jOVg,Ugxf26f6u-vi2GQvVcJ4AaABAg,Bhai tumra mic ka nam batao 🙏,2,2025-12-21T07:53:47Z
2026-10-03,P044,v2,Uh8PYF9jOVg,UgwgVZusjYItuh0tr1V4AaABAg,Top class,0,2026-01-24T13:00:56Z
2026-10-03,P044,v2,Uh8PYF9jOVg,UgzohNHS3_bSoZYdz1Z4AaABAg,"I have the ""edge 40"" bought in India 3 years ago, I was waiting to come back to India for Holidays to buy the new one, for the amazing price! 😅 The edge 70 in Europe is not worthed, as it is more than double price",3,2026-01-25T07:32:13Z
2026-10-03,P044,v2,Uh8PYF9jOVg,UgzaSVhlZRhtgpIrjoB4AaABAg,Phone ka size thoda chota karna tha kyuki 5000 mah battery or acha bhi lagta ❤,0,2026-06-24T11:04:29Z
2026-10-03,P044,v2,Uh8PYF9jOVg,UgwtlVkbEwSsO_W1SmJ4AaABAg,RAM bhi kam hai iski... 12 GB option hota to sabse best hota,1,2026-03-12T20:03:50Z
2026-10-03,P044,v2,Uh8PYF9jOVg,Ugyv8dfXZDpmFJ5zFzp4AaABAg,Music ya youtube kisi type audio ki sound bahut low hai volume pura increase karna padta hai,0,2026-08-13T03:05:51Z
2026-10-03,P044,v2,Uh8PYF9jOVg,Ugy6CtObeDjg7uW6xJB4AaABAg,Shandar phone he🎉❤,0,2026-05-28T07:49:37Z
2026-10-03,P044,v2,Uh8PYF9jOVg,Ugwk-5uQkaYl5uP45ip4AaABAg,Moto edge 70 fusion wala bi bato,0,2026-03-17T02:20:03Z
2026-10-03,P044,v2,Uh8PYF9jOVg,UgytH2fotRptt4BZuI54AaABAg,I bought moto edge 70 fusion 8/256 gb for 28k it does worth the money... Mai moto edge 60 pro ko bhi consider kr rha tha just because of telephoto lens but iska camera bhi normal user ke lie more than enough h upar se mere middle class dimag ne allow hi nhi kra 70 series aane ke baad 60 purchase Krna 😂,1,2026-06-10T03:16:56Z
2026-10-03,P044,v2,Uh8PYF9jOVg,UgygrVdTDh9ekghwjXl4AaABAg,RAM only 8 GB ka option hai,2,2025-12-19T18:41:29Z
2026-10-03,P044,v2,Uh8PYF9jOVg,UgwaCPnmQeU5IVVtMSN4AaABAg,In Switzerland cost 363$,0,2026-06-14T10:44:43Z
2026-10-03,P044,v2,Uh8PYF9jOVg,UgyQ11IrPxguhZ3UAl94AaABAg,"I have this phone moto edge 70. Bhut hie shandar phone hai or heating issue ietna nhi hai but overall perfect phone hai under 30k.or haptics bhi kya shandar hai ❤❤. Or updates me improvement hai hai bhut acche.
Bhai ye phone consider kar sakte ho lena ho tho isse best phone nhi Milne wala or ye 8gb256gb. Varient hai.🎉🎉",1,2026-05-21T06:08:20Z
2026-10-03,P044,v2,Uh8PYF9jOVg,UgyJESCuwVTcNyte9bV4AaABAg,Some users reported screen flickering issues is that correct.,0,2026-09-16T10:42:06Z
2026-10-03,P044,v2,Uh8PYF9jOVg,UgzRhNwDcbAyXBosRFd4AaABAg,current price 35k...,1,2026-09-27T04:58:32Z
2026-10-03,P044,v2,Uh8PYF9jOVg,Ugy4cX9CGHxiIg-fOC54AaABAg,Main to Isi phone se video dekh raha hu phone to achha hai,0,2026-10-02T20:35:26Z
2026-10-03,P044,v2,Uh8PYF9jOVg,Ugx5qQlshhnwPz7OV3p4AaABAg,Bettery life thodi or bdha skte te 😢,1,2026-01-23T16:41:58Z
2026-10-03,P044,v2,Uh8PYF9jOVg,UgylyRD9MVFzE4wXVwp4AaABAg,Agar battary iski 6000 ya 7000 hoti no dought main isko ab tak kharid chuka hota but abhi wait kar raha koi inhi facility k sath aaye or battary jyada hogi to m bina soche samjhe le lunga,2,2026-01-11T14:06:56Z
2026-10-03,P044,v2,Uh8PYF9jOVg,UgxzYZSxm_B5A55kgbx4AaABAg,Bhai moto edge 60 pro se comparison karao lag jaayega pata 😂,0,2026-03-19T02:01:37Z
2026-10-03,P044,v2,Uh8PYF9jOVg,UgwSaakwZpswomeQbGl4AaABAg,They should stop using Google dialler. Others have moved to their own dialer in mobiles.,1,2025-12-16T04:08:59Z
2026-10-03,P044,v2,Uh8PYF9jOVg,UgwOfY3DEjdxWNKNpph4AaABAg,Slim na chahiye bhai mota ho jaye koi dikkat nhi battery bada hona chahiye..oppo reno 16 dekh lo compact and massive battery 6500+mah,2,2026-07-09T17:10:12Z
2026-10-03,P044,v2,Uh8PYF9jOVg,UgzDcL12jfsusZpX2D54AaABAg,Sound qwalty chaina mad Edge 30 Sound qwalty isto bhut jyada vadiya,0,2026-04-12T02:15:02Z
2026-10-03,P044,v2,Uh8PYF9jOVg,Ugzq6kc5Dj1KSJUmz_Z4AaABAg,It is so good phone 📱,0,2026-09-27T12:34:44Z
2026-10-03,P044,v2,Uh8PYF9jOVg,UgzC0Y-sm4UD5nE0wjp4AaABAg,❤🎉,0,2026-04-05T17:31:30Z
2026-10-03,P044,v2,Uh8PYF9jOVg,UgzXnIG9VPOE37Leoax4AaABAg,Kya isme phone clone hota h,0,2026-01-19T06:32:26Z
2026-10-03,P044,v2,Uh8PYF9jOVg,UgzI5kKnWMNluKRBaPB4AaABAg,I have 70. Nice mobile,1,2026-03-10T17:54:53Z
2026-10-03,P044,v2,Uh8PYF9jOVg,UgwUpSKc3rhZqNgAZH14AaABAg,Is he phone se video dekh rakha hu best hai full recommand hai isko lena hain le skta hai mast hain,1,2026-09-20T14:23:04Z
2026-10-03,P044,v2,Uh8PYF9jOVg,UgzM5XH0rZOUF6I79ZN4AaABAg,Is price range mein koi dusra mobile ho to comparison karke batao,0,2026-06-04T02:29:11Z
2026-10-03,P044,v2,Uh8PYF9jOVg,Ugy2k_X4n1drWOvHsvV4AaABAg,Awsm ph isi ph s dekh rhe h,0,2026-03-11T13:34:24Z
2026-10-03,P044,v2,Uh8PYF9jOVg,UgyVoN0YBsnEKYkWhM14AaABAg,Moto Edge 70 Pro will be coming soon with a telephoto I'll wait till then.,1,2026-03-27T22:31:00Z
2026-10-03,P044,v2,Uh8PYF9jOVg,UgxlmFQyu_7ILb0U4W94AaABAg,Tetephoto + 7000-8000 mAH baattory + snapdragon 8 gen 3 tak hota to bahut greatest phone hota chahe thoda prize 2 se 4 hajar badha dete to bhi chalta but phone best hota,4,2025-12-20T07:29:43Z
2026-10-03,P044,v2,Uh8PYF9jOVg,Ugyp6MWxqXaLLa5s3K94AaABAg,Bhai y phone without back cover use karne se isme scratch to nhi aayege pl reply 😊😊😊😊😊😊,1,2025-12-17T11:50:13Z
2026-10-03,P044,v2,Uh8PYF9jOVg,UgwxmqQWUuP4Qt4kMcJ4AaABAg,edge 60 pro or edge 70 lu ?,0,2026-09-27T19:12:15Z
2026-10-03,P044,v2,Uh8PYF9jOVg,UgxsoDyVoDsMQJyBzGF4AaABAg,"Brother, Moto has banned vegan leather.",0,2025-12-24T06:20:40Z
2026-10-03,P044,v2,Uh8PYF9jOVg,UgxJKRjAR9BUyheStK94AaABAg,One of the best phone we take this phone 27 may,0,2026-05-31T12:24:04Z
2026-10-03,P044,v2,Uh8PYF9jOVg,Ugy5Ogo36-rckQwvf594AaABAg,Weldon Moto feature packed light and such a slim phone at this price every brands must learn from Moto because all the mid range mobile phone brand are gone slowly from 50 to 80 k 👌👌👌👌👌,1,2025-12-19T11:29:32Z
2026-10-03,P044,v2,Uh8PYF9jOVg,UgxJs7vqkkYaYhsCXIJ4AaABAg,Leliya bhai.,0,2026-09-06T21:14:40Z
2026-10-03,P044,v2,Uh8PYF9jOVg,UgyzKwPB5zY41fCgsz94AaABAg,Bhai edge 70 pro kab ayega,1,2025-12-22T05:14:44Z
2026-10-03,P044,v2,Uh8PYF9jOVg,UgyqlQRl4e9kJtKAIn54AaABAg,Motorola edge 60 neo kab launch hoga india mein,0,2025-12-19T13:41:45Z
2026-10-03,P044,v2,Uh8PYF9jOVg,Ugzx_QlZ1w8MJgXK9kt4AaABAg,Telephoto rehta too main khud le leta 😢,0,2025-12-28T10:34:22Z
2026-10-03,P044,v2,Uh8PYF9jOVg,Ugwb7HR9aZrIjLEqxap4AaABAg,Motorola edge 60 pro me 10MP ka telephoto lence hai,0,2026-08-12T18:32:11Z
2026-10-03,P044,v2,Uh8PYF9jOVg,UgzWQn53ru36q5PsUUV4AaABAg,Mera pas Hai a phone...,0,2026-04-27T04:48:58Z
2026-10-03,P044,v2,Uh8PYF9jOVg,UgzlVe4TOoqv5o6ortx4AaABAg,29k me aab Jaan manoge kya 😅😂😂,1,2026-05-27T14:37:14Z
2026-10-03,P044,v2,Uh8PYF9jOVg,UgyGQjLxagOr9zD2Cdt4AaABAg,Moto edge 70 me bqckground blur yaani portrait video ka option hai kya?,0,2026-08-14T14:53:58Z
2026-10-03,P044,v2,Uh8PYF9jOVg,Ugwiovw5wvkHsih4Ehp4AaABAg,दोस्त इसका बैटरी टेस्ट जरूर करना,4,2025-12-19T02:54:27Z
2026-10-03,P044,v2,Uh8PYF9jOVg,UgxchUgL-9JrkWZC_s94AaABAg,Whats the PPi,0,2026-04-10T17:05:42Z
2026-10-03,P044,v2,Uh8PYF9jOVg,UgyyEvsU49dUC0vaDp14AaABAg,190 gram k dekha abhi mend dusre k yr channel p 😢😅,0,2026-05-31T19:35:42Z
2026-10-03,P044,v2,Uh8PYF9jOVg,UgwUTlMNsxJGxMfgAkd4AaABAg,Taken today,0,2026-01-24T11:35:37Z
2026-10-03,P044,v2,Uh8PYF9jOVg,UgwbgcG2aM4oJjHNjjl4AaABAg,Bhai 7000mah ka better hai 😂😊,2,2026-04-15T07:40:22Z
2026-10-03,P044,v2,Uh8PYF9jOVg,UgwDuUCt_trlP4ktjcF4AaABAg,which one should i buy edge 60 pro or edge 70?🤔,1,2026-04-06T04:47:32Z
2026-10-03,P044,v2,Uh8PYF9jOVg,Ugzo-qoXQRa6yuyqt9B4AaABAg,Buy,0,2025-12-30T16:41:57Z
2026-10-03,P044,v2,Uh8PYF9jOVg,Ugzn1M5gsLRXKOIyWTF4AaABAg,Commented by moto edge 70,0,2026-05-13T07:24:44Z
2026-10-03,P044,v2,Uh8PYF9jOVg,UgwbMbq-vaJZMXTd0G54AaABAg,Its a slik fone I have one but it has very bad GPS 😢 such shame nice fone but keep loosing GPS map keep  on frizing,0,2026-01-05T21:40:54Z
2026-10-03,P044,v2,Uh8PYF9jOVg,Ugx_UDrmdfPdPuq56Dt4AaABAg,"Overheating 
Even have to turn off phone to cool down. 

Many such reviews are given in flipkart",0,2026-08-13T09:36:24Z
2026-10-03,P044,v2,Uh8PYF9jOVg,Ugy9lwBsPNWSaC2T5Md4AaABAg,HDR nahin milta Netflix pr,0,2026-08-21T10:58:34Z
2026-10-03,P044,v2,Uh8PYF9jOVg,Ugy2ylHpENz-2YGAo2l4AaABAg,"Watching in it, good phone you can go for it.",1,2026-07-13T01:35:45Z
2026-10-03,P044,v2,Uh8PYF9jOVg,Ugzmf202tZjr_NU8FNd4AaABAg,Bhai mere pass Motorola hai,0,2026-02-21T20:45:31Z
2026-10-03,P044,v2,Uh8PYF9jOVg,UgxLB4OifoeoUI891tB4AaABAg,Watching video on this same phone its super amazing ❤,0,2026-09-25T13:21:40Z
2026-10-03,P044,v2,Uh8PYF9jOVg,Ugx7o2trGAOCpF1AL2J4AaABAg,What about the green line issue?,0,2026-04-25T06:15:19Z
2026-10-03,P044,v2,Uh8PYF9jOVg,UgxMQRwO--xxlg200D14AaABAg,Charge mein heat hota hai mobile,0,2026-04-04T05:55:51Z
2026-10-03,P044,v2,Uh8PYF9jOVg,UgwiaWeV41XW_AzetC14AaABAg,Cooling chamber missing hai,0,2025-12-20T14:38:33Z
2026-10-03,P044,v2,Uh8PYF9jOVg,Ugy34RcW1cGDO7t80GB4AaABAg,Mai bhi yehi phone use kar rhe hai❤,0,2026-07-15T10:10:05Z
2026-10-03,P044,v2,Uh8PYF9jOVg,Ugx3HmEgT7hXNlzPXyd4AaABAg,Bhai iska display Amoled nahi p OLED hai 😂 jara thik se information Diya karo,0,2026-03-13T11:43:09Z
2026-10-03,P044,v2,Uh8PYF9jOVg,UgyoR6Yu23-TYPAr49R4AaABAg,Byaast nhi 😂 best bolo 😂😂,1,2026-02-01T04:57:59Z
2026-10-03,P044,v2,Uh8PYF9jOVg,Ugz7jFdIcWG2iLe_REh4AaABAg,Nice phone I switched from one plus 15 to this just for the weight totally worth it. Only thing am missing is usb 3.1 otherwise everything so value for money. Flagships are overrated,0,2026-07-10T08:11:12Z
2026-10-03,P044,v2,Uh8PYF9jOVg,UgyYpCJqQLZERCGAS1x4AaABAg,I have it and it's best ❤️❤️❤️,0,2026-05-15T21:23:20Z
2026-10-03,P044,v2,Uh8PYF9jOVg,UgxjGW5n9lYgfhhkASx4AaABAg,How was its speaker?,0,2026-08-19T10:26:33Z
2026-10-03,P044,v2,Uh8PYF9jOVg,UgyTV8K4WMCTsgp6tf14AaABAg,What hardware is missing,0,2025-12-31T20:26:47Z
2026-10-03,P044,v2,Uh8PYF9jOVg,UgzOfzysoeaM02Zc5np4AaABAg,Slim phone mai telephoto nahi aata bhai,0,2025-12-20T04:50:57Z
2026-10-03,P044,v2,Uh8PYF9jOVg,UgyaIG9vRRaR2pn4BhJ4AaABAg,Sayad samajdhari kami h bhai me,0,2026-02-05T18:25:12Z
2026-10-03,P044,v2,Uh8PYF9jOVg,UgwcXGC5r6WmFTSOASV4AaABAg,"Battery galat bata raha, 7000 mah hai",0,2026-03-28T17:15:00Z
2026-10-03,P044,v2,Uh8PYF9jOVg,UgzE5R6Zs3b3DLCfAmB4AaABAg,Tempered glass buble problem,0,2026-08-09T18:40:56Z
2026-10-03,P044,v2,Uh8PYF9jOVg,UgzA9oXu7cVCU5Rb7Bx4AaABAg,Kounsa hardware missing hai,2,2025-12-15T21:10:21Z
2026-10-03,P044,v2,Uh8PYF9jOVg,UgxTBDPdnq4yZFn8fbJ4AaABAg,My phone moto edge 70 mast phones,0,2026-05-24T09:56:54Z
2026-10-03,P044,v2,Uh8PYF9jOVg,UgyDdSt5azgTvYA4rMh4AaABAg,Aaj hi liya h Aaj hi ye video dekh rha hu edge 70 se,0,2026-01-02T16:51:54Z
2026-10-03,P044,v2,Uh8PYF9jOVg,UgzTm7aCrGJ6LTWxZ5Z4AaABAg,Me seeing this through Moto edge 60 pro 😂,2,2025-12-20T15:08:39Z
2026-10-03,P057,v2,EGkGRs6YhoM,UgwDvm8wvFYOoKsZBFZ4AaABAg,Fact : You can Double tap a comment to like and Triple tap a comment to Reply,17457,2024-08-21T17:12:44Z
2026-10-03,P057,v2,EGkGRs6YhoM,Ugy4uPLxBoNo0I14qzp4AaABAg,Whoever designed the intro deserves a raise,30260,2024-08-21T17:04:57Z
2026-10-03,P057,v2,EGkGRs6YhoM,UgyZWslBt6OPqURqjAp4AaABAg,"0:30 
""how hard do you want the intro to go?""
""yes""",13707,2024-08-21T17:40:36Z
2026-10-03,P057,v2,EGkGRs6YhoM,Ugwu7UU0VUur403nzK94AaABAg,"Mr. Brownlee, thank you for sharing your experience with these phones. I am 75 years old. So, I did not have the opportunity to use computers until my late 30's. My first cell phone was a bag phone!  Ha! The speed of the changes in the current cell phones is overwhelming for me. Hence, I appreciate your tone of voice and speed of your clear concise speech. You converse on a level that can be comprehended by me (being a very novice cell phone user). You were enjoyable to watch and listen too. I look forward to following your information videos. Keep up the good work. ",1003,2025-01-10T03:22:10Z
2026-10-03,P057,v2,EGkGRs6YhoM,UgzfU8QZk-Kf53g4PI54AaABAg,0:30 Google could just use this intro for their own marketing campaign,3401,2024-08-22T11:21:40Z
2026-10-03,P057,v2,EGkGRs6YhoM,Ugy4U4zicUu-UBswfFd4AaABAg,"As someone with smaller hands who intentionally got the 7 over the 7 Pro because of the size alone, I am extremely happy for the Pro phone not being XL! I hope this does continue!",5334,2024-08-21T18:50:58Z
2026-10-03,P057,v2,EGkGRs6YhoM,Ugx0yw3fzPZHQiKnUsd4AaABAg,THAT INTRO IS 🔥🔥🔥🔥,6483,2024-08-21T17:40:06Z
2026-10-03,P057,v2,EGkGRs6YhoM,Ugy_s49F6ehQu8geQk14AaABAg,"One huge thing for me, which you didn't mention is access to satellite network for SOS emergency. I do a lot of ski touring in the Alps, where there's no reception. It is fab not to have to carry another Iridium device and still be able to text for help. Brilliant.",100,2025-01-12T17:21:20Z
2026-10-03,P057,v2,EGkGRs6YhoM,Ugx83IZBqda9nSLMuiF4AaABAg,17:52 Missed opportunity for not doing the Spiderman finger pointing meme lol,2413,2024-08-21T19:22:17Z
2026-10-03,P057,v2,EGkGRs6YhoM,Ugw-7voMMGFEWs__0ax4AaABAg,The start animation is crazy,2087,2024-08-21T17:04:07Z
2026-10-03,P057,v2,EGkGRs6YhoM,Ugyx2wXzfETYNEJW9WZ4AaABAg,"No Marques, we did not watch the Google announcement because we saw your video first! 00:55",2468,2024-08-21T17:12:47Z
2026-10-03,P057,v2,EGkGRs6YhoM,UgzxdfamgvMkVWk8oxh4AaABAg,Pixel should learn how to intro like that 0:30 🔥,108,2024-11-13T16:17:40Z
2026-10-03,P057,v2,EGkGRs6YhoM,UgzE-zeyFzXHRpQHIKR4AaABAg,BROOOO the alarm at 0:35 was DEVIOUSSS,1533,2024-08-21T17:05:27Z
2026-10-03,P057,v2,EGkGRs6YhoM,Ugyc05uXG9O16Pnj9H94AaABAg,I will never understand these phone companies obsession  with glossy... The matte metal looks and feels so much more premium. It kills me that the pro models have those glossy sides.,2804,2024-08-21T18:34:08Z
2026-10-03,P057,v2,EGkGRs6YhoM,UgwCjA6p4qVwYFEPZnh4AaABAg,"""Reimagine me as Handsome"" 
Pixel ""Sorry that can't be done""

**EMOTIONAL DAMAGE**",912,2024-08-21T20:47:01Z
2026-10-03,P057,v2,EGkGRs6YhoM,UgwXZrYorF_1wX6rZud4AaABAg,"09:38 Google weather app used to be better than all other weather apps, but then they came along and got rid of the frog, and now it's just as good as all the other bland weather apps.",12,2025-07-01T16:23:57Z
2026-10-03,P057,v2,EGkGRs6YhoM,UgywqSrzKFxp5SOktSR4AaABAg,I don’t need AI to make art for me. I need AI to vacuum do the dishes,372,2024-08-22T18:29:58Z
2026-10-03,P057,v2,EGkGRs6YhoM,UgzaP20zT_zHV9GTBqh4AaABAg,"4:10 
""Happy about it, before it gets discontinued""
Bro really know Google too well",1693,2024-08-22T05:26:07Z
2026-10-03,P057,v2,EGkGRs6YhoM,Ugzx4mOaAyG13UN1kZB4AaABAg,Bro MKBHD's phone intros go harder than Google's ads by miles. Great work to the editors and designers of the intro.,1236,2024-08-22T01:58:02Z
2026-10-03,P057,v2,EGkGRs6YhoM,UgxeUAvr3v7HDO6NvHF4AaABAg,"I started this video and thought ""24 minutes is crazy"".... but damn your videos are done so well. You are captivating in how you speak and I really love the way you edit your videos. Also I can handle your voice for a long time, lol.... so many YouTubers that need to drink a damn glass of water before they starting filming",107,2024-12-09T15:18:00Z
2026-10-03,P057,v2,EGkGRs6YhoM,Ugw0Rt138B7fqU_rTJZ4AaABAg,Intro hits like crazy,1380,2024-08-21T17:03:09Z
2026-10-03,P057,v2,EGkGRs6YhoM,Ugz2T0rKKsUcwdqZi914AaABAg,19:01 Gemini knows that bro's already handsome.,606,2024-08-22T12:28:31Z
2026-10-03,P057,v2,EGkGRs6YhoM,UgzIgQT6xPNG-xpgBqx4AaABAg,Shoutout fr to the intro animators. My mouth was on the floor through the entire thing.,500,2024-08-21T17:03:41Z
2026-10-03,P057,v2,EGkGRs6YhoM,UgzMLOmo8xIsfV_akCB4AaABAg,"I'm glad they haven't stopped the thermometer app. When my home thermometer broke I was able to use the pixel temp sensor. Had a 103 fever, I was able to take my temp daily & send it into my doctor, until I was able to get in to see them. It's handy in a pinch",10,2025-02-06T07:04:34Z
2026-10-03,P057,v2,EGkGRs6YhoM,Ugzgh9qNYvOrTnEPWgx4AaABAg,Gemini and Assistant relationship is like having your gf meet your ex,385,2024-08-23T07:49:30Z
2026-10-03,P057,v2,EGkGRs6YhoM,UgyMLd5biR9eiT6PZ_Z4AaABAg,i really like that screenshots are not mixed together with regular photos - good work (at least for me).,572,2024-09-03T19:46:49Z
2026-10-03,P057,v2,EGkGRs6YhoM,UgwlRQDXmbsHYTzQcUp4AaABAg,"MKBHD Pixel 9 review:
10% hardware
10% software & AI
80% Weather App ✅

Love it!",355,2024-08-22T00:55:07Z
2026-10-03,P057,v2,EGkGRs6YhoM,UgxfF9asAtZJfRBHrsp4AaABAg,Whoever rewatching this after the Flipkart BBD sale announcement ? 😂😅,50,2025-09-12T02:49:52Z
2026-10-03,P057,v2,EGkGRs6YhoM,UgyU_N6N1XCjVSfmKKB4AaABAg,"As a weather forecaster in the Air Force, it really shows my nerdiness by how the Pixel weather app was the most exciting thing to me lmao",498,2024-08-26T15:26:02Z
2026-10-03,P057,v2,EGkGRs6YhoM,Ugzc-teFJHYf-wts5HN4AaABAg,One day Marques will be like: So i have been living in Mars for 2 years now. 😂,378,2024-08-21T17:19:34Z
2026-10-03,P057,v2,EGkGRs6YhoM,UgwkbLDlA2LKprRDd5B4AaABAg,"The intro is so crazy and perfect that I watched it several times. As one netizen said, “Who needs a Google event when you can just watch MKBHD.”",513,2024-08-21T21:46:13Z
2026-10-03,P057,v2,EGkGRs6YhoM,UgycIHfzkK-Esx8zYql4AaABAg,18:55 its saying youre already handsome,16,2024-10-27T22:18:46Z
2026-10-03,P057,v2,EGkGRs6YhoM,UgyE_Co00-V09_m_2HV4AaABAg,The subplot of the rain approaching during this video was quite fun,90,2024-08-21T19:23:13Z
2026-10-03,P057,v2,EGkGRs6YhoM,Ugyr1LVqnbEH4rMcqbt4AaABAg,That intro was a sicker Pixel 9 ad than anything Google made,120,2024-08-22T12:30:54Z
2026-10-03,P057,v2,EGkGRs6YhoM,UgwyKYS-VEPRJg0vPvF4AaABAg,“What is a photo anyway?” Is so deep on so many levels 😂 19:08,353,2024-08-23T13:49:26Z
2026-10-03,P057,v2,EGkGRs6YhoM,UgwW1ZDbf8nl5axpcdt4AaABAg,"Gemini is actually incredible, I used it to translate some stories for me so I don't have to do it manually and it did it pretty well, keeping the mood and feel I gave the original text and retaining it in the translation, and every other thing it hasn't failed me in, it's amazing",4,2024-12-13T12:20:58Z
2026-10-03,P057,v2,EGkGRs6YhoM,UgwpHk6tx_BNncVtqGN4AaABAg,"Upgrading from my Pixel 6 to Pixel 9 Pro. Finally no need to get the XL version for the premium features. 

Amzing intro 🎉",73,2024-08-22T15:18:11Z
2026-10-03,P057,v2,EGkGRs6YhoM,Ugz8AxpneVayzJJNxGp4AaABAg,Literally my favorite thing about the Pixel's hardware for a while now is how satisfyingly clicky the buttons are. SO good.,460,2024-08-21T23:00:00Z
2026-10-03,P057,v2,EGkGRs6YhoM,UgzrZ8077Zq35NvRtct4AaABAg,Don't forget you can turn off Photo processing and just shoot raw if you want to. I personally like the Google photo processing but if you don't at least you have the option!,221,2024-09-07T18:30:32Z
2026-10-03,P057,v2,EGkGRs6YhoM,UgzBysnfaE4PPJBIEch4AaABAg,"20:00 I don’t agree. Screenshots should’ve never been among the photos to begin with. Why would you want screenshots to clutter your camera photos? Additionally, this allows google to add more features screenshot related. And sure you can do that in photos as well, but that makes the photos app more complex.",115,2024-11-17T09:06:12Z
2026-10-03,P057,v2,EGkGRs6YhoM,UgwPKBe04HfVLh-t4Nt4AaABAg,You know how interesting the pixel 9 is when everyone talks more about the intro lol,259,2024-08-21T22:31:02Z
2026-10-03,P057,v2,EGkGRs6YhoM,UgwASdee57Yg6R7CCRF4AaABAg,I have a baby and I i use the thermometer quite frequently to check the temperature of milk or bath water. I really hope they'll keep it on the future generations of pixels.,517,2024-08-21T18:43:06Z
2026-10-03,P057,v2,EGkGRs6YhoM,UgzEK-E6HmqqHUe-LRd4AaABAg,"I wish somebody would talk and test basic cell phones activities, like  connectivity, call sound quality, how sensitive are the antennas, etc.  You know, after all they are still mainly phones, a communication tool.",97,2024-08-28T10:14:49Z
2026-10-03,P057,v2,EGkGRs6YhoM,UgwJ7Fr7Trzl_UckdLl4AaABAg,"Thankfully that screenshots app is now integrated into Google Photos. I just ordered a Pixel 9 in Peony and super stoked to get it! Upgrading from a Pixel 7a, so this should be quite the leap! I know this video is 4 months old, but I sure appreciate it and love how far you've come with your videos!",22,2025-01-15T05:43:52Z
2026-10-03,P057,v2,EGkGRs6YhoM,UgwMk-vBMcZyVIwHny54AaABAg,15:12 i wanna see Google assistant vs Gemini too,17,2024-08-22T08:29:17Z
2026-10-03,P057,v2,EGkGRs6YhoM,Ugw0T2bxZV6f5962ge14AaABAg,"Having premium specs in a pocketable size is already a win in my book
I hate how ""ultras"" and pros are getting bigger by the minute",380,2024-08-21T18:51:52Z
2026-10-03,P057,v2,EGkGRs6YhoM,UgwI0Zrod6lPzl30DZp4AaABAg,that intro is so fire! using the pixel ui and material ui widget shapes and curves. Sound engineering with graphics and syncing them perfectly. Wow hats off to the whole team for coming up with that intro so fast!,196,2024-08-26T01:15:07Z
2026-10-03,P057,v2,EGkGRs6YhoM,UgwBb8eL-6PhZo2OpsF4AaABAg,"11:20 Assistant Battle please!!! 🙏 It is the deciding factor for me to choose an entire ecosystem. It would be nice to do the battle in all ecosystem devices including watch and headphones, oh and home speakers.",6,2025-01-23T10:11:17Z
2026-10-03,P057,v2,EGkGRs6YhoM,UgxCx_GHiLGPY5NhAPd4AaABAg,"Huge props to the studio for this sick intro, y'all outdid yourselves. Special shoutout to that sound design too",309,2024-08-21T20:02:52Z
2026-10-03,P057,v2,EGkGRs6YhoM,Ugwath0WS1na8X9r1VV4AaABAg,10:23 The developer of the temperature app: 😨,16,2024-08-21T23:16:59Z
2026-10-03,P057,v2,EGkGRs6YhoM,UgxBEvm1oqQP43UnWhd4AaABAg,the pixel 9 feels incredible in-hand,61,2024-08-21T21:02:33Z
2026-10-03,P057,v2,EGkGRs6YhoM,Ugy26wLKH91xPV1dMnV4AaABAg,That intro beat just made this video go from being in the background to robbing me of my focus 🔥 0:19,15,2025-08-31T12:57:16Z
2026-10-03,P057,v2,EGkGRs6YhoM,UgwK3h4UUAGbJN7A4Ld4AaABAg,"You’re definitely missing something, the screenshot app is an insanely good idea for people like me that have not the best memories. And screenshot things to remember regularly.",66,2024-08-21T18:01:19Z
2026-10-03,P057,v2,EGkGRs6YhoM,UgxPnQxfikWrxvM0Sbx4AaABAg,"Man, this video is just a banger overall, from the intro to the title cards. Like, damn, this felt like walking along the chilled beverage and dairy aisle.",80,2024-08-21T17:51:14Z
2026-10-03,P057,v2,EGkGRs6YhoM,UgymbJOie6W4JqoX0aF4AaABAg,I use screen shots multiple times a day o save information and remind me on things. I love that Google separated the screen shots from the photo app,135,2024-08-26T11:40:10Z
2026-10-03,P057,v2,EGkGRs6YhoM,UgwRyeDs07RYC0qsz2h4AaABAg,I liked the finger id on the back. It was faster and more ergonomic for swiping etc. I wish they would bring that back. Or really anywhere other than the center on the screen for those of us with short fingers. It's the biggest reason I haven't upgraded lol.,67,2024-09-28T02:08:16Z
2026-10-03,P057,v2,EGkGRs6YhoM,UgwaF53YOHo8bWlbNTd4AaABAg,"niiiice,
counter to the temp sensor. One of my kids was sick and I was putting them to sleep and I forgot to bring our thermometer to their room before they fell asleep in my arm. Luckily had my pixel 8 pro with me so scanned and got a good temp reading. Later I compared between our dedicated forehead scanning thermometer to the pixel 8 pro and they were pretty much identical in results. (plus the pixel 8 pro was storing the readings so I could look at the historical scans if I was monitoring the kiddos readings consistently)",12,2024-08-27T15:11:18Z
2026-10-03,P057,v2,EGkGRs6YhoM,UgyO90XHpRRo_2L4Qz54AaABAg,"Google: ""7 years of software updates""
Also Google: ""Here's our new basic weather app, exclusive to Pixel 9 phones and Pixel tablet""",264,2024-08-21T20:48:38Z
2026-10-03,P057,v2,EGkGRs6YhoM,UgzaisNQUKxv7WVaoRB4AaABAg,"6:45

normal people when they see a snake run away 
meanwhile MKBHD: let me click a picture on my new pixel",193,2024-08-22T08:27:20Z
2026-10-03,P057,v2,EGkGRs6YhoM,UgxGPHYSr5wY-QExgx14AaABAg,"Your review is one of the most insightful, informative and thorough I've seen so far. Thank you",2,2024-10-27T02:30:23Z
2026-10-03,P057,v2,EGkGRs6YhoM,UgwGUATB9lLb9F8Rti94AaABAg,Google Assistant is now Gemini's assistant and Gemini is micro-managing him/her.,205,2024-08-22T05:08:59Z
2026-10-03,P057,v2,EGkGRs6YhoM,UgzD72QBKyzNUlS7DTx4AaABAg,"The AI extensions with Gemini in research papers are described as tool usage, and so Gemini is using Google Assistant as a tool to complete certain tasks like alarms or other things that Gemini doesn't have the capabilities to do, etc.",135,2024-08-21T18:41:29Z
2026-10-03,P057,v2,EGkGRs6YhoM,UgwkP3zWs6llawkOXtB4AaABAg,@17:51 Missed opportunity not to do the Spider-Man meme.,159,2024-08-21T17:08:13Z
2026-10-03,P057,v2,EGkGRs6YhoM,Ugxt_pLjsCx5tFHsJFh4AaABAg,"11:41 that's the kind of transition I call ""MKBHD transition""",2,2024-11-09T19:30:32Z
2026-10-03,P057,v2,EGkGRs6YhoM,Ugz_UL7xldTU21U1ZfF4AaABAg,I hope google never stops working on temperature sensor 😇,144,2024-08-21T20:42:27Z
2026-10-03,P057,v2,EGkGRs6YhoM,UgywCEjPrK7IPwB-bM14AaABAg,I can’t wait for TV shows that use the Pixel for their classic “Zoom & Enhance” when solving a crime. 21:12,55,2024-08-21T17:38:21Z
2026-10-03,P057,v2,EGkGRs6YhoM,Ugxaaa8hY-o8565qlbx4AaABAg,I like that screnshots are separated and not mixed with travel pictures or whatever,36,2024-08-24T14:22:27Z
2026-10-03,P057,v2,EGkGRs6YhoM,UgyDZSZRwJujmR4yc_t4AaABAg,"Now multiple models of Pixel are experiencing major battery issues. Google has acknowledged the Jan 2025 update is a problem for Pixel 4a phones, but people with Pixel 9 Pro are also reporting (on Reddit) issues happening with their battery.",4,2025-01-13T18:40:50Z
2026-10-03,P057,v2,EGkGRs6YhoM,UgxSyexEvJwxhW6Ekrd4AaABAg,"Me thinking of finally seeing full fledged pixel 9 impressions for the first time.

Marques: So, I've been using this device for about 4 years.",173,2024-08-21T17:04:12Z
2026-10-03,P057,v2,EGkGRs6YhoM,UgxURcgdit1qSQjCrkZ4AaABAg,"My hope is, if the screenshots app works as both a product and a part of the routine, they add a choice to stop showing screenshots in the main pictures app, and keep them separately at screenshots.",13,2024-08-23T05:41:11Z
2026-10-03,P057,v2,EGkGRs6YhoM,Ugy5dAm4NPE86T9c25d4AaABAg,as a parent I would love a built in thermometer!,10,2024-08-21T19:40:48Z
2026-10-03,P057,v2,EGkGRs6YhoM,UgyIQd0G72Ed-xpUqRd4AaABAg,The OG iPod Shuffle is how I originally got into iPods as a kid. Loved that thing so much the headphones were basically glued into my ears in high school.,1,2024-10-09T20:10:05Z
2026-10-03,P057,v2,EGkGRs6YhoM,UgwdbcB1NLwUa-zSurJ4AaABAg,"'Reimagined me handsome' had me rolling.😅 You don't need that Marques, you're already cool.",39,2024-08-21T20:13:33Z
2026-10-03,P057,v2,EGkGRs6YhoM,Ugw4riInMhye2PtKLw14AaABAg,19:10 was waiting for “what is a photo” moment😂,22,2024-08-21T18:30:00Z
2026-10-03,P057,v2,EGkGRs6YhoM,UgzravNdCqGTobIOiP54AaABAg,00:35 i thought my alarm went off 😂,155,2024-08-21T17:05:13Z
2026-10-03,P057,v2,EGkGRs6YhoM,UgxjJkNRXfvJzDIKu0p4AaABAg,Watching this on my Pixel 9. I got it during the BBD sale 😉 It's a crazy phone!,2,2025-09-26T18:23:02Z
2026-10-03,P057,v2,EGkGRs6YhoM,UgwQHkev64IUkbWfIiV4AaABAg,13:06 “why even tell me that just do the thing” made me laugh laugh,50,2024-08-21T19:06:59Z
2026-10-03,P057,v2,EGkGRs6YhoM,UgwoG-JtMqZE2U4aYgF4AaABAg,"@19:01 - ""Reimagine as handsome"" hahahahahaha that had me dead",113,2024-08-22T17:24:56Z
2026-10-03,P057,v2,EGkGRs6YhoM,UgxeqxAOqta-RpoZnoN4AaABAg,"not only the samsung, but also the IQOO 9 SE has that fingerprint reading capability when the display is completely off, I didnt think about it until you mentioned this in the video.",9,2024-08-23T15:03:10Z
2026-10-03,P057,v2,EGkGRs6YhoM,Ugw4k9IqWF7lMQ98MT94AaABAg,"00:05 Google Pixel 9/Pro phones bring new designs, specs, and features with some issues and higher price tags.
02:35 Google Pixel 9/Pro packs new Tensor G4 chip with enhanced AI capabilities.
04:41 Google Pixel 9/Pro has room for improvement in fast charging, design, and pricing
06:50 The Google Pixel 9/Pro camera leans towards a punchy look, ideal for social media sharing.
08:54 Google Pixel offers unique features enhancing user experience
10:57 Gemini assistant on Pixel 9 is rapidly improving and useful
13:20 Gemini extensions make Google Pixel 9/Pro highly functional in everyday tasks.
15:22 New AI features on Pixel 9: Useful, Meh, Gimmick
17:27 Google Pixel camera app offers unique features for photo editing
19:24 Google Pixel 9/Pro features a new feature called 'app' for organizing screenshots with added functionality.
21:17 Google Pixel 9/Pro offers impressive AI features and smart functionality.
23:10 Power bank with 250 watts total output and customizable charging priority.",11,2024-10-06T19:14:08Z
2026-10-03,P057,v2,EGkGRs6YhoM,UgwGz-ObP_XaMNK8QHd4AaABAg,"19:00 Marques, you're already handsome my boy. AI can't fix that 😂",91,2024-08-21T22:53:43Z
2026-10-03,P057,v2,EGkGRs6YhoM,UgwO9Ylwhczfm8lqRtl4AaABAg,My god that intro was so clean I was just in absolute awe.,52,2024-08-29T18:01:16Z
2026-10-03,P057,v2,EGkGRs6YhoM,UgzgYJ4IuyKNbIWyaHp4AaABAg,"Google Assistant = JARVIS
Gemini = Ultron",175,2024-08-22T08:41:43Z
2026-10-03,P057,v2,EGkGRs6YhoM,UgymihAT_JSkntAAlPB4AaABAg,"I’m thinking of getting this for my partner. His phone is pretty jank, and he is pretty anti-AI, so I appreciate you saying that the AI features are mostly optional. Nice video!",2,2024-10-24T01:43:41Z
2026-10-03,P057,v2,EGkGRs6YhoM,UgwPH_KnlVCJOpqedFh4AaABAg,your intros are consistently better and crispier than the product companies own marketing....,24,2024-08-23T02:19:19Z
2026-10-03,P057,v2,EGkGRs6YhoM,UgwSnhmEnoojSpy1w9t4AaABAg,"Honestly as a Chef I want them to keep working on the thermometer app haha, would be awesome to get reliable readings on the smoker and stuff.",19,2024-08-22T13:29:28Z
2026-10-03,P057,v2,EGkGRs6YhoM,Ugx0pSFmxeTU6x8iOP14AaABAg,"The screenshots app would actually be really useful, regardless of whether its integrated in google photos or not, specially for deleting all useless screenshots at once,",55,2024-08-22T05:19:20Z
2026-10-03,P057,v2,EGkGRs6YhoM,UgyL53ixtcWPIdJ2GjZ4AaABAg,bro you are a genius ....your studio is something else,1,2025-01-10T10:05:14Z
2026-10-03,P057,v2,EGkGRs6YhoM,UgwyI0b-2J9b1nmtZ_R4AaABAg,I hope you pay your editors enough...,445,2024-08-22T06:05:14Z
2026-10-03,P057,v2,EGkGRs6YhoM,UgymRWCRuD9Xk8MBuFZ4AaABAg,this intro is just INSANE,212,2024-08-21T17:05:47Z
2026-10-03,P057,v2,EGkGRs6YhoM,UgwaLS_D36BkI6-oQvx4AaABAg,I swear every intro marques and his team CONSTANTLY raise the bar for their intros 🙌🏽,43,2024-08-21T22:58:53Z
2026-10-03,P057,v2,EGkGRs6YhoM,UgzpXtHS7N5q6dU4-iV4AaABAg,"I have a Pixel 8 Pro. Personally I like a bigger screen size, but the thing is just so damn heavy. 

Before the Pixel 8 Pro, I had a Motorola Moto G86, in most ways a interior phone BUT it's just so damn light with its plastic body. 

I actually love plastic/polycarbonate bodies, they're light and they do the job.",3,2025-01-20T06:39:17Z
2026-10-03,P057,v2,EGkGRs6YhoM,UgzG9dQ-ufBqsBNa5s14AaABAg,The astro mode for the pixel 9 pro is out of this world. I managed to get a full picture of all the stars in the sky with no blur,5,2024-09-04T02:38:05Z
2026-10-03,P057,v2,EGkGRs6YhoM,Ugw8kGFonmXtbrRUzKB4AaABAg,The fact that they didnt bring back the baby blue is criminal,42,2024-08-23T05:01:02Z
2026-10-03,P057,v2,EGkGRs6YhoM,UgxClaN4qeP9O29yE-l4AaABAg,I really like the screenshots app feature as someone who takes thousands of screenshots per year for information sake. However i am surprised too that they didn't just add this to google photos.,5,2024-08-27T02:26:07Z
2026-10-03,P057,v2,EGkGRs6YhoM,UgwzjqXiJKgb1jmkDp54AaABAg,0:35 that music scared me ,3,2025-02-26T05:12:35Z
2026-10-03,P057,v2,EGkGRs6YhoM,UgzHx-7zVZoXVNpzhYF4AaABAg,"I don't even watch MKBHD for the devices, just to enjoy the aesthetics and quality of the review.",78,2024-08-21T18:35:14Z
2026-10-03,P057,v2,EGkGRs6YhoM,Ugy3X2SyXSQ779pmSah4AaABAg,"The mic button on the search bar is not google assistant, it's google search.",141,2024-08-23T23:13:54Z
2026-10-03,P057,v2,EGkGRs6YhoM,UgyR6_a_wLDHRUYBZWV4AaABAg,14:44 That’s wildddddd,9,2024-08-21T18:53:59Z
2026-10-03,P057,v2,EGkGRs6YhoM,UgyhOHGAJ9cBvdgLcpR4AaABAg,"I got myself the 9 pro recently mostly because i just love the overall pixel UI experience. My first pixel was the 4a, then the 6a, and for once, i wanted a high-end and premium-ish smartphone. After a few months with it, it's just making me want to stay with the google pixels until I'm either disappointed or if someone does it better than google. for now, i'm absolutely happy with it.",7,2025-03-12T01:49:47Z
2026-10-03,P057,v2,63EVXf_S4WQ,UgzLL95GKu0FzIaEnk54AaABAg,The keynote ain't even started properly yet and this madlad already dropped his impressions. Not every superhero wears a cape tho,13949,2024-08-13T17:05:19Z
2026-10-03,P057,v2,63EVXf_S4WQ,Ugww4vG0GJFY_37TJUt4AaABAg,The keynote ain't even started,15993,2024-08-13T17:01:30Z
2026-10-03,P057,v2,63EVXf_S4WQ,UgxsC1yjCPfqda6WJ7B4AaABAg,Who needs a Google event when you can just watch MKBHD,13301,2024-08-13T17:03:47Z
2026-10-03,P057,v2,63EVXf_S4WQ,Ugxo2ZmIXcpo982XRQh4AaABAg,That add me feature is pretty cool. I find myself having to take a group photo all the time. A gimmick we can actually use.,247,2024-08-16T16:20:03Z
2026-10-03,P057,v2,63EVXf_S4WQ,UgxDzvmiwB8Y-1kSNup4AaABAg,2:42 kudos to the pigeon for staying in the frame 👏,6876,2024-08-13T18:09:32Z
2026-10-03,P057,v2,63EVXf_S4WQ,UgxFab-BuY6Vnr-T2154AaABAg,The keynote can wait,5978,2024-08-13T17:04:07Z
2026-10-03,P057,v2,63EVXf_S4WQ,UgzzQV4dBnFb9V29cep4AaABAg,that fairly odd parents reference was awesome,86,2024-08-16T08:09:39Z
2026-10-03,P057,v2,63EVXf_S4WQ,UgwqGh_9QNxLytXPdpx4AaABAg,That group photo merge is fucking crazy.,1792,2024-08-13T22:14:03Z
2026-10-03,P057,v2,63EVXf_S4WQ,Ugx_rkBuqCw19gW9fOB4AaABAg,"*Google Keynote Starts*

MKBHD : So , I have been using this pixel 9 for a week now... and here are my thoughts",641,2024-08-13T17:07:57Z
2026-10-03,P057,v2,63EVXf_S4WQ,UgzLQov5LnSZBADHiVd4AaABAg,"“Cosmo and Wanda vibes” 😂

Fairly Odd Pixels?",920,2024-08-13T17:24:12Z
2026-10-03,P057,v2,63EVXf_S4WQ,UgyvHScRdj6AlasFYqd4AaABAg,I use iPhone and have tones of screenshots like thousand plus. Having a dedicated screenshot app like in new pixel would be game changing,67,2024-08-16T18:39:23Z
2026-10-03,P057,v2,63EVXf_S4WQ,UgzvAtLkow4QfOlA6TJ4AaABAg,Justice for our little froggy in the weather app! Bring him back!! 😭,567,2024-08-13T20:01:23Z
2026-10-03,P057,v2,63EVXf_S4WQ,UgwilRA4Fqbjddaf9Eh4AaABAg,"Watching the keynote ❌
Watching MKBHD ✅",402,2024-08-13T17:20:35Z
2026-10-03,P057,v2,63EVXf_S4WQ,UgxdJcGgrTT6ogkM5Eh4AaABAg,"That ""Add Me"" photo thing is fun. I can finally take pictures of random people and make it look like I have friends.",837,2024-08-13T20:39:49Z
2026-10-03,P057,v2,63EVXf_S4WQ,UgzzLE2r3HHfS-43vqZ4AaABAg,That ADD ME feature just blew my mind!!!,137,2024-08-13T17:20:21Z
2026-10-03,P057,v2,63EVXf_S4WQ,UgxrZHSDABwpAPAOzEZ4AaABAg,Would be nice if the full review included a segment on how usable the Gemini AI will be WITHOUT a subscription,7,2024-08-20T14:46:23Z
2026-10-03,P057,v2,63EVXf_S4WQ,UgxVBCpj3MvBuYR4D-t4AaABAg,"1:51 When he said ""Ok, Google has done it"" my Google Assistant turned on LMAO",1068,2024-08-13T18:08:30Z
2026-10-03,P057,v2,63EVXf_S4WQ,Ugyr8u4pQe93Gb0NF714AaABAg,That add me feature is kinda sick,580,2024-08-14T00:56:31Z
2026-10-03,P057,v2,63EVXf_S4WQ,Ugx3GptW-6ynQI4Sjh94AaABAg,"7:36 he has a good point when he says, ""What is a photo?"", if we can do all this then the definition of photo is no longer relevant.",951,2024-08-13T19:32:38Z
2026-10-03,P057,v2,63EVXf_S4WQ,UgzjmH4s4xdwgzZwXnB4AaABAg,That Camera bump tho. Needs one of those yellow & black warning strips around it.,24,2024-08-16T17:43:35Z
2026-10-03,P057,v2,63EVXf_S4WQ,Ugy-8rbvqRJQWLGlfX14AaABAg,9:45 is this for taking a picture of a kid? That's low-key genius,669,2024-08-13T18:38:50Z
2026-10-03,P057,v2,63EVXf_S4WQ,UgwStG9LpVZRZXiQHYB4AaABAg,"7:38 ""WHAT IS A PHOTO"" i think it is a title for a future episode.",221,2024-08-14T01:03:17Z
2026-10-03,P057,v2,63EVXf_S4WQ,UgzziznuxFHlfF37hZB4AaABAg,5:00 Marques casually searching for lawn mowers and the phone showed nothing then proceeds to show a pic of a lawnmower.,560,2024-08-15T15:08:28Z
2026-10-03,P057,v2,63EVXf_S4WQ,UgwtL17O7UXsjpiwaMd4AaABAg,2:00 look at that happy camera bump :),15,2024-08-16T12:47:55Z
2026-10-03,P057,v2,63EVXf_S4WQ,UgyY7Jg6b8ditmhjfsp4AaABAg,"That ""Add Me"" photo thing is pretty cool 👀",446,2024-08-13T17:40:00Z
2026-10-03,P057,v2,63EVXf_S4WQ,Ugx_Qr7KnOrh-0-nF7J4AaABAg,9:28 that's a camera continent.,55,2024-08-13T18:13:33Z
2026-10-03,P057,v2,63EVXf_S4WQ,UgwnU6oqV12e7aNqP-F4AaABAg,"1:53 Marques: ""Okay Google's done it""

Google Assistants in my home: ""Sorry, I didn't understand.""",288,2024-08-13T17:15:08Z
2026-10-03,P057,v2,63EVXf_S4WQ,UgzJz0VhiD_CKFmYBHl4AaABAg,Aint gonna lie these phones look SICK. Clean design,270,2024-08-13T19:50:39Z
2026-10-03,P057,v2,63EVXf_S4WQ,UgycOgESghnG6Tzkk1Z4AaABAg,11:22 lmao body score wtf,34,2024-08-13T17:32:40Z
2026-10-03,P057,v2,63EVXf_S4WQ,UgzXYZLmhRhB5LbJAGp4AaABAg,"Can we talk about the 9:43 cartoons on the display while taking pictures? Completely underrated! Anyone with a kid can tell you how difficult it is to get a toddler to watch in the right direction for a photo and this may not work everytime, but it would still help 😂",524,2024-08-14T06:17:29Z
2026-10-03,P057,v2,63EVXf_S4WQ,Ugy-zhRbMipvtVQeSUh4AaABAg,"Knowing the weather in Amsterdam is SUPER IMPORTANT so I'm glad for that featureee especially now with AI telling me I might need a raincoat, long sleeve, jacket, t-shirt, waterproof boots, etc.. 😂",3,2024-08-17T21:27:25Z
2026-10-03,P057,v2,63EVXf_S4WQ,Ugydp_W_BM0jgPqx-jF4AaABAg,Marques makes a video faster than I can process the fact that I'm awake.,250,2024-08-13T17:11:01Z
2026-10-03,P057,v2,63EVXf_S4WQ,UgyuTobstrcwiFVxw6J4AaABAg,6:28 this Add me feature is very cool!,80,2024-08-13T23:19:02Z
2026-10-03,P057,v2,63EVXf_S4WQ,Ugwff2bTWUCjtmjigRt4AaABAg,MKBHD delivering us info before the keynote even out 😂,348,2024-08-13T17:56:51Z
2026-10-03,P057,v2,63EVXf_S4WQ,UgwTT5_jaCjeNy9KM894AaABAg,Definitely want to see the Fold review. Im sufficiently intrigued.,1,2024-08-30T14:24:27Z
2026-10-03,P057,v2,63EVXf_S4WQ,UgxaOxgAgqFVmHi78VJ4AaABAg,7:37 im going to put myself next to Obama in his inauguration and scare everyone,216,2024-08-13T17:36:06Z
2026-10-03,P057,v2,63EVXf_S4WQ,UgzucnWvOtwLULIYS9h4AaABAg,Theres an interview where one of the engineers from Google explained why they went with the new camera design for the Fold. Its in German. He basically said that they want their phones to be symmetrical but the Fold is already asymmetrical so they believed it to fit the design language more,500,2024-08-13T23:45:15Z
2026-10-03,P057,v2,63EVXf_S4WQ,Ugx5DMmlqh9xIiHHk2Z4AaABAg,5:15 bro just ended the ai stuff by starting it 🤣🤣,139,2024-08-13T17:19:49Z
2026-10-03,P057,v2,63EVXf_S4WQ,UgzRjpCxv-r2dqQC0Gp4AaABAg,Just wanted to say how much I appreciate the Latin music intro.  ❤🎉,0,2024-08-19T20:22:16Z
2026-10-03,P057,v2,63EVXf_S4WQ,UgxsWy39vlfR1BOuWSh4AaABAg,"The ""Add me"" feature is bunkers. 
I love it",167,2024-08-13T19:27:30Z
2026-10-03,P057,v2,63EVXf_S4WQ,Ugy-HNGewXZTzB6RJgR4AaABAg,5:16 the lawn mower bit was devilish😂,340,2024-08-14T02:26:26Z
2026-10-03,P057,v2,63EVXf_S4WQ,Ugx_PR3Ba49QnwO6uxh4AaABAg,Screenshots app lowkey gonna be a lifesaver cos saving stuff from gallery to new folders is a hassle,301,2024-08-15T15:31:42Z
2026-10-03,P057,v2,63EVXf_S4WQ,Ugzc2btMBLeNrfFWOuB4AaABAg,i just keep coming back to check if we got the full video for fold 😂,2,2024-09-21T17:52:18Z
2026-10-03,P057,v2,63EVXf_S4WQ,UgxKclltgEBhlpZx72N4AaABAg,"Screenshots - for business use, I use it very frequently for things like tracking numbers, purchase order checking and approval, product information & images. This screenshot app looks like it will be very useful.",84,2024-08-14T08:02:46Z
2026-10-03,P057,v2,63EVXf_S4WQ,UgxdtGd0Kzf29n-_yHV4AaABAg,I'm sorry but two 100 dollar price hikes in 2 years on a phone that used to cost 600 dollars is just insane! One of the best reasons to buy Pixel phones was the value proposition. That's completely gone now!,937,2024-08-13T18:51:15Z
2026-10-03,P057,v2,63EVXf_S4WQ,UgzjinGPtes3KFQCGuJ4AaABAg,7:17 that's an insane feature ngl,292,2024-08-14T13:00:30Z
2026-10-03,P057,v2,63EVXf_S4WQ,UgzspEXIiX4E0dWbAOh4AaABAg,so far i’m just glad to have colour options other than black and white,0,2024-08-16T20:52:11Z
2026-10-03,P057,v2,63EVXf_S4WQ,UgxgQFrmbYPk6WWpcrJ4AaABAg,5:10 the 'lawn mower' AI fumble was hilarious,282,2024-08-13T18:24:38Z
2026-10-03,P057,v2,63EVXf_S4WQ,UgyGllzec_qi93hZz7p4AaABAg,3:07 Thank you for the comparison spec sheet!!!,44,2024-08-14T06:30:28Z
2026-10-03,P057,v2,63EVXf_S4WQ,UgzzWPM6XRgyO6lFBbx4AaABAg,the pixel 9 pro speaks to my heart. a top of the line android flagship in a small form factor.  beautiful,193,2024-08-14T01:19:50Z
2026-10-03,P057,v2,63EVXf_S4WQ,UgxaAxDOD5aT_yQAAxl4AaABAg,"I ordered the 9 Pro non-XL with similar to what you said: I don't want a giant phone, but I do want all the tech.  Too bad that I have to wait for September for it to ship, but it is what it is.",1,2024-08-16T12:09:40Z
2026-10-03,P057,v2,63EVXf_S4WQ,UgxJhZU4Ao4_kdgXao54AaABAg,"9:20 Come on. It looks phenomenal, I really like it. Am I the only one??",39,2024-08-13T21:52:34Z
2026-10-03,P057,v2,63EVXf_S4WQ,UgzdmbGtNAu3ekGKh-x4AaABAg,"-google embargo : you can upload at ...
-mkbhd : uploading",135,2024-08-13T17:14:48Z
2026-10-03,P057,v2,63EVXf_S4WQ,Ugx2VXFT5FXzlszhgnd4AaABAg,"That Screenshots app is actually really helpful. At least I hope it works in a way, that it doesn't blend screenshots with your photos, which is great, I really appreciate it. I hate how on iPhone, all your photos, memes you save from Facebook or whatever and all of your screenshots all blend together and there's no way to split them to be their own thing.",225,2024-08-13T21:42:59Z
2026-10-03,P057,v2,63EVXf_S4WQ,UgyVnlHMf5UftQm5a9x4AaABAg,"Are you going to post your review of the Google Pixel Buds Pro 2? I just got them and am very impressed. The noise cancellation is incredible, as is the sound quality.",1,2024-11-11T04:08:25Z
2026-10-03,P057,v2,63EVXf_S4WQ,UgwVMoi0HeXb84MkFhl4AaABAg,"ain't gon lie, the way Google made the cameras on the pixel 9s all 50main 48 Ultrawide megapixles is pretty smart. you just need to pick the one that suits your needs for the rest of the capabilities",34,2024-08-15T00:37:22Z
2026-10-03,P057,v2,63EVXf_S4WQ,Ugx27Pu24Qb6AYN4cs14AaABAg,Adding the person who takes the photo is a pretty sweet detail,108,2024-08-15T20:23:35Z
2026-10-03,P057,v2,63EVXf_S4WQ,UgyKEHN7zsJ_41b2-4B4AaABAg,"1:53 ""Ok, google has done it."" That turned on my google assistant haha",238,2024-08-14T03:34:33Z
2026-10-03,P057,v2,63EVXf_S4WQ,UgzKMyI1JoPufQ2Fg514AaABAg,excited for gemini talk in earbuds,1,2024-08-19T14:34:46Z
2026-10-03,P057,v2,63EVXf_S4WQ,Ugymx30lSQVz4-vi-ft4AaABAg,As a Samsung user I'm actually liking the Pixel line up this year. Good job Google 👏🏾👏🏾👏🏾,201,2024-08-14T10:00:14Z
2026-10-03,P057,v2,63EVXf_S4WQ,UgwHZvd__TQo6Rg5eLZ4AaABAg,Google search bar camera bump 😂. Well done !,29,2024-08-14T07:30:43Z
2026-10-03,P057,v2,63EVXf_S4WQ,UgwQfAHYzU68JZs7Frh4AaABAg,The design is really slick,22,2024-08-13T17:06:13Z
2026-10-03,P057,v2,63EVXf_S4WQ,Ugy-pmXcejGyvVBdsFp4AaABAg,"I have a Google Pixel Pro 7 and it's still awesome. I was going to get the 8 Pro and give this one to my sister to upgrade her old phone, but the 9 Pro XL is out, so I will be getting that in a while. No urgency, but maybe in a few months. I used to use that real popular protective case brand for all my phones for years, but earlier this year I got the dBrand case with black leather for my Pixel 7 Pro and my Samsung Galaxy S21 Ultra which still works great. I actually love these cases. Just as protective, but skimmer and more compact, the look and feel, and the case doesn't start deforming or deteriorating blue the rubber outer case of that other brand over time. I will definitely be getting the dBrand case and screen protectors when I get my Pixel 8 Pro XL.",10,2024-08-17T14:45:44Z
2026-10-03,P057,v2,63EVXf_S4WQ,UgyF_hihQyVM7DbI-wl4AaABAg,"""what is a photo?""  should be a motto",16,2024-08-13T22:49:15Z
2026-10-03,P057,v2,63EVXf_S4WQ,Ugyg6GMPtTl8Jd5ChO14AaABAg,"Omg, that screenshots app actually sounds amazing to me!! I screenshot soooooo much and then can never find it when I need it haha!",16,2024-08-14T21:08:42Z
2026-10-03,P057,v2,63EVXf_S4WQ,Ugwf7PXQVHAekcWd_bN4AaABAg,That  screenshot aap sounds honestly brilliant.,72,2024-08-13T18:53:52Z
2026-10-03,P057,v2,63EVXf_S4WQ,UgxYzJfcg0uQJh82lMd4AaABAg,"I am most interested in the camera performance, especially with the Fold. That they don't have the same cameras as the Pros for how much they cost seems bonkers.",1,2024-08-17T15:49:48Z
2026-10-03,P057,v2,63EVXf_S4WQ,UgwaKykcIRkBHlA52Kh4AaABAg,"I actually love the idea behind the screenshot app because I don't know how many times I've screenshot something with the injection of looking into that thing later, only to forget.",65,2024-08-14T03:49:10Z
2026-10-03,P057,v2,63EVXf_S4WQ,UgyMhYLUKZDx7Nt42514AaABAg,8:48 that subtle fade when opening the inner display is a great idea,16,2024-08-15T10:18:45Z
2026-10-03,P057,v2,63EVXf_S4WQ,UgyuL84Lce1JR7Za5bh4AaABAg,"""What is a picture?"" needs to be its own video.",40,2024-08-13T17:41:19Z
2026-10-03,P057,v2,63EVXf_S4WQ,UgxU0WVkXmlcGILqSih4AaABAg,"After a longggggg time, and 19.3 Million subs later, we have finally reached this point. Great job marques",0,2024-08-23T08:10:56Z
2026-10-03,P057,v2,63EVXf_S4WQ,Ugwn9rsdWurZjzaNdq54AaABAg,5:18 I love how you try to show AI features that don't even work x),8,2024-08-13T17:57:07Z
2026-10-03,P057,v2,63EVXf_S4WQ,UgzJUKMpJvOMKrUv_AB4AaABAg,Finally google pixel 9 is here 🔥,194,2024-08-13T17:01:00Z
2026-10-03,P057,v2,63EVXf_S4WQ,UgxyYi9EMcTmzdf5p5h4AaABAg,13:10  Marques breathing heavy after throwing that pixel 😂😅,27,2024-08-13T17:44:38Z
2026-10-03,P057,v2,63EVXf_S4WQ,Ugwz4066m335pKDNYNh4AaABAg,അടിപൊളി ലുക്ക് ♥️♥️♥️,1,2024-08-17T04:37:11Z
2026-10-03,P057,v2,63EVXf_S4WQ,UgzQXzwLYC9XPhxR_Gl4AaABAg,I can see Marques uploading video in the keynote live.,21,2024-08-13T17:09:01Z
2026-10-03,P057,v2,63EVXf_S4WQ,Ugz58yGKiKpTS51w2Hx4AaABAg,"Pixel Ai said *NO* I can't find *Lawn Mower* For you, when it's there in the screenshots 😂",186,2024-08-13T18:21:18Z
2026-10-03,P057,v2,63EVXf_S4WQ,UgyHi1gzpRjvDA_Xi2l4AaABAg,"I love the thinner uniform bezels on the pro models, except the camera bump that seems to be too big",328,2024-08-13T17:14:08Z
2026-10-03,P057,v2,63EVXf_S4WQ,Ugynih7rx2P7Tl_krfZ4AaABAg,Looking forward to the Fold review,0,2024-08-25T00:39:43Z
2026-10-03,P057,v2,63EVXf_S4WQ,Ugzo42DRgvoAPuIqe2V4AaABAg,"damn, the add me feature is impressive",8,2024-08-14T04:21:39Z
2026-10-03,P057,v2,63EVXf_S4WQ,UgydQBx2sb7HI8-_4I54AaABAg,The new editing and the overall theme is INSANE Marques you have the best team production on the market right now,6,2024-08-13T17:45:02Z
2026-10-03,P057,v2,63EVXf_S4WQ,UgzLAHIv95t-Okp0IzV4AaABAg,Ooh. Glad you really liked the new Pixel Fold hardware. Would love a deeper dive on the hardware from you and an overview of  split screen/ multitaking software.,36,2024-08-13T19:59:15Z
2026-10-03,P057,v2,63EVXf_S4WQ,UgwsMBx6FqluccAG_2N4AaABAg,You have a very good style in your presentation. Not many people have that and that will take you a long way,0,2024-08-25T20:44:12Z
2026-10-03,P057,v2,63EVXf_S4WQ,UgzbcJaIe06Q3PjxYrV4AaABAg,"The design of the old Pixels with the visor look really unique, which is nice to see with smartphones nowadays. I prefer the old ones tbh",333,2024-08-13T17:06:38Z
2026-10-03,P057,v2,63EVXf_S4WQ,UgwQKfWtgjR5_tx9bWB4AaABAg,That camera continent is sick,31,2024-08-13T23:09:30Z
2026-10-03,P057,v2,63EVXf_S4WQ,UgyCyJMNArI54vYXgwR4AaABAg,"""I.. I think they did it""

The way MKBHD says it feels like hes held hostage by Google",155,2024-08-13T17:02:26Z
2026-10-03,P057,v2,63EVXf_S4WQ,UgwzsuY1SmZrbNIBdVd4AaABAg,2:03 there's a smiley face... once you see it you can't unsee it!,120,2024-08-13T18:29:19Z
2026-10-03,P057,v2,63EVXf_S4WQ,UgxNI6e1qNwfiex9o8J4AaABAg,@mkbhd Things I want to see in review. Foldable - How does the innter screen handle very large detailed pdf plans. zooming and moving around. Buds - How are they for Google Meet calls,24,2024-08-14T22:06:15Z
2026-10-03,P057,v2,63EVXf_S4WQ,Ugwb9moBjNAVlMSiLAF4AaABAg,"Nice. Most wanted feature: the ability to have two languages for voice search, and automatic detection which one you're speaking. It would be a waste of resources to use AI for this, it would be more reliable with just two different assistant phrases. Typically it involves open hours and how do I get to store X while driving.",12,2024-08-14T13:47:06Z
2026-10-03,P057,v2,63EVXf_S4WQ,UgzbtEbBUAVz5fJSpYN4AaABAg,"2:30 I see pigeon, I like.",1,2024-08-16T17:01:56Z
2026-10-03,P057,v2,63EVXf_S4WQ,UgxZxpqVaERi7ATKJfN4AaABAg,"Is the little animation that plays on the outer screen at 9:45 for getting kids to look near the camera and smile? If so, that's genius.",85,2024-08-13T17:21:06Z
2026-10-03,P057,v2,63EVXf_S4WQ,UgzCp9_c-CUorLGUvBR4AaABAg,"the thing is  , will most of the features work outside the US ? some of the pixel 8 features like summarize , vpn and car key did not work anywhere outside the US which sucks",41,2024-08-13T21:26:47Z
2026-10-03,P057,v2,63EVXf_S4WQ,UgxAdgWzpDqK0e-cxIZ4AaABAg,I didn’t even know there was a pixel event until MKBHD dropped this video.,40,2024-08-14T02:50:46Z
2026-10-03,P057,v2,63EVXf_S4WQ,Ugz-Tc6Fb_OKs-FP7v14AaABAg,"Thank you for doing first impressions and in depth reviews!
I'm looking forward to the pixel 9 and the buds myself :)",0,2024-08-16T10:39:59Z
2026-10-03,P057,v2,63EVXf_S4WQ,Ugwp5lQMhTIHQ7EPU_Z4AaABAg,"You could see the win from last year, this year it just got better ✨️✨️✨️✨️✨️",8,2024-08-13T17:02:19Z
2026-10-03,P057,v2,63EVXf_S4WQ,UgzGsZggjuxWe3sj0V94AaABAg,Excited to see the hardware and battery life in the reviews.,9,2024-08-14T11:01:55Z
2026-10-03,P057,v2,63EVXf_S4WQ,UgxLfZdEufwGbe1p4Al4AaABAg,Is nobody going to talk about the salsa that Marques used for background music?😂,9,2024-08-13T18:51:32Z
2026-10-03,P057,v2,63EVXf_S4WQ,Ugwnx6EraKRP-JYHWMV4AaABAg,CANNOT wait for the full Fold review once you can have it for an extended period of time,0,2024-08-19T04:17:39Z
2026-10-03,P057,v2,63EVXf_S4WQ,UgzNFLWp68SrVV8lz0h4AaABAg,bro taking photos of that pigeon like it was a model lmao,2,2025-06-08T23:06:31Z
2026-10-03,P057,v2,63EVXf_S4WQ,Ugz3_XEnkvuVL73fUax4AaABAg,Finally all major android phones have even bezels!,10,2024-08-13T17:30:02Z
2026-10-03,P057,v2,6J1C2nlmB8Y,Ugy8f54xNrc17XvXlQJ4AaABAg,"Google kita irundhu varala, agency kita irundhu vandhuruku",791,2025-04-21T10:53:40Z
2026-10-03,P057,v2,6J1C2nlmB8Y,UgxNN7W2dXkh5N_eygF4AaABAg,23W Fast Charging ah 😅,678,2025-04-21T03:07:26Z
2026-10-03,P057,v2,6J1C2nlmB8Y,Ugx06alDQyu_fHRZIuV4AaABAg,Mendum katta paiya😂😂😂,108,2025-04-21T14:56:39Z
2026-10-03,P057,v2,6J1C2nlmB8Y,Ugzt5QBKaKijdO8SEmp4AaABAg,Sir thaan Mr.HonestRaj. He came out of TechBoss that he doesn't want affiliate videos. But now he is big time in promotions. What a team of honest people,124,2025-04-21T14:01:20Z
2026-10-03,P057,v2,6J1C2nlmB8Y,UgzRVcBJyOKzMivdjc54AaABAg,இதுலேந்து என்ன தெரியுது... அடுத்தவன ஏமாத்தி ஓத்து சம்பாரிச்சா தான் முன்னேற முடியும்.. வாத்தா என்னென்ன உருட்ட பொறானோ,227,2025-04-21T05:14:24Z
2026-10-03,P057,v2,6J1C2nlmB8Y,UgykQ9VZmyzqV0JJk4Z4AaABAg,Innum ah da ivana indha ulagam nambidhu?,286,2025-04-21T03:02:53Z
2026-10-03,P057,v2,6J1C2nlmB8Y,UgyxgE3SYezVca_NfRF4AaABAg,நீல கட்டப்பை🥲,47,2025-04-21T07:06:13Z
2026-10-03,P057,v2,6J1C2nlmB8Y,UgxSu7yZ540vbXCQdmJ4AaABAg,Bro one ui7 pathi video podunga bro please 😢😢😢,17,2025-04-21T02:21:40Z
2026-10-03,P057,v2,6J1C2nlmB8Y,UgwerlJhhIH9RKULlZB4AaABAg,பை பார்த்தாலே மஞ்ச பை தான் ஞாபகம் வருது 😂😂😂,5,2026-02-27T04:01:10Z
2026-10-03,P057,v2,6J1C2nlmB8Y,UgwGDo2QaeqgtYtgGvd4AaABAg,Nee inu thirundhalaya da 😂😂,11,2025-04-23T16:09:17Z
2026-10-03,P057,v2,6J1C2nlmB8Y,UgzDgZYjPNF8t8zetz94AaABAg,❤❤❤ ஆனா போன் தாரேன் சொன்னீங்களே தரலையா எனக்கு எழுத தெரியாது  கீவே  தரலையா❤❤,4,2025-04-21T14:52:14Z
2026-10-03,P057,v2,6J1C2nlmB8Y,UgyudVcd72mdydQf0ZF4AaABAg,"Sorry bro, tech boss channel nenachu paarthutten!",32,2025-04-21T03:59:33Z
2026-10-03,P057,v2,6J1C2nlmB8Y,UgyTW6MnJq8maeIucK54AaABAg,"Video editing nalla iruku.... Starting la irundhu voice poitae iruku.... Middle la video kum voice sink aagudhu...at the same time features hum explain pandra apo ..... Video correct ha sink aagudhu......
Nice Editing ❤🎉🎉🎉🎉",0,2025-06-05T05:17:42Z
2026-10-03,P057,v2,6J1C2nlmB8Y,UgwH-lOYcsm7FQzpqxx4AaABAg,Hangover part 1 alan oda purse mathiri irruku😂🎉,2,2025-04-22T01:50:40Z
2026-10-03,P057,v2,6J1C2nlmB8Y,UgwJen-0ScAr7KWCjzt4AaABAg,super bro finally you got review unit  all the best bro,2,2025-04-21T02:32:48Z
2026-10-03,P057,v2,6J1C2nlmB8Y,UgwXsoMdjutkuZAD9J94AaABAg,"Bro after reviewing the product , what will do with product ( giveaway or sale)",1,2026-03-19T13:23:56Z
2026-10-03,P057,v2,6J1C2nlmB8Y,Ugz5tfIv1CToma5Naq94AaABAg,Yes bro I need about one ui 7 features,2,2025-04-22T10:05:17Z
2026-10-03,P057,v2,6J1C2nlmB8Y,Ugzm1i51rUyQeZh6iDx4AaABAg,நல்லா கோடியில புரளுகிறது  உங்க கம்பெனி,5,2025-04-21T16:02:01Z
2026-10-03,P057,v2,6J1C2nlmB8Y,UgxbPq_Mcpe_EjRne7l4AaABAg,5100 periya battery ya 😂 sponcer,26,2025-11-23T15:31:28Z
2026-10-03,P057,v2,6J1C2nlmB8Y,Ugwn_QtfQMe6kP90s2x4AaABAg,கோடியில் புரளும் tach super star ⭐⭐🎉🎉🎉🎉🎉🎉🎉❤❤❤❤❤❤❤,42,2025-04-21T06:41:21Z
2026-10-03,P057,v2,6J1C2nlmB8Y,Ugxwdt8Pzq42Ygf0ldp4AaABAg,Chenna Bezel super review 😅,2,2025-04-21T11:33:14Z
2026-10-03,P057,v2,6J1C2nlmB8Y,Ugz66RlpVfwJMHy90X54AaABAg,Full Review panunga bro,2,2025-04-21T02:55:21Z
2026-10-03,P057,v2,6J1C2nlmB8Y,UgzwyvWLzLsmq24QMHR4AaABAg,Superstar's style ❌ aarif mind voice style ✅,0,2025-10-26T10:15:20Z
2026-10-03,P057,v2,6J1C2nlmB8Y,UgzKfzfgjysFYWWB35F4AaABAg,சுதர்சன் அண்ணா சங்குட ui 7 பற்றி ஒரு வீடியோ போடுங்க தினசரி ஏதாவது ஒரு வீடியோ போடுங்க அண்ணா நான் உங்கள் ஆரம்ப காலத்துல இருந்து ஒரு ரசிகன் i am srilankan ❤,5,2025-04-21T03:12:02Z
2026-10-03,P057,v2,6J1C2nlmB8Y,UgxRVQWZKApGvxM-Zrl4AaABAg,"Bro i need video about one ui 7 
Features",2,2025-04-26T11:03:17Z
2026-10-03,P057,v2,6J1C2nlmB8Y,UgxSzrXdLEi-JmeajHF4AaABAg,"Welcome Pixel team. For this 50K price, you should have given the 65W charger. If you are concerned about battery life at least you should have gone for 30W",0,2025-04-22T17:01:27Z
2026-10-03,P057,v2,6J1C2nlmB8Y,Ugxq0Cxx-YlOpy_dVwF4AaABAg,"Nalla irukku ❤❤, Giveaway la enakku kudunga na",12,2025-04-21T03:14:53Z
2026-10-03,P057,v2,6J1C2nlmB8Y,Ugx_F6cexGGZkFncZIR4AaABAg,Yenna bro s23fe la fast charging and charging seriya aagala nu authorized service la keta water moisture nala board short aagirukum idhu warranty la cover aagadhu nu soldranga waterproof nu solli dhan advertise pandranga incase na thanni la um podala,0,2025-04-21T15:30:56Z
2026-10-03,P057,v2,6J1C2nlmB8Y,Ugxh1N-_tzGHJ68snUJ4AaABAg,Congratulations bro🎉🎉🎉🥳🥳,0,2025-04-21T19:30:34Z
2026-10-03,P057,v2,6J1C2nlmB8Y,UgwAD6viaI_D4XCk7fh4AaABAg,"கோடிகளில் புரளும் டெக் சூப்பர் ஸ்டார்
😂😂😂",1,2025-07-01T12:50:29Z
2026-10-03,P057,v2,6J1C2nlmB8Y,UgxYkh8JbG67nJldk8B4AaABAg,Pola kiruka ❤,2,2025-04-23T16:04:11Z
2026-10-03,P057,v2,6J1C2nlmB8Y,Ugy_3UHPSr83TazltCN4AaABAg,Bro best compact smartphone sollunga under 6inch which is recent year launched mobile and 5+ years updates,0,2026-02-09T18:39:27Z
2026-10-03,P057,v2,6J1C2nlmB8Y,Ugz2tuJVZ4UJYh6J6IV4AaABAg,Bro side la patha i phone Mari irriku😅,1,2025-04-21T05:25:28Z
2026-10-03,P057,v2,6J1C2nlmB8Y,UgwGrOT2SM7GIGEtw4x4AaABAg,Bro himalayan 450 long time review podunga please 🙏,1,2025-04-21T15:14:03Z
2026-10-03,P057,v2,6J1C2nlmB8Y,Ugx7m7mBoIfJA1sQc7Z4AaABAg,Google Light 😅,1,2025-04-27T12:47:17Z
2026-10-03,P057,v2,6J1C2nlmB8Y,UgzN9BOE75T8I6bOb8p4AaABAg,Worthu bro ❤,1,2025-04-21T10:42:57Z
2026-10-03,P057,v2,6J1C2nlmB8Y,UgxaSu_m4vMDDoJ8_Fh4AaABAg,❤ please giveaway anna❤,0,2025-04-21T02:24:14Z
2026-10-03,P057,v2,6J1C2nlmB8Y,Ugy-mgYRyiBZEGhNIt94AaABAg,Call of duty + genshin impact mass bro,0,2025-05-18T08:31:50Z
2026-10-03,P057,v2,6J1C2nlmB8Y,Ugy9a548ssXPyJcNyal4AaABAg,Bro mini phone pathi eathavathu podunga,0,2026-02-26T16:15:16Z
2026-10-03,P057,v2,6J1C2nlmB8Y,UgxacKTBFGwuIPj20pN4AaABAg,Bro students use ku best laptop budget friendlya solluinga bro,0,2025-04-22T10:33:46Z
2026-10-03,P057,v2,6J1C2nlmB8Y,UgxLdRSXMiN5Iv7nR2t4AaABAg,Samsung Galaxy f06 5g  video  podunka pro❤🎉,1,2026-01-21T03:18:22Z
2026-10-03,P057,v2,6J1C2nlmB8Y,UgyGozcYqGUduqkuLHt4AaABAg,Bro one ui 7 pathi video poduga pls i,1,2025-04-21T17:29:56Z
2026-10-03,P057,v2,6J1C2nlmB8Y,UgwWsTx2rO3Zul56Mb54AaABAg,Enna bro TV news la varinga pola 😅 enna Case ahh 😅,0,2025-07-06T09:45:52Z
2026-10-03,P057,v2,6J1C2nlmB8Y,UgwiYrdn6HyActt9p3F4AaABAg,Studio tour bro,1,2025-04-21T04:09:41Z
2026-10-03,P057,v2,6J1C2nlmB8Y,Ugzmrj269mlFx6dBpcx4AaABAg,Redmi 15C ya 50 mp and 12gb rame 6000mah erukku athe price rombe kurreyvu,1,2026-05-03T15:38:59Z
2026-10-03,P057,v2,6J1C2nlmB8Y,UgzxhKjddfuMRj_A_px4AaABAg,Kirchik kirchik 😂❤,0,2025-04-21T02:54:49Z
2026-10-03,P057,v2,6J1C2nlmB8Y,UgxwWCXBcF5D8gLvrJx4AaABAg,Bro oppo A6 pathi video poduga,0,2026-06-09T03:42:28Z
2026-10-03,P057,v2,6J1C2nlmB8Y,UgxgulLdIb6EsJBNbf94AaABAg,Price 😅😅😅😅😅 but MOBILE ❤❤❤,9,2025-04-21T02:30:50Z
2026-10-03,P057,v2,6J1C2nlmB8Y,UgzprP4SrJN-8tyJjo54AaABAg,Motorola edge 60 stylus review pls,1,2025-04-21T07:41:38Z
2026-10-03,P057,v2,6J1C2nlmB8Y,Ugzx4uqGh9VvpdCLGUt4AaABAg,Bro unboxing make as u're u're old style bro,0,2025-04-22T15:59:12Z
2026-10-03,P057,v2,6J1C2nlmB8Y,UgxinVQ5zlmAXzFJWT94AaABAg,Ipa vara ella phn iphone shape la thana Iruku ....😂but nala Iruku,0,2025-04-22T13:25:14Z
2026-10-03,P057,v2,6J1C2nlmB8Y,Ugx-Xi10dGfWvNTLCrJ4AaABAg,23w should be called a slow charger. 50k is reasonable. But spec? Let us see.,0,2025-04-28T23:29:04Z
2026-10-03,P057,v2,6J1C2nlmB8Y,UgxBHqLfBTsu1KSGLZd4AaABAg,Bro honor 400 pro ku review podunga,0,2025-12-26T12:45:37Z
2026-10-03,P057,v2,6J1C2nlmB8Y,Ugy0-Ico7RYHVXHqg_x4AaABAg,Bro mudinja Sony xperia 1 mark 5 vangi video podunga pls. I am your big fan❤❤❤❤❤❤❤❤,0,2025-05-09T16:23:33Z
2026-10-03,P057,v2,6J1C2nlmB8Y,UgxnHBd6PizmfQcbcGh4AaABAg,Aavangale kudduthanga Apa ok Bro 😂😂,0,2025-04-24T20:08:52Z
2026-10-03,P057,v2,6J1C2nlmB8Y,UgxymHcgi_DXoQRSaCB4AaABAg,Haii broo❤,0,2025-04-21T02:21:26Z
2026-10-03,P057,v2,6J1C2nlmB8Y,UgyXfGU37dcQXwsjIud4AaABAg,Anna please do lower products for one room,0,2025-04-23T15:29:21Z
2026-10-03,P057,v2,6J1C2nlmB8Y,UgzfQcEOwW_VWpb4lHZ4AaABAg,"Price konjam kami aha launch panirukalm 
Below 35k ku vandha consider panirukalm🙂",0,2025-04-21T04:59:33Z
2026-10-03,P057,v2,6J1C2nlmB8Y,Ugxj8w7jf5CNgJHEogB4AaABAg,Bro some people think the bresels as cute with pink phone,0,2026-06-18T02:38:51Z
2026-10-03,P057,v2,6J1C2nlmB8Y,UgwWaNWWmvdnoAPUNXV4AaABAg,Agency review?,1,2025-04-22T02:37:35Z
2026-10-03,P057,v2,6J1C2nlmB8Y,UgxX4CKDMKkbLVBq2Mp4AaABAg,Bro review oppo reno 14plus please 😊,0,2026-01-20T17:30:48Z
2026-10-03,P057,v2,6J1C2nlmB8Y,UgyC0dIvrzQOkGUzu0J4AaABAg,நான் கடந்த ஒரு வருடங்களாக கூகுள் 6a போனை உபயோகப்படுத்திக் கொண்டுள்ளேன் மிகவும் நன்றாக உள்ளது..UI and camera nice 👍,0,2025-05-12T12:30:26Z
2026-10-03,P057,v2,6J1C2nlmB8Y,Ugyh-Am1TvD1u2cXo1B4AaABAg,Honest review😂,0,2025-10-26T15:53:14Z
2026-10-03,P057,v2,6J1C2nlmB8Y,UgwunHzYbN6Xm_jvdUl4AaABAg,Anything morethan 15k is worth as most of them use and throw type.,0,2025-10-31T02:55:28Z
2026-10-03,P057,v2,6J1C2nlmB8Y,UgxGWN3SzjxlAgwnCXx4AaABAg,பைக் எங்க இருந்து ஆட்டைய போட்ட,1,2025-04-21T07:22:01Z
2026-10-03,P057,v2,6J1C2nlmB8Y,UgzYlslE9PcpvTr0wVF4AaABAg,Bro oppo A6x Patti  sollunga bro,1,2026-05-04T08:37:55Z
2026-10-03,P057,v2,6J1C2nlmB8Y,UgzJ-wgIOPSS6TRwoZR4AaABAg,Broo 25000 la best 5 phone solluga please,1,2026-07-10T15:56:36Z
2026-10-03,P057,v2,6J1C2nlmB8Y,Ugz6IbFWak4dEa_brmZ4AaABAg,அட போங்கடா ஆப்பு வச்சதுதான் மிச்சம்,0,2025-06-21T01:05:54Z
2026-10-03,P057,v2,6J1C2nlmB8Y,UgzZ9_R2RfgecyQeqyx4AaABAg,"I don't know why I loved you so much, maybe u r name, because I had a friend on u r name. But unfortunately he's no more now. That's not only s reason u r like by the neighborhood person...❤",0,2026-01-23T17:19:10Z
2026-10-03,P057,v2,6J1C2nlmB8Y,UgwBxmmHsqjN_rzfLb54AaABAg,Script correct aah padikkiringale brow spr full ah nalla script Kody thru irukkangA nxt ithode full video script yeppo varuthu,0,2025-04-21T19:30:05Z
2026-10-03,P057,v2,6J1C2nlmB8Y,Ugz9v08QhEsFA8FlgJR4AaABAg,"Exactly, bezel is simply irritating, decided not to buy",0,2026-02-09T15:35:20Z
2026-10-03,P057,v2,6J1C2nlmB8Y,Ugwg3L_8B-Y5HfoPpTN4AaABAg,Dei 23W fast charging ah? Dubakur,0,2025-05-17T15:57:42Z
2026-10-03,P057,v2,6J1C2nlmB8Y,UgwyeMOzqTUW8-xz5EV4AaABAg,Price.....😮,1,2025-04-21T02:42:11Z
2026-10-03,P057,v2,6J1C2nlmB8Y,UgzPFKTfeCegGUL7EQN4AaABAg,"Anna orru reply kudu inga pls , pixel 9a pink colour la india la available aa irruka ilaiya nu pls solluinga na",0,2025-10-08T15:23:52Z
2026-10-03,P057,v2,6J1C2nlmB8Y,UgxY8Btg9TkNwwoIDxt4AaABAg,Xiaomi 30w outdoor blutooth speaker review pls,0,2025-05-05T15:46:55Z
2026-10-03,P057,v2,6J1C2nlmB8Y,UgzAl0nH1RNEW5szf-h4AaABAg,Xiaomi 15 review podunga bro,0,2025-04-26T16:44:10Z
2026-10-03,P057,v2,6J1C2nlmB8Y,Ugyken5xI3sewW-Wn9B4AaABAg,Bro unga office la yathachi vela iruntha kodunga bro,0,2025-05-02T03:03:45Z
2026-10-03,P057,v2,6J1C2nlmB8Y,UgzpOajebkffL-VCkcl4AaABAg,Charger enga vanguvinga online la charger  varathu orginala 😂😂😂😂😂,0,2025-09-01T16:10:05Z
2026-10-03,P057,v2,6J1C2nlmB8Y,UgyybR6UA00D2jmlciF4AaABAg,Pixel 10a review bro,0,2026-08-27T16:34:06Z
2026-10-03,P057,v2,6J1C2nlmB8Y,Ugydv2syMCq-PUnObEp4AaABAg,Bro Samsung Galaxy Buds 3 Pro video podunga,0,2025-04-24T15:20:24Z
2026-10-03,P057,v2,6J1C2nlmB8Y,Ugz8C2I-eHAjSSS4-6d4AaABAg,அது என்னனு தெரியல இந்த மோரானை பார்த்தால் ஒரே எரிச்சலா இருக்கு,0,2025-04-27T14:25:29Z
2026-10-03,P057,v2,6J1C2nlmB8Y,Ugy2qV4EsCllry1zxnh4AaABAg,Koovaratha niratha maata la😅,0,2025-05-08T10:47:45Z
2026-10-03,P057,v2,6J1C2nlmB8Y,UgxAZszg8Fzue45Tex94AaABAg,45k iruntha nalla price 🎉🎉,0,2025-04-21T02:51:30Z
2026-10-03,P057,v2,6J1C2nlmB8Y,UgwmfEeT5u1zczuAzwh4AaABAg,Anna neenga panakara youtuber please vertu mobile vaangi owner ship review podunga,0,2026-06-04T18:10:08Z
2026-10-03,P057,v2,6J1C2nlmB8Y,UgwrSGz5QIWxyDpe9xt4AaABAg,Kasu vangitu review soldratha iruntha peeeya Kuda pizza nu solluvanga 😂,0,2026-07-12T03:59:06Z
2026-10-03,P057,v2,6J1C2nlmB8Y,UgykhhDh6ePx10umc8Z4AaABAg,"Ne ennatha kuduthalum tensor kudutha athu ellathayum waste aakidum,first tensor ah thoora veesitu snapdragon kita apo thaan urupaduva",0,2025-04-22T14:37:56Z
2026-10-03,P057,v2,6J1C2nlmB8Y,Ugyi3AGnfsgVGrlf6Yd4AaABAg,Anne honor 90 5g ah review pannuringala,0,2025-04-22T06:29:28Z
2026-10-03,P057,v2,6J1C2nlmB8Y,UgyjDZ863-Z76PR1JQZ4AaABAg,Periya battery nu sollitu 5100 mah nu sonnan paarunha 🤬,1,2025-04-23T16:54:40Z
2026-10-03,P057,v2,6J1C2nlmB8Y,UgyGNtX8cFKW8aEnwy94AaABAg,Bro 2025 under 50k best camara and worth mobile l video podunga now April,0,2025-04-29T14:20:06Z
2026-10-03,P057,v2,6J1C2nlmB8Y,UgzttRedv5uUNNNGIL94AaABAg,Pro cmf phone 2 pro review podunga pro pls❤❤❤,0,2025-05-04T16:02:09Z
2026-10-03,P057,v2,6J1C2nlmB8Y,Ugy5mvb_k9vtFk4qtR54AaABAg,Google ta cutting. Sooper,0,2025-06-13T07:50:33Z
2026-10-03,P057,v2,6J1C2nlmB8Y,UgwU8dlM6uM_1r7D7lx4AaABAg,pixel 8 ku 9 design paravailla super,0,2025-04-24T14:12:18Z
2026-10-03,P057,v2,6J1C2nlmB8Y,Ugxoc878bWEu7gZyEdt4AaABAg,What to do if driving licence is lost pls post video on this,0,2025-04-22T18:10:08Z
2026-10-03,P057,v2,6J1C2nlmB8Y,Ugy9_HlxFh9Rn0tsgqx4AaABAg,Brow himalayan 450 riview podunga,0,2025-04-22T20:30:14Z
2026-10-03,P057,v2,6J1C2nlmB8Y,Ugzhf7HbOqM-rt5XhW94AaABAg,Bro I am❤ first like and first 🥇 comment😂,1,2025-04-21T02:21:37Z
2026-10-03,P057,v2,6J1C2nlmB8Y,UgztCMI3zMUClQzCzrh4AaABAg,correcta sollunga.. Google crome browser la irunthu thana vanthuchi?😂😊,0,2025-04-22T13:18:46Z
2026-10-03,P057,v2,6J1C2nlmB8Y,UgzFjKZUp_R0239X1YJ4AaABAg,Vaada nee innum thirunthalaya 😂,0,2025-04-23T19:06:53Z
2026-10-03,P057,v2,6J1C2nlmB8Y,Ugyla9nr9l-Mgwjd3Wd4AaABAg,Bro who many phone do you have,0,2025-09-02T16:33:18Z
2026-10-03,P057,v2,6J1C2nlmB8Y,UgzKew1Cj-8I1HoPmD14AaABAg,Bro game play panalama,0,2025-04-21T16:50:44Z
2026-10-03,P057,v2,6J1C2nlmB8Y,UgxLNbXupdxCjcf2jIh4AaABAg,Bro moto edge 60 fusion review it,0,2025-04-27T18:45:41Z
2026-10-03,P057,v2,9AZ1GjWEgWk,UgwflvSDl-miVv3Ltfl4AaABAg,Trust me guys... Pixel 9 is very good phone ..u would love it ..,620,2024-10-29T13:12:03Z
2026-10-03,P057,v2,9AZ1GjWEgWk,UgyfflJbQPRCfxIv8FJ4AaABAg,Pixel looks Awesome 😍,52,2024-10-03T15:11:55Z
2026-10-03,P057,v2,9AZ1GjWEgWk,Ugx6qqs2phwZoHd-ng14AaABAg,"If pixel changes the processor ,i dont find any reason to buy iPhone,i shifted from pixel 7 to iPhone 14 and i miss pixel",211,2024-11-16T17:06:41Z
2026-10-03,P057,v2,9AZ1GjWEgWk,Ugy68L0NidP_csk333V4AaABAg,Pixel should start rethinking about going back to snapdragon.. just because of tensor they loose many pixel fans,11,2025-12-24T20:53:14Z
2026-10-03,P057,v2,9AZ1GjWEgWk,UgwHj5mYQfwgQau6r0Z4AaABAg,If Apple and Samsung had a baby.,358,2024-10-03T17:54:07Z
2026-10-03,P057,v2,9AZ1GjWEgWk,UgxwF7P1s1Y87BcGMw54AaABAg,Google Pixel has a dreamy design,5,2025-05-25T14:42:12Z
2026-10-03,P057,v2,9AZ1GjWEgWk,UgxetyoWNVAJHV9PgrV4AaABAg,"he little bit looks like ""The Kurta Guy""",43,2024-09-03T15:11:14Z
2026-10-03,P057,v2,9AZ1GjWEgWk,UgyNdRCM-T_E2TTL2jh4AaABAg,I ditched iphone after 12 years for pixel 9,14,2024-11-22T18:07:27Z
2026-10-03,P057,v2,9AZ1GjWEgWk,UgxbV9JG4wL4voQAc4x4AaABAg,If only Pixel came with a Snapdragon 😔,4,2025-09-17T07:11:23Z
2026-10-03,P057,v2,9AZ1GjWEgWk,UgxH7TqPJfxRd4V97bZ4AaABAg,We need Pixels with snapdragon 💫,0,2025-09-15T17:34:07Z
2026-10-03,P057,v2,9AZ1GjWEgWk,UgyYZOrxGCHfFuHYLQJ4AaABAg,Is it worth upgrading from OnePlus 11R to Google pixel 9 ?,1,2025-09-19T06:18:43Z
2026-10-03,P057,v2,9AZ1GjWEgWk,UgzW2988Ni-vM12yfVJ4AaABAg,I ❤❤❤❤ Google and my Google Photos date back as far as the YEAR 2023 ONLY,0,2024-12-24T19:34:20Z
2026-10-03,P057,v2,9AZ1GjWEgWk,UgxobIuaub4Cu7CuI7V4AaABAg,If you weren't giving any information then why this short???,24,2025-02-15T06:32:33Z
2026-10-03,P057,v2,9AZ1GjWEgWk,UgzDrYTxl0NajPZdePB4AaABAg,Most people around the World 🌎🌍🌎🌍🌎 who have an iPhone have photos dating back as far as the YEAR 2023 ONLY,1,2024-12-24T19:34:52Z
2026-10-03,P057,v2,9AZ1GjWEgWk,Ugy3Vp2VK6DaSle3fU54AaABAg,Pixel 9 is nice guys am using it.. it's much better than iphone,40,2025-02-13T06:08:06Z
2026-10-03,P057,v2,9AZ1GjWEgWk,UgxaJaLJfHzj9vfeagB4AaABAg,How you changed the sides of the phone too golden,0,2025-01-25T07:26:25Z
2026-10-03,P057,v2,9AZ1GjWEgWk,Ugwayqg-PTzuZFmOYTx4AaABAg,Pixel name is after pixel on screen. Does anyone know why screen is black. Black is the result of no light. There is lite on screen but still black. Does anyone know it happens why???,0,2025-03-28T15:05:31Z
2026-10-03,P057,v2,9AZ1GjWEgWk,Ugy-aoo_vuqACqdWd6p4AaABAg,"Pixel : camera, display 
Iphone : battery, performance",45,2024-11-04T10:02:23Z
2026-10-03,P057,v2,9AZ1GjWEgWk,Ugwp7ek2O6jEBf-7mCJ4AaABAg,Pixel 9 look modern,1,2025-05-29T03:33:15Z
2026-10-03,P057,v2,9AZ1GjWEgWk,UgxNhSSQ3tYIt4_QpMN4AaABAg,"same same, but different!",0,2025-06-21T12:22:31Z
2026-10-03,P057,v2,9AZ1GjWEgWk,UgwLFsC4kSyQWym0UZp4AaABAg,Pixel 9 is an amazing phone. Been using it from 1 year,0,2026-08-12T08:26:34Z
2026-10-03,P057,v2,9AZ1GjWEgWk,UgxWZ4npwS4YKuiXG4R4AaABAg,If photo quality you want pixel is best no doubt,0,2025-09-30T02:39:51Z
2026-10-03,P057,v2,9AZ1GjWEgWk,UgyiiGqyi7sVxK9ltvd4AaABAg,They feel same bcoz google straight up copied apple,1,2024-12-29T12:06:41Z
2026-10-03,P057,v2,9AZ1GjWEgWk,UgwgeqfvFnJVMYnX5wx4AaABAg,Google have call recorder ?,0,2025-10-23T14:51:19Z
2026-10-03,P057,v2,9AZ1GjWEgWk,UgztJMvSHzXaIE7S4ft4AaABAg,Then also google supports more iPhone rather than its mobile 😂,0,2025-03-10T16:15:15Z
2026-10-03,P057,v2,9AZ1GjWEgWk,UgwqlDgMq1TxZey-k1l4AaABAg,I have heating issue in pixel what is the solution,0,2025-08-07T09:43:40Z
2026-10-03,P057,v2,9AZ1GjWEgWk,Ugzlv0ll1GeoXpdV6gN4AaABAg,Brother please fix your accent,1,2025-04-23T17:24:47Z
2026-10-03,P057,v2,9AZ1GjWEgWk,UgxfaPBEIOpnh_k-k3V4AaABAg,I saw suddenly you're mouth Battery life spitting 😂😂,0,2026-03-20T10:22:25Z
2026-10-03,P057,v2,9AZ1GjWEgWk,UgxwdyX7OQRwTnXvc7J4AaABAg,Good,0,2025-03-18T11:12:19Z
2026-10-03,P057,v2,9AZ1GjWEgWk,Ugw2iqaWT27B5Gxi18h4AaABAg,What will you do after making your video? Maybe send one to us😂,0,2025-05-17T10:49:56Z
2026-10-03,P057,v2,9AZ1GjWEgWk,Ugws3x8LCxlxsaBmP4x4AaABAg,Worst mobile network issues,1,2025-10-06T15:31:40Z
2026-10-03,P057,v2,9AZ1GjWEgWk,UgxVGGTAWyCI1yCGGTp4AaABAg,Apple rakho bss 50 wala,0,2025-10-08T21:08:17Z
2026-10-03,P057,v2,9AZ1GjWEgWk,Ugzg0TDseND9CleRWNJ4AaABAg,"Pixel simple 
awesome.😍",0,2026-09-23T10:16:53Z
2026-10-03,P057,v2,9AZ1GjWEgWk,UgxWHse8HdJk60jA9aB4AaABAg,All i hear is irndian,0,2025-05-03T09:35:30Z
2026-10-03,P057,v2,9AZ1GjWEgWk,UgwLP0-CvzWL3z_vIst4AaABAg,Pixel 9 is love ❤,1,2025-11-07T16:55:49Z
2026-10-03,P057,v2,9AZ1GjWEgWk,UgwDoxAbJgBePq7x7oR4AaABAg,Kabar kahaw.  Aixww,0,2025-12-08T11:15:34Z
2026-10-03,P057,v2,9AZ1GjWEgWk,UgyPiySAQFC7pYqwJ2J4AaABAg,"Iphone 17 air os the x
Copy of pixel",0,2025-09-14T16:51:25Z
2026-10-03,P057,v2,9AZ1GjWEgWk,UgxLqHVSn2CGwxUIKgR4AaABAg,"Google 
Pixel 9 
the best 
Phone.👍",3,2025-02-03T13:02:16Z
2026-10-03,P057,v2,9AZ1GjWEgWk,UgwvA_iEwRiYZQAwQDV4AaABAg,Hindi नाही aati,0,2025-10-11T11:03:37Z
2026-10-03,P057,v2,9AZ1GjWEgWk,UgyklRcZA3q0FhoQy314AaABAg,Google pixel 9 vs i phone 16,0,2025-07-31T19:13:07Z
2026-10-03,P057,v2,9AZ1GjWEgWk,Ugwm6jhVK9-blQamN_J4AaABAg,Pixel 9 tatti h,0,2025-10-08T21:08:05Z
2026-10-03,P057,v2,9AZ1GjWEgWk,Ugxzdkk0tLgcm4sYwY14AaABAg,Google  is bad,1,2024-11-29T00:39:15Z
2026-10-03,P057,v2,ZldY-2HR3-M,Ugy_ZcmnlY1NVdw6Vpt4AaABAg,Is this a dealbreaker of you🤔 SUBSCRIBE if you like tech content!,188,2024-12-10T15:30:50Z
2026-10-03,P057,v2,ZldY-2HR3-M,Ugy6hd_cbqyFMo3QncV4AaABAg,Buying a phone based on the benchmark is the dumbest thing you can do in 2024,4914,2024-12-16T07:21:35Z
2026-10-03,P057,v2,ZldY-2HR3-M,UgznoYuJeLZZReppHR14AaABAg,"It's not a problem with the Pixel 9, It is YOUR problem with the Pixel 9.",2471,2024-12-28T15:45:57Z
2026-10-03,P057,v2,ZldY-2HR3-M,Ugy--upbCGbQZoF453x4AaABAg,"Most of people do not need that fast processor, they need a good camera, phone that stands out in crowd and durable casing. 80% users simply scroll reels and watch utube and click photos only",1643,2024-12-13T04:31:41Z
2026-10-03,P057,v2,ZldY-2HR3-M,UgzRUVprEl0JKN1fhJZ4AaABAg,People wants their phones to be as fast as the Quantum computers now.,1063,2024-12-11T18:05:37Z
2026-10-03,P057,v2,ZldY-2HR3-M,Ugx4d7ApQKYbFu5LRPh4AaABAg,"Pixel is not marketed as a gaming phone but its chip is made for software and AI



Edit:I just got a new iPhone for the first and the notifications are going crazy thx tho",1458,2024-12-10T17:39:59Z
2026-10-03,P057,v2,ZldY-2HR3-M,UgzoMhKbr-QAmDY79gF4AaABAg,How fast does your phone need to be watch YouTube and use social media apps,579,2024-12-16T19:38:57Z
2026-10-03,P057,v2,ZldY-2HR3-M,Ugz0rNwBprKC9jPCadJ4AaABAg,Benchmark is not a deal breaker nowadays every phone is fast enough,83,2024-12-14T10:44:29Z
2026-10-03,P057,v2,ZldY-2HR3-M,UgxB1gLn4mt3s0CgJD14AaABAg,only if pixel 9 had a fast cpu,299,2024-12-10T15:38:19Z
2026-10-03,P057,v2,ZldY-2HR3-M,Ugz-cvNwhKyZeD-HjFB4AaABAg,"iPhone score 8300 pixel score 4500 , while for daily usage anything above 2000 is absolutely usable and there is no practical difference between the two.",166,2024-12-13T23:39:07Z
2026-10-03,P057,v2,ZldY-2HR3-M,Ugz8dOP69kKmtlo-SYN4AaABAg,i think that looking for gaming in a pixel is like looking for camera in rog phone,59,2024-12-15T21:22:07Z
2026-10-03,P057,v2,ZldY-2HR3-M,UgxE71WU5ZCk5BuXnPp4AaABAg,"I have a pixel 5, still snappy to this day. Looking to upgrade to a pixel 8. Point is, benchmarks don't matter",30,2025-01-26T05:13:21Z
2026-10-03,P057,v2,ZldY-2HR3-M,UgwJDjVVtQDhI7AcS1h4AaABAg,"Who the hell are these people, buy phones by comparing scores 😂",21,2025-02-21T06:33:59Z
2026-10-03,P057,v2,ZldY-2HR3-M,Ugwb1yMhCbt2NPXWREp4AaABAg,On paper vs actual use is the thing people really need to talk about when saying “but bench marks” because a bench mark isn’t gonna equate to actual use scenarios. I have a pixel 8 and a 15pro max. Whether its daily tasks or gaming they feel exactly the same 😅(obvious excluding the fact that the 15pro models and 16pros have native support for ported triple A titles that even the s24ultra doesn’t). But unless you’re actually pushing your phone to its max limit you’re never gonna notice a tangible difference— especially if it’s just daily tasks. A bench mark is just a bench mark not a real use case scenario.,70,2024-12-12T17:09:41Z
2026-10-03,P057,v2,ZldY-2HR3-M,Ugyhz2XPanAl68uhlD54AaABAg,"I switched to GP9XL and couldn't be happier with my decision, Gemini its awesome and the phone its blazing fast. I don't do gaming on my phone",13,2025-02-23T12:33:26Z
2026-10-03,P057,v2,ZldY-2HR3-M,Ugzs9GRhJ7Ltx3qWdTV4AaABAg,I will never understand how people game voluntarily on a phone 😂,10,2025-03-31T14:57:34Z
2026-10-03,P057,v2,ZldY-2HR3-M,UgxujvamSggy4SotT2N4AaABAg,"And now we've officially come full circle... ”this processor is slow, but just doesn't feel slow because of good software integration"" was Apple's whole engineering philosophy for 30 years!",11,2024-12-15T08:20:13Z
2026-10-03,P057,v2,ZldY-2HR3-M,Ugzj485CwM3O1FflpQt4AaABAg,"Wow what a huge problem! 👀

Writing this from my Pixel 9 btw, absolutely love this phone, got rid of the absolutely boring iPhone 15 and I'm not going back. 🤘🏻",57,2025-01-12T17:16:56Z
2026-10-03,P057,v2,ZldY-2HR3-M,UgwYF2V3MsCicEMkrSh4AaABAg,"I think as a die hard pixel fan, we all have agreed to it slowness and hope Google work on that, but we've accepted it like that also 😅 as the smartest smart phone and we love it like that",18,2024-12-12T21:07:36Z
2026-10-03,P057,v2,ZldY-2HR3-M,UgwNU-szhbILClMCV5Z4AaABAg,Which normal daily User needs those high Benchmark Scores anyway😂,8,2025-01-02T23:13:30Z
2026-10-03,P057,v2,ZldY-2HR3-M,UgxUhVSHJtOG1EyzvtF4AaABAg,That's how Apple rips you off for something you don't use,7,2025-08-05T07:52:30Z
2026-10-03,P057,v2,ZldY-2HR3-M,UgwJkRCGVxEms3a8Xwl4AaABAg,Gemini AI makes Apple Intelligence look like a 3rd grader,40,2025-02-22T20:02:40Z
2026-10-03,P057,v2,ZldY-2HR3-M,UgzQu1I_nXJnbJgDiQ54AaABAg,I mean gaming on it isnt bad too the only problem you can see coming is after a while when games will have better graphics like in a few years you can start having problems,13,2024-12-10T20:16:14Z
2026-10-03,P057,v2,ZldY-2HR3-M,Ugxn41H9RSMDqReKZmd4AaABAg,Coming from my s21... It's faster it's closer to s22 -23 speed.... But the real issue is the weight it is heavier thicker and wider than a 3 yr old phone,10,2024-12-12T01:02:32Z
2026-10-03,P057,v2,ZldY-2HR3-M,UgyikPEvI3Etp1ZrjIB4AaABAg,"A good, well rounded Video that is kept short with enough information. Finally",0,2024-12-18T00:59:30Z
2026-10-03,P057,v2,ZldY-2HR3-M,UgyrNq8qXOpPFsykNmN4AaABAg,Average consumer probably won't even notice.,3,2024-12-13T03:43:06Z
2026-10-03,P057,v2,ZldY-2HR3-M,UgwbtnCzyQeGHVFyQIh4AaABAg,Bought a pixel 9. Transferred from iOS. Every time i loaded a photo. It would always take an extra 1.5 seconds to load properly. On device storage was too slow for a flagship phone.,2,2025-02-02T17:50:11Z
2026-10-03,P057,v2,ZldY-2HR3-M,Ugzf5IXQVJ-TD3MjXzF4AaABAg,remind me how much is iPhone and how much is Pixel? And which one has 60Hz screen? Thanks,38,2025-01-17T21:11:34Z
2026-10-03,P057,v2,ZldY-2HR3-M,UgzTjgmRQGH53PRxFLB4AaABAg,What benchmarking app would be good for my iPhone 11. Most benchmarking apps don’t show my clock speed or gpu stats,1,2024-12-11T22:12:06Z
2026-10-03,P057,v2,ZldY-2HR3-M,UgyZ5CK85t3wKbl1CUt4AaABAg,Good explanation ❤❤,3,2024-12-11T17:36:39Z
2026-10-03,P057,v2,ZldY-2HR3-M,UgzNltdQT8EM5MuCaQ14AaABAg,"If the roles were reverssed everyone would be laughing at iphones, but now everyone’s like nobody needs to be that fast😅",2,2024-12-14T09:20:16Z
2026-10-03,P057,v2,ZldY-2HR3-M,UgweQV1gWtrRiPHwUhN4AaABAg,I still love my pixel 9. The phone is so smooth,24,2024-12-10T15:52:30Z
2026-10-03,P057,v2,ZldY-2HR3-M,UgwQ0CyPjYNDlKtsjBd4AaABAg,"Google processor is very optimized for software and ai things for photos and videos, also it's not market as a gaming phone but still can play heavy games without problems",1,2025-01-15T12:44:54Z
2026-10-03,P057,v2,ZldY-2HR3-M,UgyHMbRzgZHp-EABnw94AaABAg,Have you considered the cost difference in these devices?,0,2024-12-18T14:28:05Z
2026-10-03,P057,v2,ZldY-2HR3-M,Ugxu4M6udYcFTk3VJMF4AaABAg,"Pixel 9 was never intended for gaming of any kind, it was meant for mainly its ai assistant",4,2024-12-12T02:45:15Z
2026-10-03,P057,v2,ZldY-2HR3-M,UgxB27jRWO6VKtQZkFV4AaABAg,u cant even notice the speed without benchmark,1,2025-11-15T06:14:41Z
2026-10-03,P057,v2,ZldY-2HR3-M,UgxeafvfDZjb1QeBzzt4AaABAg,"I hate how Google purposefully makes these SoC trash in their Pixel lineup. I don't care if you don't ""notice"" the sluggish performance, I don't want that slow performance in such an expensive device, especially when its not future proof and things like video editing lag the phone to death lol. Also you can buy a phone for far cheaper that performs like 3x as fast as a Google Pixel. Google doesn't seem to care about performance but they should start caring.",56,2024-12-10T19:22:58Z
2026-10-03,P057,v2,ZldY-2HR3-M,UgwHCmCyuKhuAHKjwOR4AaABAg,Which phone do you use?,0,2024-12-10T19:36:03Z
2026-10-03,P057,v2,ZldY-2HR3-M,UgwKqhVysw2z1ZtGJHF4AaABAg,"Pixel is a good phone as a common user, don't try to degrade just because you're a fan of iPhone",5,2025-07-11T20:57:27Z
2026-10-03,P057,v2,ZldY-2HR3-M,Ugz5EeIBLI5JX3RoXzp4AaABAg,Bro might be the chillest person ever,0,2026-08-19T21:41:35Z
2026-10-03,P057,v2,ZldY-2HR3-M,UgxVSjrL3FIIQLsthVd4AaABAg,"As a gamer y’all should really tone the fuck down when it comes to the pixel. The main reason why the pixel is so good is because its the best phone for working. Amazing software + google apps and workspace + AI features + Amazing camera + adaptive battery is what separates this phone from the others. What makes it even better that it is consistent, reliable, and battery efficient when it comes to its features, all thanks to the G4 tensor. Not only that but also the processor isn’t even that bad. Play on reasonable settings like medium graphics and high fps if you want a smooth and long lasting gameplay, but if you want the max experience and the best touch sampling rate and refresh rate chances are you are a gamer, if thats the case play on a redmagic instead.",23,2024-12-26T07:35:23Z
2026-10-03,P057,v2,ZldY-2HR3-M,Ugw1xO_gT-Wz2aAPKnB4AaABAg,Bro looks like Tim cooks grandson,0,2024-12-11T19:21:10Z
2026-10-03,P057,v2,ZldY-2HR3-M,Ugx_H2DPKrShfkCVk7d4AaABAg,This youtuber always love iphone or ios why are you always saying android phones had big problems? This video need to be report.,8,2024-12-14T01:16:00Z
2026-10-03,P057,v2,ZldY-2HR3-M,Ugx0eTyWPUIRLY9nLeh4AaABAg,"you can game just fine on that phone, the difference only shows when doing something that is harder to run like exporting hundreds of photos at once",0,2025-04-28T01:57:05Z
2026-10-03,P057,v2,ZldY-2HR3-M,UgwVwWWdzoJnAbHT2jN4AaABAg,"What the comments are forgetting is that these phones are priced the same. Longevity is the biggest reason why it’s better to have a faster phone, so when you’re paying the same for a half as good chip you’re getting half the longevity. 

It is true, however, that the iPhone 16 is the worst iPhone in a long time",4,2025-01-28T12:49:33Z
2026-10-03,P057,v2,ZldY-2HR3-M,UgxwxXvrQST6G4Bxlw14AaABAg,Can you please compare the Sony Xperia 1 VI with these three phones???,0,2025-01-14T18:00:44Z
2026-10-03,P057,v2,ZldY-2HR3-M,Ugxno3oZrhwtG9Ah_q54AaABAg,Faster cpu would make the phone better,5,2024-12-11T18:41:23Z
2026-10-03,P057,v2,ZldY-2HR3-M,Ugx1OYqt5fHOqLimxHx4AaABAg,What website do you use for the benchmark,0,2025-05-07T14:28:04Z
2026-10-03,P057,v2,ZldY-2HR3-M,UgwFyGAUZLjuPXpv3Dl4AaABAg,I think you make the best tech videos!🎉,10,2024-12-10T16:09:09Z
2026-10-03,P057,v2,ZldY-2HR3-M,UgynzvZfRoUXLl-QcBN4AaABAg,I like the green theme used on his pixel.  Anyone know where to get it?,0,2025-06-06T13:26:32Z
2026-10-03,P057,v2,ZldY-2HR3-M,UgzGds3hL40wUtB7AqR4AaABAg,"If you are a hardcore mobile gamer, you will not get a Pixel phone; if you want a phone that can do anything else with amazing AI and photo editing, that's the one I would recommend",3,2025-01-14T20:27:45Z
2026-10-03,P057,v2,ZldY-2HR3-M,UgwWwHc9PPVR-nCqD3x4AaABAg,Can you make square icons on Pixel without any additional apps? Just in settings?,0,2025-06-26T12:59:12Z
2026-10-03,P057,v2,ZldY-2HR3-M,UgweluEiRqJlOaxcH_t4AaABAg,"Here’s the problem. 
And this addresses some of the other comments. 

No, buying/choosing a phone purely based on benchmark scores shouldn’t be the sole reason to skip or pick it. But it can and should be a contributing factor on some level (even if it’s just a little)

The other issue is that due to the lower performance, it DEFINITELY impacts gaming on a mobile platform and this is speaking from someone who has both the 9 PXL and the 16 Pro Max. 

With the lack of performance that could also elude to a lack of efficiency. And  in this case, that’s exactly the problem. Does and can any phone heat up or over heat ? Sure! But what does it take to reach those high thermal levels? 
Since using the 16PM, the phone has only reached very warm temperatures ONCE. 
With the 9ProXL, it happened very frequently and was guaranteed to happen a couple times a week. Now, I expect, to some degree, that this will be addressed with the switch to TSMC from Samsung architecture.

And with that, thermal issues impact battery health and longevity. Internally, Google has a larger battery, by over 300 mAh - but from my day to day usage it lasts nowhere NEAR the 16PM. For example. I can use the Pixel on the same schedule as the iPhone and at around 5pm, my battery on the pixel could be at 20-30%. And the IPhone would still be rocking at 50-60% (sometimes even 70). And this is with similar usage on both phones. I’m not babying the iPhone. In fact I can use the iPhone more and it still wouldn’t drain as fast. 

So what he’s saying in the video is something I agree with. If you’re not a power user or heavy in to gaming, maybe the pixel will do okay, but even on some basic tasks and what not, Google still hasn’t solved the thermal problem and again - much of that is on Samsung’s table. And I would definitely recommend either the Galaxy or the iPhone. 
(For the record, for newbs; why would I recommend a Galaxy if Samsung can’t handle the thermals? Because, at least in the states, Samsung uses Qualcomm, not Exynos or other in-house fabrications. And because of that, they don’t experience thermal issues or battery consumption problems to the degree that Pixels currently do. 

And by the way, I’m not here to bash Pixels. I actually like these phones. But you can’t ignore the realities. 

In closing - you have to remember that Apple has been integrating custom processors on their iPhones for years and have had their fair share of generation processors that were stove-top sizzlers. Same with Qualcomm and their Snapdragons. But both companies have continued to develop and refine those issues. Google has only been in the game for the past few years and I don’t expect all the problems will go away in the 10th gens, but i do expect to see some sort of improvements with efficiency and thermals.",5,2025-02-24T20:20:52Z
2026-10-03,P057,v2,ZldY-2HR3-M,UgwZV02-ZhyVIhTpkBd4AaABAg,I think for most users the issue would be the battery life - which is definitely suboptimal compared to its competitors.,0,2025-01-20T09:52:35Z
2026-10-03,P057,v2,ZldY-2HR3-M,UgwsDqtfIPN3v6phEUR4AaABAg,"I used to have cheap phones with crappy CPUs when i was a teenager, around ten years ago.

 Then i earned some money and i bought powerful phones with the lastest an top CPUs from snapdragon at that time. I realized i dont need a ton of power for 99% of tasks i do with my phone, i just need optimization, stability, powerful software, cameras and a great screen. Pixel 9 offers all that.",5,2024-12-23T22:10:23Z
2026-10-03,P057,v2,ZldY-2HR3-M,UgzG9PZWJAFP5LAkTUB4AaABAg,"I have Pixel 9 Pro. it has a huge problem with video, when you record video on motion it has bad stabilization, and sometimes the picture just freezes a bit. However, it has a good quality night video recording",0,2025-01-14T11:39:43Z
2026-10-03,P057,v2,ZldY-2HR3-M,UgzE6cgQlMCJWMoUN4p4AaABAg,So basically the pixel is a better phone,21,2025-01-19T11:42:41Z
2026-10-03,P057,v2,ZldY-2HR3-M,UgwthPZCOrK_zMmYFlt4AaABAg,Isn't the tensor g4 similar to the snpdgn 8 gn2/gn3? And those chips were considered lightning quick not too long ago. So if you're not gaming it's all good.,0,2025-02-02T22:22:24Z
2026-10-03,P057,v2,ZldY-2HR3-M,UgzCp7_QHmCnJDRZOpp4AaABAg,"I have the 9 pixel pro xl and the only thing that really annoys me is that when I swipe down to use my calculator it doesn't work and is grey, then I have to swipe off,swipe back on then it works and loads. Seems to be the only thing I've noticed in the few months I've had ut",0,2025-04-12T10:55:09Z
2026-10-03,P057,v2,ZldY-2HR3-M,Ugy9c9cAOAmeN6r-Csd4AaABAg,"It's about the feeling, not to show to your friends the benchmark",0,2024-12-26T01:15:04Z
2026-10-03,P057,v2,ZldY-2HR3-M,UgzU8DMBv9Aiq9JzySh4AaABAg,"I get pixel 9 today.Why is that sound-volume so low?Had Motorola Edge 40 before and it was much louder then Pixel 9.
I tried everything in the settings but the sound is the same.
And the phone is out off the box.
It's really quiet i don't know why.

Disappointment",1,2025-01-27T20:23:11Z
2026-10-03,P057,v2,ZldY-2HR3-M,UgwzZsvMgCGpkhxTss54AaABAg,"I love the pixel for just normal tasks like photos, videos & Social apps.",1,2025-02-06T13:47:59Z
2026-10-03,P057,v2,ZldY-2HR3-M,Ugy-CuOMIyqBRdfp5FJ4AaABAg,Dude what google pixel phone I should buy if I want to test google pixel features,0,2025-07-15T11:02:52Z
2026-10-03,P057,v2,ZldY-2HR3-M,UgxfDOed2wdEvcIc9bF4AaABAg,"Was JUST in the T-Mobile store yesterday, thinking of upgrading my 15PM I use for the channel. I use it in conjunction with an M1 MBA. I think this is useful information. And in me typing this very comment. I realized something...

I WILL JUST PLAY IT SAFE AND GET THE 16PM and an M3/4 MBA. As it is well-balanced, has a great ecosystem ( I utilize AirDrop by sending files and images edited on the 15PM to MBA daily). Helps the channel greatly. 

So THANK YOU SO MUCH for this great video.",0,2025-02-13T09:48:47Z
2026-10-03,P057,v2,ZldY-2HR3-M,Ugw87C6CLEGfpAOd7hF4AaABAg,"I think at that price point just buy a gaming console, or a steam deck you will save alot more for alot more performance and better gaming experience",1,2024-12-30T19:39:10Z
2026-10-03,P057,v2,ZldY-2HR3-M,Ugzzo4PZZamoLViFkBt4AaABAg,"Love my pixel 9 pro xl. Upgraded from a 4a so it's a massive jump up in performance. I only use it for photos and day to day tasks, camera is amazing.",0,2024-12-25T16:26:28Z
2026-10-03,P057,v2,ZldY-2HR3-M,UgyRVio-nk8t-iqRIWR4AaABAg,Ive been a gamer all my life and i learned that benchmarks are only numbers and can be misleading. After all the pixel 9 has shown in actual trsts that its on par with the other phones who have highwr benchnarks😊,1,2025-01-08T23:25:28Z
2026-10-03,P057,v2,ZldY-2HR3-M,UgxdMfFEgLjGKpKwsSh4AaABAg,You should talk more about the NPU,0,2025-04-04T15:20:57Z
2026-10-03,P057,v2,ZldY-2HR3-M,UgyPGkpfCnvCk5LgbCV4AaABAg,Yeah but the irl differences are negligible as of now. That may change with its longevity tho.,0,2025-01-26T16:18:42Z
2026-10-03,P057,v2,ZldY-2HR3-M,UgzNd2uOI7YWIJFJaQx4AaABAg,We don't have any  lightning fast requirements on a day today usage,0,2025-01-01T11:24:56Z
2026-10-03,P057,v2,ZldY-2HR3-M,Ugx2pQU-aWStF-WsgdN4AaABAg,He iphone employee 😂,1,2025-02-26T12:52:30Z
2026-10-03,P057,v2,ZldY-2HR3-M,Ugz9Evx6rZcwg2OacNh4AaABAg,Price is different too,0,2024-12-19T03:35:23Z
2026-10-03,P057,v2,ZldY-2HR3-M,UgxhAILLtdUdm1Hxxzd4AaABAg,What are other activities besides gaming that require high performance?,0,2025-05-27T02:18:57Z
2026-10-03,P057,v2,ZldY-2HR3-M,Ugz7I68ns1rjqakk_m54AaABAg,If an operating system like stock android is optimized you dont need the fastest processor. Apple doesnt need it as well but it allows them to say they upgraded it every year.,0,2025-03-21T02:01:29Z
2026-10-03,P057,v2,ZldY-2HR3-M,UgxJd1ueBMpzGgMfxkF4AaABAg,This is like comparing a Nissan GTR to a Dodge Charger simply based on horsepower.,0,2025-01-06T07:43:08Z
2026-10-03,P057,v2,ZldY-2HR3-M,Ugz5ZS-9Yy_74ceVnWt4AaABAg,What game can utilize CPU and GPU power?,0,2025-01-20T06:43:15Z
2026-10-03,P057,v2,ZldY-2HR3-M,UgxZBq3EoZLfey35miF4AaABAg,Lets wait for pixel 10. It will even overcome this issue with TSMC 3nm processor....,0,2024-12-18T19:24:15Z
2026-10-03,P057,v2,ZldY-2HR3-M,UgxevTY5yVsWtWyI7wh4AaABAg,"The pixel can handle games pretty well, we keep hearing we are gonna get high demanding games but the market of mobike gaming is still stuck with small rpg games and arcade games the only time we had good games was in the 2010s era",0,2025-01-14T23:50:00Z
2026-10-03,P057,v2,ZldY-2HR3-M,UgxJj-4otf7d6_P4NJl4AaABAg,"I am using a Pixel 9 Pro for gaming also, and it works just fine. Never had any problems or slow downs with it.",1,2025-01-09T10:26:57Z
2026-10-03,P057,v2,ZldY-2HR3-M,UgxLrlzjeskgp6glzjx4AaABAg,"Hi guys,
I just got a pixel 9 and all I can say is,I love love it",1,2026-06-01T08:57:01Z
2026-10-03,P057,v2,ZldY-2HR3-M,UgxjTWaH7JSqEISvX5d4AaABAg,"I use my Pixel + some straightforward video and image editing apps very extensively (so much so, I just ordered the Pixel 9 Pro XL today, to upgrade). The Pixels wouldn't be known as gaming phones, no - but my Pixel has been an absolute godsend. It's been more than good enough to take shots for my newspaper, its images have impressed the pro photographers I work with, and it's been perfectly decent for making photography books with. Its zoom isn't amazing - but in every other way, it trumps my now unused Canon camera. Samsung and Apple also make excellent phones too, each with their own strengths and weaknesses - but you're hardly getting treated badly with a Pixel, not least as its proprietary software is also a strength.",0,2024-12-30T22:11:57Z
2026-10-03,P057,v2,ZldY-2HR3-M,UgzFkENqBTSFKqCQkh14AaABAg,I can deal with all this but the heating issue is the real deal breaker !,0,2024-12-20T22:36:55Z
2026-10-03,P057,v2,ZldY-2HR3-M,UgwwfyJ1W5UaNSTbqfR4AaABAg,Good job 👍,0,2026-02-05T09:11:28Z
2026-10-03,P057,v2,ZldY-2HR3-M,UgwhhJjvku8Ju_jjqZx4AaABAg,Did I hear gaming ? 😂,1,2025-01-30T07:15:47Z
2026-10-03,P057,v2,ZldY-2HR3-M,UgwjEQyZk_QsDiPpctV4AaABAg,"The point being, if you’re paying for a flagship phone it should come with flagship level hardware. It also will decrease the longevity of the device. Apple for example slows down their devices over time to preserve battery life. If your device wasn’t that fast to begin with then it will do pretty bad at reduced clocks. Not to mention if your phone already doesn’t keep up now, it likely won’t keep up very well with future technology either",1,2025-01-26T23:53:45Z
2026-10-03,P057,v2,ZldY-2HR3-M,UgxQEtBd1ZVPaq7QIet4AaABAg,"Once google's contract with samsung ends, i think they will collab with qualcomm to make snapdragon for pixel",0,2024-12-11T08:37:45Z
2026-10-03,P057,v2,ZldY-2HR3-M,UgzeLMetYrG3P6WZVqt4AaABAg,"The last time I wanted an Apple product for Christmas to use for gaming was about 10 years ago with the iPod Touch. Instead, I got a Microsoft Lumia and had to play some Clash of Clans knockoff...",0,2025-01-24T13:02:09Z
2026-10-03,P057,v2,ZldY-2HR3-M,UgySQhPe9iYqmEEawnx4AaABAg,"Had the Pixel 9 for a bit and loved the camera, but yeah… the heating issue is real. I ended up throwing a Gadgetshieldz skin on it, mostly for grip, and at least it made holding the warm phone a bit more comfortable.",0,2025-09-24T05:15:38Z
2026-10-03,P057,v2,ZldY-2HR3-M,Ugy3OVAabf7Z-5Xchup4AaABAg,Does specs make it best???,0,2025-07-28T04:15:34Z
2026-10-03,P057,v2,ZldY-2HR3-M,UgwZSODUJlXExr5ITv94AaABAg,This is my fav phobe but its almost the sam eprice as the iPhone 16 idk which one to buy,0,2025-03-07T16:41:08Z
2026-10-03,P057,v2,ZldY-2HR3-M,UgxIxs0tJtmF1gPsURh4AaABAg,What are thermals like for these phones? I always wonder,0,2025-07-23T12:07:23Z
2026-10-03,P057,v2,ZldY-2HR3-M,Ugza6TayWQ8_mS9imAh4AaABAg,Google clearly stated it that their phones are not gaming phones but for day-to-day users. Then why do people play games on a 6.2 inch smartphones?,0,2025-01-04T16:02:31Z
2026-10-03,P057,v2,ZldY-2HR3-M,UgyeTqT-6ASDN1HvIeF4AaABAg,"I'm not a camera user but sometimes I love to click photos and videos, so can I go with op 13...",0,2025-10-02T07:53:08Z
2026-10-03,P057,v2,ZldY-2HR3-M,UgypFzwDv0PsQp6xMnZ4AaABAg,editing video would be an isssue?,0,2025-01-02T23:20:35Z
2026-10-03,P057,v2,ZldY-2HR3-M,UgyKk9Hr078r0k9C4Rp4AaABAg,"I want pixel 9 just to everyday use like Sosmed, I have S22U for productivity",0,2026-02-08T15:00:06Z
2026-10-03,P057,v2,ZldY-2HR3-M,Ugy3-0kp2crYhdmT6KF4AaABAg,price difference?,0,2024-12-30T14:24:06Z
2026-10-03,P057,v2,ZldY-2HR3-M,UgxLWiKvGgJQBs9vvH94AaABAg,"I always like pixel been with the 2xl then the pixel 5, last year before upgrading the S23 already cought my eye but I wanted to wait for pixel 8 so I waited for it but in the end I got the S23, same CPU reason comparing tensor G3 to SD 8 Gen2 is not close.",0,2024-12-15T10:56:14Z
2026-10-03,P057,v2,ZldY-2HR3-M,Ugw7DXQm9Id4L8fuv8d4AaABAg,It won't allow me to click the X sometimes in top corner on fb,0,2025-09-02T18:29:00Z
2026-10-03,P057,v2,ZldY-2HR3-M,Ugw6IE0O1c0oUT4Ud054AaABAg,POV: apple sponsored,1,2025-01-18T04:54:52Z
2026-10-03,P057,v2,ZldY-2HR3-M,Ugx3W3E-nQDKlqIxrmV4AaABAg,"I've found that for non-gamers,  anything around the Pixel-3, Galaxy-S9 or iphone-8 is plenty fast for standard day to day use.",0,2025-05-26T00:16:49Z
